Fitter report for neorv32_tpu
Wed May 20 19:36:18 2026
Quartus Prime Version 21.1.0 Build 842 10/21/2021 SJ Lite Edition


---------------------
; Table of Contents ;
---------------------
  1. Legal Notice
  2. Fitter Summary
  3. Fitter Settings
  4. Parallel Compilation
  5. Fitter Netlist Optimizations
  6. Incremental Compilation Preservation Summary
  7. Incremental Compilation Partition Settings
  8. Incremental Compilation Placement Preservation
  9. Pin-Out File
 10. Fitter Resource Usage Summary
 11. Fitter Partition Statistics
 12. Input Pins
 13. Output Pins
 14. Bidir Pins
 15. Dual Purpose and Dedicated Pins
 16. I/O Bank Usage
 17. All Package Pins
 18. I/O Assignment Warnings
 19. Fitter Resource Utilization by Entity
 20. Delay Chain Summary
 21. Pad To Core Delay Chain Fanout
 22. Control Signals
 23. Global & Other Fast Signals
 24. Fitter RAM Summary
 25. |ax301_top|neorv32_top:neorv32_top_inst|neorv32_bootrom:\io_system:neorv32_bootrom_enabled:neorv32_boot_rom_inst|neorv32_bootrom_rom:bootrom_rom_inst|altsyncram:Mux26_rtl_0|altsyncram_ct01:auto_generated|ALTSYNCRAM
 26. Fitter DSP Block Usage Summary
 27. DSP Block Details
 28. Routing Usage Summary
 29. LAB Logic Elements
 30. LAB-wide Signals
 31. LAB Signals Sourced
 32. LAB Signals Sourced Out
 33. LAB Distinct Inputs
 34. I/O Rules Summary
 35. I/O Rules Details
 36. I/O Rules Matrix
 37. Fitter Device Options
 38. Operating Settings and Conditions
 39. Estimated Delay Added for Hold Timing Summary
 40. Estimated Delay Added for Hold Timing Details
 41. Fitter Messages
 42. Fitter Suppressed Messages



----------------
; Legal Notice ;
----------------
Copyright (C) 2021  Intel Corporation. All rights reserved.
Your use of Intel Corporation's design tools, logic functions 
and other software and tools, and any partner logic 
functions, and any output files from any of the foregoing 
(including device programming or simulation files), and any 
associated documentation or information are expressly subject 
to the terms and conditions of the Intel Program License 
Subscription Agreement, the Intel Quartus Prime License Agreement,
the Intel FPGA IP License Agreement, or other applicable license
agreement, including, without limitation, that your use is for
the sole purpose of programming logic devices manufactured by
Intel and sold by Intel or its authorized distributors.  Please
refer to the applicable agreement for further details, at
https://fpgasoftware.intel.com/eula.



+----------------------------------------------------------------------------------+
; Fitter Summary                                                                   ;
+------------------------------------+---------------------------------------------+
; Fitter Status                      ; Successful - Wed May 20 19:36:18 2026       ;
; Quartus Prime Version              ; 21.1.0 Build 842 10/21/2021 SJ Lite Edition ;
; Revision Name                      ; neorv32_tpu                                 ;
; Top-level Entity Name              ; ax301_top                                   ;
; Family                             ; Cyclone IV E                                ;
; Device                             ; EP4CE10F17C8                                ;
; Timing Models                      ; Final                                       ;
; Total logic elements               ; 5,431 / 10,320 ( 53 % )                     ;
;     Total combinational functions  ; 4,741 / 10,320 ( 46 % )                     ;
;     Dedicated logic registers      ; 3,032 / 10,320 ( 29 % )                     ;
; Total registers                    ; 3085                                        ;
; Total pins                         ; 51 / 180 ( 28 % )                           ;
; Total virtual pins                 ; 0                                           ;
; Total memory bits                  ; 166,912 / 423,936 ( 39 % )                  ;
; Embedded Multiplier 9-bit elements ; 15 / 46 ( 33 % )                            ;
; Total PLLs                         ; 0 / 2 ( 0 % )                               ;
+------------------------------------+---------------------------------------------+


+----------------------------------------------------------------------------------------------------------------------------------+
; Fitter Settings                                                                                                                  ;
+--------------------------------------------------------------------+---------------------+---------------------------------------+
; Option                                                             ; Setting             ; Default Value                         ;
+--------------------------------------------------------------------+---------------------+---------------------------------------+
; Device                                                             ; EP4CE10F17C8        ;                                       ;
; Maximum processors allowed for parallel compilation                ; All                 ;                                       ;
; Minimum Core Junction Temperature                                  ; 0                   ;                                       ;
; Maximum Core Junction Temperature                                  ; 85                  ;                                       ;
; Router Timing Optimization Level                                   ; MAXIMUM             ; Normal                                ;
; Placement Effort Multiplier                                        ; 4.0                 ; 1.0                                   ;
; Fit Attempts to Skip                                               ; 0                   ; 0.0                                   ;
; Device I/O Standard                                                ; 3.3-V LVTTL         ;                                       ;
; Perform Physical Synthesis for Combinational Logic for Performance ; On                  ; Off                                   ;
; Perform Register Retiming for Performance                          ; On                  ; Off                                   ;
; Fitter Effort                                                      ; Standard Fit        ; Auto Fit                              ;
; Physical Synthesis Effort Level                                    ; Extra               ; Normal                                ;
; Reserve all unused pins                                            ; As input tri-stated ; As input tri-stated with weak pull-up ;
; Use smart compilation                                              ; Off                 ; Off                                   ;
; Enable parallel Assembler and Timing Analyzer during compilation   ; On                  ; On                                    ;
; Enable compact report table                                        ; Off                 ; Off                                   ;
; Auto Merge PLLs                                                    ; On                  ; On                                    ;
; Perform Clocking Topology Analysis During Routing                  ; Off                 ; Off                                   ;
; Router Effort Multiplier                                           ; 1.0                 ; 1.0                                   ;
; Optimize Hold Timing                                               ; All Paths           ; All Paths                             ;
; Optimize Multi-Corner Timing                                       ; On                  ; On                                    ;
; Power Optimization During Fitting                                  ; Normal compilation  ; Normal compilation                    ;
; SSN Optimization                                                   ; Off                 ; Off                                   ;
; Optimize Timing                                                    ; Normal compilation  ; Normal compilation                    ;
; Optimize Timing for ECOs                                           ; Off                 ; Off                                   ;
; Regenerate Full Fit Report During ECO Compiles                     ; Off                 ; Off                                   ;
; Optimize IOC Register Placement for Timing                         ; Normal              ; Normal                                ;
; Limit to One Fitting Attempt                                       ; Off                 ; Off                                   ;
; Final Placement Optimizations                                      ; Automatically       ; Automatically                         ;
; Fitter Aggressive Routability Optimizations                        ; Automatically       ; Automatically                         ;
; Fitter Initial Placement Seed                                      ; 1                   ; 1                                     ;
; Periphery to Core Placement and Routing Optimization               ; Off                 ; Off                                   ;
; PCI I/O                                                            ; Off                 ; Off                                   ;
; Weak Pull-Up Resistor                                              ; Off                 ; Off                                   ;
; Enable Bus-Hold Circuitry                                          ; Off                 ; Off                                   ;
; Auto Packed Registers                                              ; Auto                ; Auto                                  ;
; Auto Delay Chains                                                  ; On                  ; On                                    ;
; Auto Delay Chains for High Fanout Input Pins                       ; Off                 ; Off                                   ;
; Allow Single-ended Buffer for Differential-XSTL Input              ; Off                 ; Off                                   ;
; Treat Bidirectional Pin as Output Pin                              ; Off                 ; Off                                   ;
; Perform Physical Synthesis for Combinational Logic for Fitting     ; Off                 ; Off                                   ;
; Perform Register Duplication for Performance                       ; Off                 ; Off                                   ;
; Perform Logic to Memory Mapping for Fitting                        ; Off                 ; Off                                   ;
; Perform Asynchronous Signal Pipelining                             ; Off                 ; Off                                   ;
; Logic Cell Insertion - Logic Duplication                           ; Auto                ; Auto                                  ;
; Auto Register Duplication                                          ; Auto                ; Auto                                  ;
; Auto Global Clock                                                  ; On                  ; On                                    ;
; Auto Global Register Control Signals                               ; On                  ; On                                    ;
; Synchronizer Identification                                        ; Auto                ; Auto                                  ;
; Enable Beneficial Skew Optimization                                ; On                  ; On                                    ;
; Optimize Design for Metastability                                  ; On                  ; On                                    ;
; Force Fitter to Avoid Periphery Placement Warnings                 ; Off                 ; Off                                   ;
; Enable input tri-state on active configuration pins in user mode   ; Off                 ; Off                                   ;
+--------------------------------------------------------------------+---------------------+---------------------------------------+


+------------------------------------------+
; Parallel Compilation                     ;
+----------------------------+-------------+
; Processors                 ; Number      ;
+----------------------------+-------------+
; Number detected on machine ; 20          ;
; Maximum allowed            ; 10          ;
;                            ;             ;
; Average used               ; 1.26        ;
; Maximum used               ; 10          ;
;                            ;             ;
; Usage by Processor         ; % Time Used ;
;     Processor 1            ; 100.0%      ;
;     Processor 2            ;   3.7%      ;
;     Processor 3            ;   3.2%      ;
;     Processor 4            ;   3.1%      ;
;     Processor 5            ;   2.9%      ;
;     Processor 6            ;   2.8%      ;
;     Processor 7            ;   2.7%      ;
;     Processor 8            ;   2.6%      ;
;     Processors 9-10        ;   2.4%      ;
+----------------------------+-------------+


+------------------------------------------------------------------------------------------------------------------------------------------------------------------------------------------------------------------------------------------------------------------------------------------------------------------------------------------------------------------------+
; Fitter Netlist Optimizations                                                                                                                                                                                                                                                                                                                                           ;
+----------------------------------------------------------------------------------------+-----------------+------------------+---------------------------------+-----------+----------------+--------------------------------------------------------------------------------------------------------------------------------+------------------+-----------------------+
; Node                                                                                   ; Action          ; Operation        ; Reason                          ; Node Port ; Node Port Name ; Destination Node                                                                                                               ; Destination Port ; Destination Port Name ;
+----------------------------------------------------------------------------------------+-----------------+------------------+---------------------------------+-----------+----------------+--------------------------------------------------------------------------------------------------------------------------------+------------------+-----------------------+
; wb_sdram_ctrl:wb_sdram_inst|sdram_ctrl:u_sdram|dq_out[0]                               ; Duplicated      ; Register Packing ; Fast Output Register assignment ; Q         ;                ; wb_sdram_ctrl:wb_sdram_inst|sdram_ctrl:u_sdram|dq_out[0]~_Duplicate_1                                                          ; Q                ;                       ;
; wb_sdram_ctrl:wb_sdram_inst|sdram_ctrl:u_sdram|dq_out[0]                               ; Packed Register ; Register Packing ; Fast Output Register assignment ; Q         ;                ; S_DB[0]~output                                                                                                                 ; I                ;                       ;
; wb_sdram_ctrl:wb_sdram_inst|sdram_ctrl:u_sdram|dq_out[0]~SLOAD_MUX                     ; Created         ; Register Packing ; Fast Output Register assignment ; COMBOUT   ;                ;                                                                                                                                ;                  ;                       ;
; wb_sdram_ctrl:wb_sdram_inst|sdram_ctrl:u_sdram|dq_out[1]                               ; Duplicated      ; Register Packing ; Fast Output Register assignment ; Q         ;                ; wb_sdram_ctrl:wb_sdram_inst|sdram_ctrl:u_sdram|dq_out[1]~_Duplicate_1                                                          ; Q                ;                       ;
; wb_sdram_ctrl:wb_sdram_inst|sdram_ctrl:u_sdram|dq_out[1]                               ; Packed Register ; Register Packing ; Fast Output Register assignment ; Q         ;                ; S_DB[1]~output                                                                                                                 ; I                ;                       ;
; wb_sdram_ctrl:wb_sdram_inst|sdram_ctrl:u_sdram|dq_out[1]~SLOAD_MUX                     ; Created         ; Register Packing ; Fast Output Register assignment ; COMBOUT   ;                ;                                                                                                                                ;                  ;                       ;
; wb_sdram_ctrl:wb_sdram_inst|sdram_ctrl:u_sdram|dq_out[2]                               ; Duplicated      ; Register Packing ; Fast Output Register assignment ; Q         ;                ; wb_sdram_ctrl:wb_sdram_inst|sdram_ctrl:u_sdram|dq_out[2]~_Duplicate_1                                                          ; Q                ;                       ;
; wb_sdram_ctrl:wb_sdram_inst|sdram_ctrl:u_sdram|dq_out[2]                               ; Packed Register ; Register Packing ; Fast Output Register assignment ; Q         ;                ; S_DB[2]~output                                                                                                                 ; I                ;                       ;
; wb_sdram_ctrl:wb_sdram_inst|sdram_ctrl:u_sdram|dq_out[2]~SLOAD_MUX                     ; Created         ; Register Packing ; Fast Output Register assignment ; COMBOUT   ;                ;                                                                                                                                ;                  ;                       ;
; wb_sdram_ctrl:wb_sdram_inst|sdram_ctrl:u_sdram|dq_out[3]                               ; Duplicated      ; Register Packing ; Fast Output Register assignment ; Q         ;                ; wb_sdram_ctrl:wb_sdram_inst|sdram_ctrl:u_sdram|dq_out[3]~_Duplicate_1                                                          ; Q                ;                       ;
; wb_sdram_ctrl:wb_sdram_inst|sdram_ctrl:u_sdram|dq_out[3]                               ; Packed Register ; Register Packing ; Fast Output Register assignment ; Q         ;                ; S_DB[3]~output                                                                                                                 ; I                ;                       ;
; wb_sdram_ctrl:wb_sdram_inst|sdram_ctrl:u_sdram|dq_out[3]~SLOAD_MUX                     ; Created         ; Register Packing ; Fast Output Register assignment ; COMBOUT   ;                ;                                                                                                                                ;                  ;                       ;
; wb_sdram_ctrl:wb_sdram_inst|sdram_ctrl:u_sdram|dq_out[4]                               ; Duplicated      ; Register Packing ; Fast Output Register assignment ; Q         ;                ; wb_sdram_ctrl:wb_sdram_inst|sdram_ctrl:u_sdram|dq_out[4]~_Duplicate_1                                                          ; Q                ;                       ;
; wb_sdram_ctrl:wb_sdram_inst|sdram_ctrl:u_sdram|dq_out[4]                               ; Packed Register ; Register Packing ; Fast Output Register assignment ; Q         ;                ; S_DB[4]~output                                                                                                                 ; I                ;                       ;
; wb_sdram_ctrl:wb_sdram_inst|sdram_ctrl:u_sdram|dq_out[4]~SLOAD_MUX                     ; Created         ; Register Packing ; Fast Output Register assignment ; COMBOUT   ;                ;                                                                                                                                ;                  ;                       ;
; wb_sdram_ctrl:wb_sdram_inst|sdram_ctrl:u_sdram|dq_out[5]                               ; Duplicated      ; Register Packing ; Fast Output Register assignment ; Q         ;                ; wb_sdram_ctrl:wb_sdram_inst|sdram_ctrl:u_sdram|dq_out[5]~_Duplicate_1                                                          ; Q                ;                       ;
; wb_sdram_ctrl:wb_sdram_inst|sdram_ctrl:u_sdram|dq_out[5]                               ; Packed Register ; Register Packing ; Fast Output Register assignment ; Q         ;                ; S_DB[5]~output                                                                                                                 ; I                ;                       ;
; wb_sdram_ctrl:wb_sdram_inst|sdram_ctrl:u_sdram|dq_out[5]~SLOAD_MUX                     ; Created         ; Register Packing ; Fast Output Register assignment ; COMBOUT   ;                ;                                                                                                                                ;                  ;                       ;
; wb_sdram_ctrl:wb_sdram_inst|sdram_ctrl:u_sdram|dq_out[6]                               ; Duplicated      ; Register Packing ; Fast Output Register assignment ; Q         ;                ; wb_sdram_ctrl:wb_sdram_inst|sdram_ctrl:u_sdram|dq_out[6]~_Duplicate_1                                                          ; Q                ;                       ;
; wb_sdram_ctrl:wb_sdram_inst|sdram_ctrl:u_sdram|dq_out[6]                               ; Packed Register ; Register Packing ; Fast Output Register assignment ; Q         ;                ; S_DB[6]~output                                                                                                                 ; I                ;                       ;
; wb_sdram_ctrl:wb_sdram_inst|sdram_ctrl:u_sdram|dq_out[6]~SLOAD_MUX                     ; Created         ; Register Packing ; Fast Output Register assignment ; COMBOUT   ;                ;                                                                                                                                ;                  ;                       ;
; wb_sdram_ctrl:wb_sdram_inst|sdram_ctrl:u_sdram|dq_out[7]                               ; Duplicated      ; Register Packing ; Fast Output Register assignment ; Q         ;                ; wb_sdram_ctrl:wb_sdram_inst|sdram_ctrl:u_sdram|dq_out[7]~_Duplicate_1                                                          ; Q                ;                       ;
; wb_sdram_ctrl:wb_sdram_inst|sdram_ctrl:u_sdram|dq_out[7]                               ; Packed Register ; Register Packing ; Fast Output Register assignment ; Q         ;                ; S_DB[7]~output                                                                                                                 ; I                ;                       ;
; wb_sdram_ctrl:wb_sdram_inst|sdram_ctrl:u_sdram|dq_out[7]~SLOAD_MUX                     ; Created         ; Register Packing ; Fast Output Register assignment ; COMBOUT   ;                ;                                                                                                                                ;                  ;                       ;
; wb_sdram_ctrl:wb_sdram_inst|sdram_ctrl:u_sdram|dq_out[8]                               ; Duplicated      ; Register Packing ; Fast Output Register assignment ; Q         ;                ; wb_sdram_ctrl:wb_sdram_inst|sdram_ctrl:u_sdram|dq_out[8]~_Duplicate_1                                                          ; Q                ;                       ;
; wb_sdram_ctrl:wb_sdram_inst|sdram_ctrl:u_sdram|dq_out[8]                               ; Packed Register ; Register Packing ; Fast Output Register assignment ; Q         ;                ; S_DB[8]~output                                                                                                                 ; I                ;                       ;
; wb_sdram_ctrl:wb_sdram_inst|sdram_ctrl:u_sdram|dq_out[8]~SLOAD_MUX                     ; Created         ; Register Packing ; Fast Output Register assignment ; COMBOUT   ;                ;                                                                                                                                ;                  ;                       ;
; wb_sdram_ctrl:wb_sdram_inst|sdram_ctrl:u_sdram|dq_out[9]                               ; Duplicated      ; Register Packing ; Fast Output Register assignment ; Q         ;                ; wb_sdram_ctrl:wb_sdram_inst|sdram_ctrl:u_sdram|dq_out[9]~_Duplicate_1                                                          ; Q                ;                       ;
; wb_sdram_ctrl:wb_sdram_inst|sdram_ctrl:u_sdram|dq_out[9]                               ; Packed Register ; Register Packing ; Fast Output Register assignment ; Q         ;                ; S_DB[9]~output                                                                                                                 ; I                ;                       ;
; wb_sdram_ctrl:wb_sdram_inst|sdram_ctrl:u_sdram|dq_out[9]~SLOAD_MUX                     ; Created         ; Register Packing ; Fast Output Register assignment ; COMBOUT   ;                ;                                                                                                                                ;                  ;                       ;
; wb_sdram_ctrl:wb_sdram_inst|sdram_ctrl:u_sdram|dq_out[10]                              ; Duplicated      ; Register Packing ; Fast Output Register assignment ; Q         ;                ; wb_sdram_ctrl:wb_sdram_inst|sdram_ctrl:u_sdram|dq_out[10]~_Duplicate_1                                                         ; Q                ;                       ;
; wb_sdram_ctrl:wb_sdram_inst|sdram_ctrl:u_sdram|dq_out[10]                              ; Packed Register ; Register Packing ; Fast Output Register assignment ; Q         ;                ; S_DB[10]~output                                                                                                                ; I                ;                       ;
; wb_sdram_ctrl:wb_sdram_inst|sdram_ctrl:u_sdram|dq_out[10]~SLOAD_MUX                    ; Created         ; Register Packing ; Fast Output Register assignment ; COMBOUT   ;                ;                                                                                                                                ;                  ;                       ;
; wb_sdram_ctrl:wb_sdram_inst|sdram_ctrl:u_sdram|dq_out[11]                              ; Duplicated      ; Register Packing ; Fast Output Register assignment ; Q         ;                ; wb_sdram_ctrl:wb_sdram_inst|sdram_ctrl:u_sdram|dq_out[11]~_Duplicate_1                                                         ; Q                ;                       ;
; wb_sdram_ctrl:wb_sdram_inst|sdram_ctrl:u_sdram|dq_out[11]                              ; Packed Register ; Register Packing ; Fast Output Register assignment ; Q         ;                ; S_DB[11]~output                                                                                                                ; I                ;                       ;
; wb_sdram_ctrl:wb_sdram_inst|sdram_ctrl:u_sdram|dq_out[11]~SLOAD_MUX                    ; Created         ; Register Packing ; Fast Output Register assignment ; COMBOUT   ;                ;                                                                                                                                ;                  ;                       ;
; wb_sdram_ctrl:wb_sdram_inst|sdram_ctrl:u_sdram|dq_out[12]                              ; Duplicated      ; Register Packing ; Fast Output Register assignment ; Q         ;                ; wb_sdram_ctrl:wb_sdram_inst|sdram_ctrl:u_sdram|dq_out[12]~_Duplicate_1                                                         ; Q                ;                       ;
; wb_sdram_ctrl:wb_sdram_inst|sdram_ctrl:u_sdram|dq_out[12]                              ; Packed Register ; Register Packing ; Fast Output Register assignment ; Q         ;                ; S_DB[12]~output                                                                                                                ; I                ;                       ;
; wb_sdram_ctrl:wb_sdram_inst|sdram_ctrl:u_sdram|dq_out[12]~SLOAD_MUX                    ; Created         ; Register Packing ; Fast Output Register assignment ; COMBOUT   ;                ;                                                                                                                                ;                  ;                       ;
; wb_sdram_ctrl:wb_sdram_inst|sdram_ctrl:u_sdram|dq_out[13]                              ; Duplicated      ; Register Packing ; Fast Output Register assignment ; Q         ;                ; wb_sdram_ctrl:wb_sdram_inst|sdram_ctrl:u_sdram|dq_out[13]~_Duplicate_1                                                         ; Q                ;                       ;
; wb_sdram_ctrl:wb_sdram_inst|sdram_ctrl:u_sdram|dq_out[13]                              ; Packed Register ; Register Packing ; Fast Output Register assignment ; Q         ;                ; S_DB[13]~output                                                                                                                ; I                ;                       ;
; wb_sdram_ctrl:wb_sdram_inst|sdram_ctrl:u_sdram|dq_out[13]~SLOAD_MUX                    ; Created         ; Register Packing ; Fast Output Register assignment ; COMBOUT   ;                ;                                                                                                                                ;                  ;                       ;
; wb_sdram_ctrl:wb_sdram_inst|sdram_ctrl:u_sdram|dq_out[14]                              ; Duplicated      ; Register Packing ; Fast Output Register assignment ; Q         ;                ; wb_sdram_ctrl:wb_sdram_inst|sdram_ctrl:u_sdram|dq_out[14]~_Duplicate_1                                                         ; Q                ;                       ;
; wb_sdram_ctrl:wb_sdram_inst|sdram_ctrl:u_sdram|dq_out[14]                              ; Packed Register ; Register Packing ; Fast Output Register assignment ; Q         ;                ; S_DB[14]~output                                                                                                                ; I                ;                       ;
; wb_sdram_ctrl:wb_sdram_inst|sdram_ctrl:u_sdram|dq_out[14]~SLOAD_MUX                    ; Created         ; Register Packing ; Fast Output Register assignment ; COMBOUT   ;                ;                                                                                                                                ;                  ;                       ;
; wb_sdram_ctrl:wb_sdram_inst|sdram_ctrl:u_sdram|dq_out[15]                              ; Duplicated      ; Register Packing ; Fast Output Register assignment ; Q         ;                ; wb_sdram_ctrl:wb_sdram_inst|sdram_ctrl:u_sdram|dq_out[15]~_Duplicate_1                                                         ; Q                ;                       ;
; wb_sdram_ctrl:wb_sdram_inst|sdram_ctrl:u_sdram|dq_out[15]                              ; Packed Register ; Register Packing ; Fast Output Register assignment ; Q         ;                ; S_DB[15]~output                                                                                                                ; I                ;                       ;
; wb_sdram_ctrl:wb_sdram_inst|sdram_ctrl:u_sdram|dq_out[15]~SLOAD_MUX                    ; Created         ; Register Packing ; Fast Output Register assignment ; COMBOUT   ;                ;                                                                                                                                ;                  ;                       ;
; wb_sdram_ctrl:wb_sdram_inst|sdram_ctrl:u_sdram|rdata[16]                               ; Packed Register ; Register Packing ; Timing optimization             ; Q         ;                ; S_DB[0]~input                                                                                                                  ; O                ;                       ;
; wb_sdram_ctrl:wb_sdram_inst|sdram_ctrl:u_sdram|rdata[17]                               ; Packed Register ; Register Packing ; Timing optimization             ; Q         ;                ; S_DB[1]~input                                                                                                                  ; O                ;                       ;
; wb_sdram_ctrl:wb_sdram_inst|sdram_ctrl:u_sdram|rdata[18]                               ; Packed Register ; Register Packing ; Timing optimization             ; Q         ;                ; S_DB[2]~input                                                                                                                  ; O                ;                       ;
; wb_sdram_ctrl:wb_sdram_inst|sdram_ctrl:u_sdram|rdata[19]                               ; Packed Register ; Register Packing ; Timing optimization             ; Q         ;                ; S_DB[3]~input                                                                                                                  ; O                ;                       ;
; wb_sdram_ctrl:wb_sdram_inst|sdram_ctrl:u_sdram|rdata[20]                               ; Packed Register ; Register Packing ; Timing optimization             ; Q         ;                ; S_DB[4]~input                                                                                                                  ; O                ;                       ;
; wb_sdram_ctrl:wb_sdram_inst|sdram_ctrl:u_sdram|rdata[21]                               ; Packed Register ; Register Packing ; Timing optimization             ; Q         ;                ; S_DB[5]~input                                                                                                                  ; O                ;                       ;
; wb_sdram_ctrl:wb_sdram_inst|sdram_ctrl:u_sdram|rdata[22]                               ; Packed Register ; Register Packing ; Timing optimization             ; Q         ;                ; S_DB[6]~input                                                                                                                  ; O                ;                       ;
; wb_sdram_ctrl:wb_sdram_inst|sdram_ctrl:u_sdram|rdata[23]                               ; Packed Register ; Register Packing ; Timing optimization             ; Q         ;                ; S_DB[7]~input                                                                                                                  ; O                ;                       ;
; wb_sdram_ctrl:wb_sdram_inst|sdram_ctrl:u_sdram|rdata[24]                               ; Packed Register ; Register Packing ; Timing optimization             ; Q         ;                ; S_DB[8]~input                                                                                                                  ; O                ;                       ;
; wb_sdram_ctrl:wb_sdram_inst|sdram_ctrl:u_sdram|rdata[25]                               ; Packed Register ; Register Packing ; Timing optimization             ; Q         ;                ; S_DB[9]~input                                                                                                                  ; O                ;                       ;
; wb_sdram_ctrl:wb_sdram_inst|sdram_ctrl:u_sdram|rdata[26]                               ; Packed Register ; Register Packing ; Timing optimization             ; Q         ;                ; S_DB[10]~input                                                                                                                 ; O                ;                       ;
; wb_sdram_ctrl:wb_sdram_inst|sdram_ctrl:u_sdram|rdata[27]                               ; Packed Register ; Register Packing ; Timing optimization             ; Q         ;                ; S_DB[11]~input                                                                                                                 ; O                ;                       ;
; wb_sdram_ctrl:wb_sdram_inst|sdram_ctrl:u_sdram|rdata[28]                               ; Packed Register ; Register Packing ; Timing optimization             ; Q         ;                ; S_DB[12]~input                                                                                                                 ; O                ;                       ;
; wb_sdram_ctrl:wb_sdram_inst|sdram_ctrl:u_sdram|rdata[29]                               ; Packed Register ; Register Packing ; Timing optimization             ; Q         ;                ; S_DB[13]~input                                                                                                                 ; O                ;                       ;
; wb_sdram_ctrl:wb_sdram_inst|sdram_ctrl:u_sdram|rdata[30]                               ; Packed Register ; Register Packing ; Timing optimization             ; Q         ;                ; S_DB[14]~input                                                                                                                 ; O                ;                       ;
; wb_sdram_ctrl:wb_sdram_inst|sdram_ctrl:u_sdram|rdata[31]                               ; Packed Register ; Register Packing ; Timing optimization             ; Q         ;                ; S_DB[15]~input                                                                                                                 ; O                ;                       ;
; wb_sdram_ctrl:wb_sdram_inst|sdram_ctrl:u_sdram|sdram_addr[0]                           ; Duplicated      ; Register Packing ; Fast Output Register assignment ; Q         ;                ; wb_sdram_ctrl:wb_sdram_inst|sdram_ctrl:u_sdram|sdram_addr[0]~_Duplicate_1                                                      ; Q                ;                       ;
; wb_sdram_ctrl:wb_sdram_inst|sdram_ctrl:u_sdram|sdram_addr[0]                           ; Packed Register ; Register Packing ; Fast Output Register assignment ; Q         ;                ; S_A[0]~output                                                                                                                  ; I                ;                       ;
; wb_sdram_ctrl:wb_sdram_inst|sdram_ctrl:u_sdram|sdram_addr[1]                           ; Packed Register ; Register Packing ; Fast Output Register assignment ; Q         ;                ; S_A[1]~output                                                                                                                  ; I                ;                       ;
; wb_sdram_ctrl:wb_sdram_inst|sdram_ctrl:u_sdram|sdram_addr[1]~SLOAD_MUX                 ; Created         ; Register Packing ; Fast Output Register assignment ; COMBOUT   ;                ;                                                                                                                                ;                  ;                       ;
; wb_sdram_ctrl:wb_sdram_inst|sdram_ctrl:u_sdram|sdram_addr[2]                           ; Packed Register ; Register Packing ; Fast Output Register assignment ; Q         ;                ; S_A[2]~output                                                                                                                  ; I                ;                       ;
; wb_sdram_ctrl:wb_sdram_inst|sdram_ctrl:u_sdram|sdram_addr[2]~SLOAD_MUX                 ; Created         ; Register Packing ; Fast Output Register assignment ; COMBOUT   ;                ;                                                                                                                                ;                  ;                       ;
; wb_sdram_ctrl:wb_sdram_inst|sdram_ctrl:u_sdram|sdram_addr[3]                           ; Packed Register ; Register Packing ; Fast Output Register assignment ; Q         ;                ; S_A[3]~output                                                                                                                  ; I                ;                       ;
; wb_sdram_ctrl:wb_sdram_inst|sdram_ctrl:u_sdram|sdram_addr[3]~SLOAD_MUX                 ; Created         ; Register Packing ; Fast Output Register assignment ; COMBOUT   ;                ;                                                                                                                                ;                  ;                       ;
; wb_sdram_ctrl:wb_sdram_inst|sdram_ctrl:u_sdram|sdram_addr[4]                           ; Packed Register ; Register Packing ; Fast Output Register assignment ; Q         ;                ; S_A[4]~output                                                                                                                  ; I                ;                       ;
; wb_sdram_ctrl:wb_sdram_inst|sdram_ctrl:u_sdram|sdram_addr[4]~SLOAD_MUX                 ; Created         ; Register Packing ; Fast Output Register assignment ; COMBOUT   ;                ;                                                                                                                                ;                  ;                       ;
; wb_sdram_ctrl:wb_sdram_inst|sdram_ctrl:u_sdram|sdram_addr[5]                           ; Packed Register ; Register Packing ; Fast Output Register assignment ; Q         ;                ; S_A[5]~output                                                                                                                  ; I                ;                       ;
; wb_sdram_ctrl:wb_sdram_inst|sdram_ctrl:u_sdram|sdram_addr[5]~SLOAD_MUX                 ; Created         ; Register Packing ; Fast Output Register assignment ; COMBOUT   ;                ;                                                                                                                                ;                  ;                       ;
; wb_sdram_ctrl:wb_sdram_inst|sdram_ctrl:u_sdram|sdram_addr[6]                           ; Packed Register ; Register Packing ; Fast Output Register assignment ; Q         ;                ; S_A[6]~output                                                                                                                  ; I                ;                       ;
; wb_sdram_ctrl:wb_sdram_inst|sdram_ctrl:u_sdram|sdram_addr[6]~SLOAD_MUX                 ; Created         ; Register Packing ; Fast Output Register assignment ; COMBOUT   ;                ;                                                                                                                                ;                  ;                       ;
; wb_sdram_ctrl:wb_sdram_inst|sdram_ctrl:u_sdram|sdram_addr[7]                           ; Packed Register ; Register Packing ; Fast Output Register assignment ; Q         ;                ; S_A[7]~output                                                                                                                  ; I                ;                       ;
; wb_sdram_ctrl:wb_sdram_inst|sdram_ctrl:u_sdram|sdram_addr[7]~SLOAD_MUX                 ; Created         ; Register Packing ; Fast Output Register assignment ; COMBOUT   ;                ;                                                                                                                                ;                  ;                       ;
; wb_sdram_ctrl:wb_sdram_inst|sdram_ctrl:u_sdram|sdram_addr[8]                           ; Packed Register ; Register Packing ; Fast Output Register assignment ; Q         ;                ; S_A[8]~output                                                                                                                  ; I                ;                       ;
; wb_sdram_ctrl:wb_sdram_inst|sdram_ctrl:u_sdram|sdram_addr[8]~SLOAD_MUX                 ; Created         ; Register Packing ; Fast Output Register assignment ; COMBOUT   ;                ;                                                                                                                                ;                  ;                       ;
; wb_sdram_ctrl:wb_sdram_inst|sdram_ctrl:u_sdram|sdram_addr[9]                           ; Duplicated      ; Register Packing ; Fast Output Register assignment ; Q         ;                ; wb_sdram_ctrl:wb_sdram_inst|sdram_ctrl:u_sdram|sdram_addr[9]~_Duplicate_1                                                      ; Q                ;                       ;
; wb_sdram_ctrl:wb_sdram_inst|sdram_ctrl:u_sdram|sdram_addr[9]                           ; Packed Register ; Register Packing ; Fast Output Register assignment ; Q         ;                ; S_A[9]~output                                                                                                                  ; I                ;                       ;
; wb_sdram_ctrl:wb_sdram_inst|sdram_ctrl:u_sdram|sdram_addr[10]                          ; Duplicated      ; Register Packing ; Fast Output Register assignment ; Q         ;                ; wb_sdram_ctrl:wb_sdram_inst|sdram_ctrl:u_sdram|sdram_addr[10]~_Duplicate_1                                                     ; Q                ;                       ;
; wb_sdram_ctrl:wb_sdram_inst|sdram_ctrl:u_sdram|sdram_addr[10]                          ; Packed Register ; Register Packing ; Fast Output Register assignment ; Q         ;                ; S_A[10]~output                                                                                                                 ; I                ;                       ;
; wb_sdram_ctrl:wb_sdram_inst|sdram_ctrl:u_sdram|sdram_addr[11]                          ; Duplicated      ; Register Packing ; Fast Output Register assignment ; Q         ;                ; wb_sdram_ctrl:wb_sdram_inst|sdram_ctrl:u_sdram|sdram_addr[11]~_Duplicate_1                                                     ; Q                ;                       ;
; wb_sdram_ctrl:wb_sdram_inst|sdram_ctrl:u_sdram|sdram_addr[11]                          ; Packed Register ; Register Packing ; Fast Output Register assignment ; Q         ;                ; S_A[11]~output                                                                                                                 ; I                ;                       ;
; wb_sdram_ctrl:wb_sdram_inst|sdram_ctrl:u_sdram|sdram_addr[12]                          ; Duplicated      ; Register Packing ; Fast Output Register assignment ; Q         ;                ; wb_sdram_ctrl:wb_sdram_inst|sdram_ctrl:u_sdram|sdram_addr[12]~_Duplicate_1                                                     ; Q                ;                       ;
; wb_sdram_ctrl:wb_sdram_inst|sdram_ctrl:u_sdram|sdram_addr[12]                          ; Packed Register ; Register Packing ; Fast Output Register assignment ; Q         ;                ; S_A[12]~output                                                                                                                 ; I                ;                       ;
; wb_sdram_ctrl:wb_sdram_inst|sdram_ctrl:u_sdram|sdram_ba[0]                             ; Duplicated      ; Register Packing ; Fast Output Register assignment ; Q         ;                ; wb_sdram_ctrl:wb_sdram_inst|sdram_ctrl:u_sdram|sdram_ba[0]~_Duplicate_1                                                        ; Q                ;                       ;
; wb_sdram_ctrl:wb_sdram_inst|sdram_ctrl:u_sdram|sdram_ba[0]                             ; Packed Register ; Register Packing ; Fast Output Register assignment ; Q         ;                ; S_BA[0]~output                                                                                                                 ; I                ;                       ;
; wb_sdram_ctrl:wb_sdram_inst|sdram_ctrl:u_sdram|sdram_ba[1]                             ; Duplicated      ; Register Packing ; Fast Output Register assignment ; Q         ;                ; wb_sdram_ctrl:wb_sdram_inst|sdram_ctrl:u_sdram|sdram_ba[1]~_Duplicate_1                                                        ; Q                ;                       ;
; wb_sdram_ctrl:wb_sdram_inst|sdram_ctrl:u_sdram|sdram_ba[1]                             ; Packed Register ; Register Packing ; Fast Output Register assignment ; Q         ;                ; S_BA[1]~output                                                                                                                 ; I                ;                       ;
; wb_sdram_ctrl:wb_sdram_inst|sdram_ctrl:u_sdram|sdram_cas_n                             ; Packed Register ; Register Packing ; Fast Output Register assignment ; Q         ;                ; S_NCAS~output                                                                                                                  ; I                ;                       ;
; wb_sdram_ctrl:wb_sdram_inst|sdram_ctrl:u_sdram|sdram_cas_n                             ; Inverted        ; Register Packing ; Fast Output Register assignment ; Q         ;                ;                                                                                                                                ;                  ;                       ;
; wb_sdram_ctrl:wb_sdram_inst|sdram_ctrl:u_sdram|sdram_cs_n                              ; Packed Register ; Register Packing ; Fast Output Register assignment ; Q         ;                ; S_NCS~output                                                                                                                   ; I                ;                       ;
; wb_sdram_ctrl:wb_sdram_inst|sdram_ctrl:u_sdram|sdram_cs_n                              ; Inverted        ; Register Packing ; Fast Output Register assignment ; Q         ;                ;                                                                                                                                ;                  ;                       ;
; wb_sdram_ctrl:wb_sdram_inst|sdram_ctrl:u_sdram|sdram_dqm[0]                            ; Packed Register ; Register Packing ; Fast Output Register assignment ; Q         ;                ; S_DQM[0]~output                                                                                                                ; I                ;                       ;
; wb_sdram_ctrl:wb_sdram_inst|sdram_ctrl:u_sdram|sdram_dqm[0]~SLOAD_MUX                  ; Created         ; Register Packing ; Fast Output Register assignment ; COMBOUT   ;                ;                                                                                                                                ;                  ;                       ;
; wb_sdram_ctrl:wb_sdram_inst|sdram_ctrl:u_sdram|sdram_dqm[1]                            ; Packed Register ; Register Packing ; Fast Output Register assignment ; Q         ;                ; S_DQM[1]~output                                                                                                                ; I                ;                       ;
; wb_sdram_ctrl:wb_sdram_inst|sdram_ctrl:u_sdram|sdram_dqm[1]~SLOAD_MUX                  ; Created         ; Register Packing ; Fast Output Register assignment ; COMBOUT   ;                ;                                                                                                                                ;                  ;                       ;
; wb_sdram_ctrl:wb_sdram_inst|sdram_ctrl:u_sdram|sdram_ras_n                             ; Packed Register ; Register Packing ; Fast Output Register assignment ; Q         ;                ; S_NRAS~output                                                                                                                  ; I                ;                       ;
; wb_sdram_ctrl:wb_sdram_inst|sdram_ctrl:u_sdram|sdram_ras_n                             ; Inverted        ; Register Packing ; Fast Output Register assignment ; Q         ;                ;                                                                                                                                ;                  ;                       ;
; wb_sdram_ctrl:wb_sdram_inst|sdram_ctrl:u_sdram|sdram_we_n                              ; Packed Register ; Register Packing ; Fast Output Register assignment ; Q         ;                ; S_NWE~output                                                                                                                   ; I                ;                       ;
; wb_sdram_ctrl:wb_sdram_inst|sdram_ctrl:u_sdram|sdram_we_n                              ; Inverted        ; Register Packing ; Fast Output Register assignment ; Q         ;                ;                                                                                                                                ;                  ;                       ;
; wb_tpu_accel:wb_tpu_inst|tpu_accel:u_tpu|systolic_array_4x4:sa_inst|pe:pe_0_0|w_reg[0] ; Packed Register ; Register Packing ; Timing optimization             ; Q         ;                ; wb_tpu_accel:wb_tpu_inst|tpu_accel:u_tpu|systolic_array_4x4:sa_inst|pe:pe_0_0|lpm_mult:Mult0|mult_73t:auto_generated|mac_mult1 ; DATAA            ;                       ;
; wb_tpu_accel:wb_tpu_inst|tpu_accel:u_tpu|systolic_array_4x4:sa_inst|pe:pe_0_0|w_reg[1] ; Packed Register ; Register Packing ; Timing optimization             ; Q         ;                ; wb_tpu_accel:wb_tpu_inst|tpu_accel:u_tpu|systolic_array_4x4:sa_inst|pe:pe_0_0|lpm_mult:Mult0|mult_73t:auto_generated|mac_mult1 ; DATAA            ;                       ;
; wb_tpu_accel:wb_tpu_inst|tpu_accel:u_tpu|systolic_array_4x4:sa_inst|pe:pe_0_0|w_reg[2] ; Packed Register ; Register Packing ; Timing optimization             ; Q         ;                ; wb_tpu_accel:wb_tpu_inst|tpu_accel:u_tpu|systolic_array_4x4:sa_inst|pe:pe_0_0|lpm_mult:Mult0|mult_73t:auto_generated|mac_mult1 ; DATAA            ;                       ;
; wb_tpu_accel:wb_tpu_inst|tpu_accel:u_tpu|systolic_array_4x4:sa_inst|pe:pe_0_0|w_reg[3] ; Packed Register ; Register Packing ; Timing optimization             ; Q         ;                ; wb_tpu_accel:wb_tpu_inst|tpu_accel:u_tpu|systolic_array_4x4:sa_inst|pe:pe_0_0|lpm_mult:Mult0|mult_73t:auto_generated|mac_mult1 ; DATAA            ;                       ;
; wb_tpu_accel:wb_tpu_inst|tpu_accel:u_tpu|systolic_array_4x4:sa_inst|pe:pe_0_0|w_reg[4] ; Packed Register ; Register Packing ; Timing optimization             ; Q         ;                ; wb_tpu_accel:wb_tpu_inst|tpu_accel:u_tpu|systolic_array_4x4:sa_inst|pe:pe_0_0|lpm_mult:Mult0|mult_73t:auto_generated|mac_mult1 ; DATAA            ;                       ;
; wb_tpu_accel:wb_tpu_inst|tpu_accel:u_tpu|systolic_array_4x4:sa_inst|pe:pe_0_0|w_reg[5] ; Packed Register ; Register Packing ; Timing optimization             ; Q         ;                ; wb_tpu_accel:wb_tpu_inst|tpu_accel:u_tpu|systolic_array_4x4:sa_inst|pe:pe_0_0|lpm_mult:Mult0|mult_73t:auto_generated|mac_mult1 ; DATAA            ;                       ;
; wb_tpu_accel:wb_tpu_inst|tpu_accel:u_tpu|systolic_array_4x4:sa_inst|pe:pe_0_0|w_reg[6] ; Packed Register ; Register Packing ; Timing optimization             ; Q         ;                ; wb_tpu_accel:wb_tpu_inst|tpu_accel:u_tpu|systolic_array_4x4:sa_inst|pe:pe_0_0|lpm_mult:Mult0|mult_73t:auto_generated|mac_mult1 ; DATAA            ;                       ;
; wb_tpu_accel:wb_tpu_inst|tpu_accel:u_tpu|systolic_array_4x4:sa_inst|pe:pe_0_0|w_reg[7] ; Packed Register ; Register Packing ; Timing optimization             ; Q         ;                ; wb_tpu_accel:wb_tpu_inst|tpu_accel:u_tpu|systolic_array_4x4:sa_inst|pe:pe_0_0|lpm_mult:Mult0|mult_73t:auto_generated|mac_mult1 ; DATAA            ;                       ;
; wb_tpu_accel:wb_tpu_inst|tpu_accel:u_tpu|systolic_array_4x4:sa_inst|pe:pe_0_1|w_reg[0] ; Packed Register ; Register Packing ; Timing optimization             ; Q         ;                ; wb_tpu_accel:wb_tpu_inst|tpu_accel:u_tpu|systolic_array_4x4:sa_inst|pe:pe_0_1|lpm_mult:Mult0|mult_73t:auto_generated|mac_mult1 ; DATAA            ;                       ;
; wb_tpu_accel:wb_tpu_inst|tpu_accel:u_tpu|systolic_array_4x4:sa_inst|pe:pe_0_1|w_reg[1] ; Packed Register ; Register Packing ; Timing optimization             ; Q         ;                ; wb_tpu_accel:wb_tpu_inst|tpu_accel:u_tpu|systolic_array_4x4:sa_inst|pe:pe_0_1|lpm_mult:Mult0|mult_73t:auto_generated|mac_mult1 ; DATAA            ;                       ;
; wb_tpu_accel:wb_tpu_inst|tpu_accel:u_tpu|systolic_array_4x4:sa_inst|pe:pe_0_1|w_reg[2] ; Packed Register ; Register Packing ; Timing optimization             ; Q         ;                ; wb_tpu_accel:wb_tpu_inst|tpu_accel:u_tpu|systolic_array_4x4:sa_inst|pe:pe_0_1|lpm_mult:Mult0|mult_73t:auto_generated|mac_mult1 ; DATAA            ;                       ;
; wb_tpu_accel:wb_tpu_inst|tpu_accel:u_tpu|systolic_array_4x4:sa_inst|pe:pe_0_1|w_reg[3] ; Packed Register ; Register Packing ; Timing optimization             ; Q         ;                ; wb_tpu_accel:wb_tpu_inst|tpu_accel:u_tpu|systolic_array_4x4:sa_inst|pe:pe_0_1|lpm_mult:Mult0|mult_73t:auto_generated|mac_mult1 ; DATAA            ;                       ;
; wb_tpu_accel:wb_tpu_inst|tpu_accel:u_tpu|systolic_array_4x4:sa_inst|pe:pe_0_1|w_reg[4] ; Packed Register ; Register Packing ; Timing optimization             ; Q         ;                ; wb_tpu_accel:wb_tpu_inst|tpu_accel:u_tpu|systolic_array_4x4:sa_inst|pe:pe_0_1|lpm_mult:Mult0|mult_73t:auto_generated|mac_mult1 ; DATAA            ;                       ;
; wb_tpu_accel:wb_tpu_inst|tpu_accel:u_tpu|systolic_array_4x4:sa_inst|pe:pe_0_1|w_reg[5] ; Packed Register ; Register Packing ; Timing optimization             ; Q         ;                ; wb_tpu_accel:wb_tpu_inst|tpu_accel:u_tpu|systolic_array_4x4:sa_inst|pe:pe_0_1|lpm_mult:Mult0|mult_73t:auto_generated|mac_mult1 ; DATAA            ;                       ;
; wb_tpu_accel:wb_tpu_inst|tpu_accel:u_tpu|systolic_array_4x4:sa_inst|pe:pe_0_1|w_reg[6] ; Packed Register ; Register Packing ; Timing optimization             ; Q         ;                ; wb_tpu_accel:wb_tpu_inst|tpu_accel:u_tpu|systolic_array_4x4:sa_inst|pe:pe_0_1|lpm_mult:Mult0|mult_73t:auto_generated|mac_mult1 ; DATAA            ;                       ;
; wb_tpu_accel:wb_tpu_inst|tpu_accel:u_tpu|systolic_array_4x4:sa_inst|pe:pe_0_1|w_reg[7] ; Packed Register ; Register Packing ; Timing optimization             ; Q         ;                ; wb_tpu_accel:wb_tpu_inst|tpu_accel:u_tpu|systolic_array_4x4:sa_inst|pe:pe_0_1|lpm_mult:Mult0|mult_73t:auto_generated|mac_mult1 ; DATAA            ;                       ;
; wb_tpu_accel:wb_tpu_inst|tpu_accel:u_tpu|systolic_array_4x4:sa_inst|pe:pe_0_2|w_reg[0] ; Packed Register ; Register Packing ; Timing optimization             ; Q         ;                ; wb_tpu_accel:wb_tpu_inst|tpu_accel:u_tpu|systolic_array_4x4:sa_inst|pe:pe_0_2|lpm_mult:Mult0|mult_73t:auto_generated|mac_mult1 ; DATAA            ;                       ;
; wb_tpu_accel:wb_tpu_inst|tpu_accel:u_tpu|systolic_array_4x4:sa_inst|pe:pe_0_2|w_reg[1] ; Packed Register ; Register Packing ; Timing optimization             ; Q         ;                ; wb_tpu_accel:wb_tpu_inst|tpu_accel:u_tpu|systolic_array_4x4:sa_inst|pe:pe_0_2|lpm_mult:Mult0|mult_73t:auto_generated|mac_mult1 ; DATAA            ;                       ;
; wb_tpu_accel:wb_tpu_inst|tpu_accel:u_tpu|systolic_array_4x4:sa_inst|pe:pe_0_2|w_reg[2] ; Packed Register ; Register Packing ; Timing optimization             ; Q         ;                ; wb_tpu_accel:wb_tpu_inst|tpu_accel:u_tpu|systolic_array_4x4:sa_inst|pe:pe_0_2|lpm_mult:Mult0|mult_73t:auto_generated|mac_mult1 ; DATAA            ;                       ;
; wb_tpu_accel:wb_tpu_inst|tpu_accel:u_tpu|systolic_array_4x4:sa_inst|pe:pe_0_2|w_reg[3] ; Packed Register ; Register Packing ; Timing optimization             ; Q         ;                ; wb_tpu_accel:wb_tpu_inst|tpu_accel:u_tpu|systolic_array_4x4:sa_inst|pe:pe_0_2|lpm_mult:Mult0|mult_73t:auto_generated|mac_mult1 ; DATAA            ;                       ;
; wb_tpu_accel:wb_tpu_inst|tpu_accel:u_tpu|systolic_array_4x4:sa_inst|pe:pe_0_2|w_reg[4] ; Packed Register ; Register Packing ; Timing optimization             ; Q         ;                ; wb_tpu_accel:wb_tpu_inst|tpu_accel:u_tpu|systolic_array_4x4:sa_inst|pe:pe_0_2|lpm_mult:Mult0|mult_73t:auto_generated|mac_mult1 ; DATAA            ;                       ;
; wb_tpu_accel:wb_tpu_inst|tpu_accel:u_tpu|systolic_array_4x4:sa_inst|pe:pe_0_2|w_reg[5] ; Packed Register ; Register Packing ; Timing optimization             ; Q         ;                ; wb_tpu_accel:wb_tpu_inst|tpu_accel:u_tpu|systolic_array_4x4:sa_inst|pe:pe_0_2|lpm_mult:Mult0|mult_73t:auto_generated|mac_mult1 ; DATAA            ;                       ;
; wb_tpu_accel:wb_tpu_inst|tpu_accel:u_tpu|systolic_array_4x4:sa_inst|pe:pe_0_2|w_reg[6] ; Packed Register ; Register Packing ; Timing optimization             ; Q         ;                ; wb_tpu_accel:wb_tpu_inst|tpu_accel:u_tpu|systolic_array_4x4:sa_inst|pe:pe_0_2|lpm_mult:Mult0|mult_73t:auto_generated|mac_mult1 ; DATAA            ;                       ;
; wb_tpu_accel:wb_tpu_inst|tpu_accel:u_tpu|systolic_array_4x4:sa_inst|pe:pe_0_2|w_reg[7] ; Packed Register ; Register Packing ; Timing optimization             ; Q         ;                ; wb_tpu_accel:wb_tpu_inst|tpu_accel:u_tpu|systolic_array_4x4:sa_inst|pe:pe_0_2|lpm_mult:Mult0|mult_73t:auto_generated|mac_mult1 ; DATAA            ;                       ;
; wb_tpu_accel:wb_tpu_inst|tpu_accel:u_tpu|systolic_array_4x4:sa_inst|pe:pe_0_3|w_reg[0] ; Packed Register ; Register Packing ; Timing optimization             ; Q         ;                ; wb_tpu_accel:wb_tpu_inst|tpu_accel:u_tpu|systolic_array_4x4:sa_inst|pe:pe_0_3|lpm_mult:Mult0|mult_73t:auto_generated|mac_mult1 ; DATAA            ;                       ;
; wb_tpu_accel:wb_tpu_inst|tpu_accel:u_tpu|systolic_array_4x4:sa_inst|pe:pe_0_3|w_reg[1] ; Packed Register ; Register Packing ; Timing optimization             ; Q         ;                ; wb_tpu_accel:wb_tpu_inst|tpu_accel:u_tpu|systolic_array_4x4:sa_inst|pe:pe_0_3|lpm_mult:Mult0|mult_73t:auto_generated|mac_mult1 ; DATAA            ;                       ;
; wb_tpu_accel:wb_tpu_inst|tpu_accel:u_tpu|systolic_array_4x4:sa_inst|pe:pe_0_3|w_reg[2] ; Packed Register ; Register Packing ; Timing optimization             ; Q         ;                ; wb_tpu_accel:wb_tpu_inst|tpu_accel:u_tpu|systolic_array_4x4:sa_inst|pe:pe_0_3|lpm_mult:Mult0|mult_73t:auto_generated|mac_mult1 ; DATAA            ;                       ;
; wb_tpu_accel:wb_tpu_inst|tpu_accel:u_tpu|systolic_array_4x4:sa_inst|pe:pe_0_3|w_reg[3] ; Packed Register ; Register Packing ; Timing optimization             ; Q         ;                ; wb_tpu_accel:wb_tpu_inst|tpu_accel:u_tpu|systolic_array_4x4:sa_inst|pe:pe_0_3|lpm_mult:Mult0|mult_73t:auto_generated|mac_mult1 ; DATAA            ;                       ;
; wb_tpu_accel:wb_tpu_inst|tpu_accel:u_tpu|systolic_array_4x4:sa_inst|pe:pe_0_3|w_reg[4] ; Packed Register ; Register Packing ; Timing optimization             ; Q         ;                ; wb_tpu_accel:wb_tpu_inst|tpu_accel:u_tpu|systolic_array_4x4:sa_inst|pe:pe_0_3|lpm_mult:Mult0|mult_73t:auto_generated|mac_mult1 ; DATAA            ;                       ;
; wb_tpu_accel:wb_tpu_inst|tpu_accel:u_tpu|systolic_array_4x4:sa_inst|pe:pe_0_3|w_reg[5] ; Packed Register ; Register Packing ; Timing optimization             ; Q         ;                ; wb_tpu_accel:wb_tpu_inst|tpu_accel:u_tpu|systolic_array_4x4:sa_inst|pe:pe_0_3|lpm_mult:Mult0|mult_73t:auto_generated|mac_mult1 ; DATAA            ;                       ;
; wb_tpu_accel:wb_tpu_inst|tpu_accel:u_tpu|systolic_array_4x4:sa_inst|pe:pe_0_3|w_reg[6] ; Packed Register ; Register Packing ; Timing optimization             ; Q         ;                ; wb_tpu_accel:wb_tpu_inst|tpu_accel:u_tpu|systolic_array_4x4:sa_inst|pe:pe_0_3|lpm_mult:Mult0|mult_73t:auto_generated|mac_mult1 ; DATAA            ;                       ;
; wb_tpu_accel:wb_tpu_inst|tpu_accel:u_tpu|systolic_array_4x4:sa_inst|pe:pe_0_3|w_reg[7] ; Packed Register ; Register Packing ; Timing optimization             ; Q         ;                ; wb_tpu_accel:wb_tpu_inst|tpu_accel:u_tpu|systolic_array_4x4:sa_inst|pe:pe_0_3|lpm_mult:Mult0|mult_73t:auto_generated|mac_mult1 ; DATAA            ;                       ;
; wb_tpu_accel:wb_tpu_inst|tpu_accel:u_tpu|systolic_array_4x4:sa_inst|pe:pe_1_0|w_reg[0] ; Packed Register ; Register Packing ; Timing optimization             ; Q         ;                ; wb_tpu_accel:wb_tpu_inst|tpu_accel:u_tpu|systolic_array_4x4:sa_inst|pe:pe_1_0|lpm_mult:Mult0|mult_73t:auto_generated|mac_mult1 ; DATAA            ;                       ;
; wb_tpu_accel:wb_tpu_inst|tpu_accel:u_tpu|systolic_array_4x4:sa_inst|pe:pe_1_0|w_reg[1] ; Packed Register ; Register Packing ; Timing optimization             ; Q         ;                ; wb_tpu_accel:wb_tpu_inst|tpu_accel:u_tpu|systolic_array_4x4:sa_inst|pe:pe_1_0|lpm_mult:Mult0|mult_73t:auto_generated|mac_mult1 ; DATAA            ;                       ;
; wb_tpu_accel:wb_tpu_inst|tpu_accel:u_tpu|systolic_array_4x4:sa_inst|pe:pe_1_0|w_reg[2] ; Packed Register ; Register Packing ; Timing optimization             ; Q         ;                ; wb_tpu_accel:wb_tpu_inst|tpu_accel:u_tpu|systolic_array_4x4:sa_inst|pe:pe_1_0|lpm_mult:Mult0|mult_73t:auto_generated|mac_mult1 ; DATAA            ;                       ;
; wb_tpu_accel:wb_tpu_inst|tpu_accel:u_tpu|systolic_array_4x4:sa_inst|pe:pe_1_0|w_reg[3] ; Packed Register ; Register Packing ; Timing optimization             ; Q         ;                ; wb_tpu_accel:wb_tpu_inst|tpu_accel:u_tpu|systolic_array_4x4:sa_inst|pe:pe_1_0|lpm_mult:Mult0|mult_73t:auto_generated|mac_mult1 ; DATAA            ;                       ;
; wb_tpu_accel:wb_tpu_inst|tpu_accel:u_tpu|systolic_array_4x4:sa_inst|pe:pe_1_0|w_reg[4] ; Packed Register ; Register Packing ; Timing optimization             ; Q         ;                ; wb_tpu_accel:wb_tpu_inst|tpu_accel:u_tpu|systolic_array_4x4:sa_inst|pe:pe_1_0|lpm_mult:Mult0|mult_73t:auto_generated|mac_mult1 ; DATAA            ;                       ;
; wb_tpu_accel:wb_tpu_inst|tpu_accel:u_tpu|systolic_array_4x4:sa_inst|pe:pe_1_0|w_reg[5] ; Packed Register ; Register Packing ; Timing optimization             ; Q         ;                ; wb_tpu_accel:wb_tpu_inst|tpu_accel:u_tpu|systolic_array_4x4:sa_inst|pe:pe_1_0|lpm_mult:Mult0|mult_73t:auto_generated|mac_mult1 ; DATAA            ;                       ;
; wb_tpu_accel:wb_tpu_inst|tpu_accel:u_tpu|systolic_array_4x4:sa_inst|pe:pe_1_0|w_reg[6] ; Packed Register ; Register Packing ; Timing optimization             ; Q         ;                ; wb_tpu_accel:wb_tpu_inst|tpu_accel:u_tpu|systolic_array_4x4:sa_inst|pe:pe_1_0|lpm_mult:Mult0|mult_73t:auto_generated|mac_mult1 ; DATAA            ;                       ;
; wb_tpu_accel:wb_tpu_inst|tpu_accel:u_tpu|systolic_array_4x4:sa_inst|pe:pe_1_0|w_reg[7] ; Packed Register ; Register Packing ; Timing optimization             ; Q         ;                ; wb_tpu_accel:wb_tpu_inst|tpu_accel:u_tpu|systolic_array_4x4:sa_inst|pe:pe_1_0|lpm_mult:Mult0|mult_73t:auto_generated|mac_mult1 ; DATAA            ;                       ;
; wb_tpu_accel:wb_tpu_inst|tpu_accel:u_tpu|systolic_array_4x4:sa_inst|pe:pe_1_1|w_reg[0] ; Packed Register ; Register Packing ; Timing optimization             ; Q         ;                ; wb_tpu_accel:wb_tpu_inst|tpu_accel:u_tpu|systolic_array_4x4:sa_inst|pe:pe_1_1|lpm_mult:Mult0|mult_73t:auto_generated|mac_mult1 ; DATAA            ;                       ;
; wb_tpu_accel:wb_tpu_inst|tpu_accel:u_tpu|systolic_array_4x4:sa_inst|pe:pe_1_1|w_reg[1] ; Packed Register ; Register Packing ; Timing optimization             ; Q         ;                ; wb_tpu_accel:wb_tpu_inst|tpu_accel:u_tpu|systolic_array_4x4:sa_inst|pe:pe_1_1|lpm_mult:Mult0|mult_73t:auto_generated|mac_mult1 ; DATAA            ;                       ;
; wb_tpu_accel:wb_tpu_inst|tpu_accel:u_tpu|systolic_array_4x4:sa_inst|pe:pe_1_1|w_reg[2] ; Packed Register ; Register Packing ; Timing optimization             ; Q         ;                ; wb_tpu_accel:wb_tpu_inst|tpu_accel:u_tpu|systolic_array_4x4:sa_inst|pe:pe_1_1|lpm_mult:Mult0|mult_73t:auto_generated|mac_mult1 ; DATAA            ;                       ;
; wb_tpu_accel:wb_tpu_inst|tpu_accel:u_tpu|systolic_array_4x4:sa_inst|pe:pe_1_1|w_reg[3] ; Packed Register ; Register Packing ; Timing optimization             ; Q         ;                ; wb_tpu_accel:wb_tpu_inst|tpu_accel:u_tpu|systolic_array_4x4:sa_inst|pe:pe_1_1|lpm_mult:Mult0|mult_73t:auto_generated|mac_mult1 ; DATAA            ;                       ;
; wb_tpu_accel:wb_tpu_inst|tpu_accel:u_tpu|systolic_array_4x4:sa_inst|pe:pe_1_1|w_reg[4] ; Packed Register ; Register Packing ; Timing optimization             ; Q         ;                ; wb_tpu_accel:wb_tpu_inst|tpu_accel:u_tpu|systolic_array_4x4:sa_inst|pe:pe_1_1|lpm_mult:Mult0|mult_73t:auto_generated|mac_mult1 ; DATAA            ;                       ;
; wb_tpu_accel:wb_tpu_inst|tpu_accel:u_tpu|systolic_array_4x4:sa_inst|pe:pe_1_1|w_reg[5] ; Packed Register ; Register Packing ; Timing optimization             ; Q         ;                ; wb_tpu_accel:wb_tpu_inst|tpu_accel:u_tpu|systolic_array_4x4:sa_inst|pe:pe_1_1|lpm_mult:Mult0|mult_73t:auto_generated|mac_mult1 ; DATAA            ;                       ;
; wb_tpu_accel:wb_tpu_inst|tpu_accel:u_tpu|systolic_array_4x4:sa_inst|pe:pe_1_1|w_reg[6] ; Packed Register ; Register Packing ; Timing optimization             ; Q         ;                ; wb_tpu_accel:wb_tpu_inst|tpu_accel:u_tpu|systolic_array_4x4:sa_inst|pe:pe_1_1|lpm_mult:Mult0|mult_73t:auto_generated|mac_mult1 ; DATAA            ;                       ;
; wb_tpu_accel:wb_tpu_inst|tpu_accel:u_tpu|systolic_array_4x4:sa_inst|pe:pe_1_1|w_reg[7] ; Packed Register ; Register Packing ; Timing optimization             ; Q         ;                ; wb_tpu_accel:wb_tpu_inst|tpu_accel:u_tpu|systolic_array_4x4:sa_inst|pe:pe_1_1|lpm_mult:Mult0|mult_73t:auto_generated|mac_mult1 ; DATAA            ;                       ;
; wb_tpu_accel:wb_tpu_inst|tpu_accel:u_tpu|systolic_array_4x4:sa_inst|pe:pe_1_2|w_reg[0] ; Packed Register ; Register Packing ; Timing optimization             ; Q         ;                ; wb_tpu_accel:wb_tpu_inst|tpu_accel:u_tpu|systolic_array_4x4:sa_inst|pe:pe_1_2|lpm_mult:Mult0|mult_73t:auto_generated|mac_mult1 ; DATAA            ;                       ;
; wb_tpu_accel:wb_tpu_inst|tpu_accel:u_tpu|systolic_array_4x4:sa_inst|pe:pe_1_2|w_reg[1] ; Packed Register ; Register Packing ; Timing optimization             ; Q         ;                ; wb_tpu_accel:wb_tpu_inst|tpu_accel:u_tpu|systolic_array_4x4:sa_inst|pe:pe_1_2|lpm_mult:Mult0|mult_73t:auto_generated|mac_mult1 ; DATAA            ;                       ;
; wb_tpu_accel:wb_tpu_inst|tpu_accel:u_tpu|systolic_array_4x4:sa_inst|pe:pe_1_2|w_reg[2] ; Packed Register ; Register Packing ; Timing optimization             ; Q         ;                ; wb_tpu_accel:wb_tpu_inst|tpu_accel:u_tpu|systolic_array_4x4:sa_inst|pe:pe_1_2|lpm_mult:Mult0|mult_73t:auto_generated|mac_mult1 ; DATAA            ;                       ;
; wb_tpu_accel:wb_tpu_inst|tpu_accel:u_tpu|systolic_array_4x4:sa_inst|pe:pe_1_2|w_reg[3] ; Packed Register ; Register Packing ; Timing optimization             ; Q         ;                ; wb_tpu_accel:wb_tpu_inst|tpu_accel:u_tpu|systolic_array_4x4:sa_inst|pe:pe_1_2|lpm_mult:Mult0|mult_73t:auto_generated|mac_mult1 ; DATAA            ;                       ;
; wb_tpu_accel:wb_tpu_inst|tpu_accel:u_tpu|systolic_array_4x4:sa_inst|pe:pe_1_2|w_reg[4] ; Packed Register ; Register Packing ; Timing optimization             ; Q         ;                ; wb_tpu_accel:wb_tpu_inst|tpu_accel:u_tpu|systolic_array_4x4:sa_inst|pe:pe_1_2|lpm_mult:Mult0|mult_73t:auto_generated|mac_mult1 ; DATAA            ;                       ;
; wb_tpu_accel:wb_tpu_inst|tpu_accel:u_tpu|systolic_array_4x4:sa_inst|pe:pe_1_2|w_reg[5] ; Packed Register ; Register Packing ; Timing optimization             ; Q         ;                ; wb_tpu_accel:wb_tpu_inst|tpu_accel:u_tpu|systolic_array_4x4:sa_inst|pe:pe_1_2|lpm_mult:Mult0|mult_73t:auto_generated|mac_mult1 ; DATAA            ;                       ;
; wb_tpu_accel:wb_tpu_inst|tpu_accel:u_tpu|systolic_array_4x4:sa_inst|pe:pe_1_2|w_reg[6] ; Packed Register ; Register Packing ; Timing optimization             ; Q         ;                ; wb_tpu_accel:wb_tpu_inst|tpu_accel:u_tpu|systolic_array_4x4:sa_inst|pe:pe_1_2|lpm_mult:Mult0|mult_73t:auto_generated|mac_mult1 ; DATAA            ;                       ;
; wb_tpu_accel:wb_tpu_inst|tpu_accel:u_tpu|systolic_array_4x4:sa_inst|pe:pe_1_2|w_reg[7] ; Packed Register ; Register Packing ; Timing optimization             ; Q         ;                ; wb_tpu_accel:wb_tpu_inst|tpu_accel:u_tpu|systolic_array_4x4:sa_inst|pe:pe_1_2|lpm_mult:Mult0|mult_73t:auto_generated|mac_mult1 ; DATAA            ;                       ;
; wb_tpu_accel:wb_tpu_inst|tpu_accel:u_tpu|systolic_array_4x4:sa_inst|pe:pe_1_3|w_reg[0] ; Packed Register ; Register Packing ; Timing optimization             ; Q         ;                ; wb_tpu_accel:wb_tpu_inst|tpu_accel:u_tpu|systolic_array_4x4:sa_inst|pe:pe_1_3|lpm_mult:Mult0|mult_73t:auto_generated|mac_mult1 ; DATAA            ;                       ;
; wb_tpu_accel:wb_tpu_inst|tpu_accel:u_tpu|systolic_array_4x4:sa_inst|pe:pe_1_3|w_reg[1] ; Packed Register ; Register Packing ; Timing optimization             ; Q         ;                ; wb_tpu_accel:wb_tpu_inst|tpu_accel:u_tpu|systolic_array_4x4:sa_inst|pe:pe_1_3|lpm_mult:Mult0|mult_73t:auto_generated|mac_mult1 ; DATAA            ;                       ;
; wb_tpu_accel:wb_tpu_inst|tpu_accel:u_tpu|systolic_array_4x4:sa_inst|pe:pe_1_3|w_reg[2] ; Packed Register ; Register Packing ; Timing optimization             ; Q         ;                ; wb_tpu_accel:wb_tpu_inst|tpu_accel:u_tpu|systolic_array_4x4:sa_inst|pe:pe_1_3|lpm_mult:Mult0|mult_73t:auto_generated|mac_mult1 ; DATAA            ;                       ;
; wb_tpu_accel:wb_tpu_inst|tpu_accel:u_tpu|systolic_array_4x4:sa_inst|pe:pe_1_3|w_reg[3] ; Packed Register ; Register Packing ; Timing optimization             ; Q         ;                ; wb_tpu_accel:wb_tpu_inst|tpu_accel:u_tpu|systolic_array_4x4:sa_inst|pe:pe_1_3|lpm_mult:Mult0|mult_73t:auto_generated|mac_mult1 ; DATAA            ;                       ;
; wb_tpu_accel:wb_tpu_inst|tpu_accel:u_tpu|systolic_array_4x4:sa_inst|pe:pe_1_3|w_reg[4] ; Packed Register ; Register Packing ; Timing optimization             ; Q         ;                ; wb_tpu_accel:wb_tpu_inst|tpu_accel:u_tpu|systolic_array_4x4:sa_inst|pe:pe_1_3|lpm_mult:Mult0|mult_73t:auto_generated|mac_mult1 ; DATAA            ;                       ;
; wb_tpu_accel:wb_tpu_inst|tpu_accel:u_tpu|systolic_array_4x4:sa_inst|pe:pe_1_3|w_reg[5] ; Packed Register ; Register Packing ; Timing optimization             ; Q         ;                ; wb_tpu_accel:wb_tpu_inst|tpu_accel:u_tpu|systolic_array_4x4:sa_inst|pe:pe_1_3|lpm_mult:Mult0|mult_73t:auto_generated|mac_mult1 ; DATAA            ;                       ;
; wb_tpu_accel:wb_tpu_inst|tpu_accel:u_tpu|systolic_array_4x4:sa_inst|pe:pe_1_3|w_reg[6] ; Packed Register ; Register Packing ; Timing optimization             ; Q         ;                ; wb_tpu_accel:wb_tpu_inst|tpu_accel:u_tpu|systolic_array_4x4:sa_inst|pe:pe_1_3|lpm_mult:Mult0|mult_73t:auto_generated|mac_mult1 ; DATAA            ;                       ;
; wb_tpu_accel:wb_tpu_inst|tpu_accel:u_tpu|systolic_array_4x4:sa_inst|pe:pe_1_3|w_reg[7] ; Packed Register ; Register Packing ; Timing optimization             ; Q         ;                ; wb_tpu_accel:wb_tpu_inst|tpu_accel:u_tpu|systolic_array_4x4:sa_inst|pe:pe_1_3|lpm_mult:Mult0|mult_73t:auto_generated|mac_mult1 ; DATAA            ;                       ;
; wb_tpu_accel:wb_tpu_inst|tpu_accel:u_tpu|systolic_array_4x4:sa_inst|pe:pe_2_0|w_reg[0] ; Packed Register ; Register Packing ; Timing optimization             ; Q         ;                ; wb_tpu_accel:wb_tpu_inst|tpu_accel:u_tpu|systolic_array_4x4:sa_inst|pe:pe_2_0|lpm_mult:Mult0|mult_73t:auto_generated|mac_mult1 ; DATAA            ;                       ;
; wb_tpu_accel:wb_tpu_inst|tpu_accel:u_tpu|systolic_array_4x4:sa_inst|pe:pe_2_0|w_reg[1] ; Packed Register ; Register Packing ; Timing optimization             ; Q         ;                ; wb_tpu_accel:wb_tpu_inst|tpu_accel:u_tpu|systolic_array_4x4:sa_inst|pe:pe_2_0|lpm_mult:Mult0|mult_73t:auto_generated|mac_mult1 ; DATAA            ;                       ;
; wb_tpu_accel:wb_tpu_inst|tpu_accel:u_tpu|systolic_array_4x4:sa_inst|pe:pe_2_0|w_reg[2] ; Packed Register ; Register Packing ; Timing optimization             ; Q         ;                ; wb_tpu_accel:wb_tpu_inst|tpu_accel:u_tpu|systolic_array_4x4:sa_inst|pe:pe_2_0|lpm_mult:Mult0|mult_73t:auto_generated|mac_mult1 ; DATAA            ;                       ;
; wb_tpu_accel:wb_tpu_inst|tpu_accel:u_tpu|systolic_array_4x4:sa_inst|pe:pe_2_0|w_reg[3] ; Packed Register ; Register Packing ; Timing optimization             ; Q         ;                ; wb_tpu_accel:wb_tpu_inst|tpu_accel:u_tpu|systolic_array_4x4:sa_inst|pe:pe_2_0|lpm_mult:Mult0|mult_73t:auto_generated|mac_mult1 ; DATAA            ;                       ;
; wb_tpu_accel:wb_tpu_inst|tpu_accel:u_tpu|systolic_array_4x4:sa_inst|pe:pe_2_0|w_reg[4] ; Packed Register ; Register Packing ; Timing optimization             ; Q         ;                ; wb_tpu_accel:wb_tpu_inst|tpu_accel:u_tpu|systolic_array_4x4:sa_inst|pe:pe_2_0|lpm_mult:Mult0|mult_73t:auto_generated|mac_mult1 ; DATAA            ;                       ;
; wb_tpu_accel:wb_tpu_inst|tpu_accel:u_tpu|systolic_array_4x4:sa_inst|pe:pe_2_0|w_reg[5] ; Packed Register ; Register Packing ; Timing optimization             ; Q         ;                ; wb_tpu_accel:wb_tpu_inst|tpu_accel:u_tpu|systolic_array_4x4:sa_inst|pe:pe_2_0|lpm_mult:Mult0|mult_73t:auto_generated|mac_mult1 ; DATAA            ;                       ;
; wb_tpu_accel:wb_tpu_inst|tpu_accel:u_tpu|systolic_array_4x4:sa_inst|pe:pe_2_0|w_reg[6] ; Packed Register ; Register Packing ; Timing optimization             ; Q         ;                ; wb_tpu_accel:wb_tpu_inst|tpu_accel:u_tpu|systolic_array_4x4:sa_inst|pe:pe_2_0|lpm_mult:Mult0|mult_73t:auto_generated|mac_mult1 ; DATAA            ;                       ;
; wb_tpu_accel:wb_tpu_inst|tpu_accel:u_tpu|systolic_array_4x4:sa_inst|pe:pe_2_0|w_reg[7] ; Packed Register ; Register Packing ; Timing optimization             ; Q         ;                ; wb_tpu_accel:wb_tpu_inst|tpu_accel:u_tpu|systolic_array_4x4:sa_inst|pe:pe_2_0|lpm_mult:Mult0|mult_73t:auto_generated|mac_mult1 ; DATAA            ;                       ;
; wb_tpu_accel:wb_tpu_inst|tpu_accel:u_tpu|systolic_array_4x4:sa_inst|pe:pe_2_1|w_reg[0] ; Packed Register ; Register Packing ; Timing optimization             ; Q         ;                ; wb_tpu_accel:wb_tpu_inst|tpu_accel:u_tpu|systolic_array_4x4:sa_inst|pe:pe_2_1|lpm_mult:Mult0|mult_73t:auto_generated|mac_mult1 ; DATAA            ;                       ;
; wb_tpu_accel:wb_tpu_inst|tpu_accel:u_tpu|systolic_array_4x4:sa_inst|pe:pe_2_1|w_reg[1] ; Packed Register ; Register Packing ; Timing optimization             ; Q         ;                ; wb_tpu_accel:wb_tpu_inst|tpu_accel:u_tpu|systolic_array_4x4:sa_inst|pe:pe_2_1|lpm_mult:Mult0|mult_73t:auto_generated|mac_mult1 ; DATAA            ;                       ;
; wb_tpu_accel:wb_tpu_inst|tpu_accel:u_tpu|systolic_array_4x4:sa_inst|pe:pe_2_1|w_reg[2] ; Packed Register ; Register Packing ; Timing optimization             ; Q         ;                ; wb_tpu_accel:wb_tpu_inst|tpu_accel:u_tpu|systolic_array_4x4:sa_inst|pe:pe_2_1|lpm_mult:Mult0|mult_73t:auto_generated|mac_mult1 ; DATAA            ;                       ;
; wb_tpu_accel:wb_tpu_inst|tpu_accel:u_tpu|systolic_array_4x4:sa_inst|pe:pe_2_1|w_reg[3] ; Packed Register ; Register Packing ; Timing optimization             ; Q         ;                ; wb_tpu_accel:wb_tpu_inst|tpu_accel:u_tpu|systolic_array_4x4:sa_inst|pe:pe_2_1|lpm_mult:Mult0|mult_73t:auto_generated|mac_mult1 ; DATAA            ;                       ;
; wb_tpu_accel:wb_tpu_inst|tpu_accel:u_tpu|systolic_array_4x4:sa_inst|pe:pe_2_1|w_reg[4] ; Packed Register ; Register Packing ; Timing optimization             ; Q         ;                ; wb_tpu_accel:wb_tpu_inst|tpu_accel:u_tpu|systolic_array_4x4:sa_inst|pe:pe_2_1|lpm_mult:Mult0|mult_73t:auto_generated|mac_mult1 ; DATAA            ;                       ;
; wb_tpu_accel:wb_tpu_inst|tpu_accel:u_tpu|systolic_array_4x4:sa_inst|pe:pe_2_1|w_reg[5] ; Packed Register ; Register Packing ; Timing optimization             ; Q         ;                ; wb_tpu_accel:wb_tpu_inst|tpu_accel:u_tpu|systolic_array_4x4:sa_inst|pe:pe_2_1|lpm_mult:Mult0|mult_73t:auto_generated|mac_mult1 ; DATAA            ;                       ;
; wb_tpu_accel:wb_tpu_inst|tpu_accel:u_tpu|systolic_array_4x4:sa_inst|pe:pe_2_1|w_reg[6] ; Packed Register ; Register Packing ; Timing optimization             ; Q         ;                ; wb_tpu_accel:wb_tpu_inst|tpu_accel:u_tpu|systolic_array_4x4:sa_inst|pe:pe_2_1|lpm_mult:Mult0|mult_73t:auto_generated|mac_mult1 ; DATAA            ;                       ;
; wb_tpu_accel:wb_tpu_inst|tpu_accel:u_tpu|systolic_array_4x4:sa_inst|pe:pe_2_1|w_reg[7] ; Packed Register ; Register Packing ; Timing optimization             ; Q         ;                ; wb_tpu_accel:wb_tpu_inst|tpu_accel:u_tpu|systolic_array_4x4:sa_inst|pe:pe_2_1|lpm_mult:Mult0|mult_73t:auto_generated|mac_mult1 ; DATAA            ;                       ;
; wb_tpu_accel:wb_tpu_inst|tpu_accel:u_tpu|systolic_array_4x4:sa_inst|pe:pe_2_2|w_reg[0] ; Packed Register ; Register Packing ; Timing optimization             ; Q         ;                ; wb_tpu_accel:wb_tpu_inst|tpu_accel:u_tpu|systolic_array_4x4:sa_inst|pe:pe_2_2|lpm_mult:Mult0|mult_73t:auto_generated|mac_mult1 ; DATAA            ;                       ;
; wb_tpu_accel:wb_tpu_inst|tpu_accel:u_tpu|systolic_array_4x4:sa_inst|pe:pe_2_2|w_reg[1] ; Packed Register ; Register Packing ; Timing optimization             ; Q         ;                ; wb_tpu_accel:wb_tpu_inst|tpu_accel:u_tpu|systolic_array_4x4:sa_inst|pe:pe_2_2|lpm_mult:Mult0|mult_73t:auto_generated|mac_mult1 ; DATAA            ;                       ;
; wb_tpu_accel:wb_tpu_inst|tpu_accel:u_tpu|systolic_array_4x4:sa_inst|pe:pe_2_2|w_reg[2] ; Packed Register ; Register Packing ; Timing optimization             ; Q         ;                ; wb_tpu_accel:wb_tpu_inst|tpu_accel:u_tpu|systolic_array_4x4:sa_inst|pe:pe_2_2|lpm_mult:Mult0|mult_73t:auto_generated|mac_mult1 ; DATAA            ;                       ;
; wb_tpu_accel:wb_tpu_inst|tpu_accel:u_tpu|systolic_array_4x4:sa_inst|pe:pe_2_2|w_reg[3] ; Packed Register ; Register Packing ; Timing optimization             ; Q         ;                ; wb_tpu_accel:wb_tpu_inst|tpu_accel:u_tpu|systolic_array_4x4:sa_inst|pe:pe_2_2|lpm_mult:Mult0|mult_73t:auto_generated|mac_mult1 ; DATAA            ;                       ;
; wb_tpu_accel:wb_tpu_inst|tpu_accel:u_tpu|systolic_array_4x4:sa_inst|pe:pe_2_2|w_reg[4] ; Packed Register ; Register Packing ; Timing optimization             ; Q         ;                ; wb_tpu_accel:wb_tpu_inst|tpu_accel:u_tpu|systolic_array_4x4:sa_inst|pe:pe_2_2|lpm_mult:Mult0|mult_73t:auto_generated|mac_mult1 ; DATAA            ;                       ;
; wb_tpu_accel:wb_tpu_inst|tpu_accel:u_tpu|systolic_array_4x4:sa_inst|pe:pe_2_2|w_reg[5] ; Packed Register ; Register Packing ; Timing optimization             ; Q         ;                ; wb_tpu_accel:wb_tpu_inst|tpu_accel:u_tpu|systolic_array_4x4:sa_inst|pe:pe_2_2|lpm_mult:Mult0|mult_73t:auto_generated|mac_mult1 ; DATAA            ;                       ;
; wb_tpu_accel:wb_tpu_inst|tpu_accel:u_tpu|systolic_array_4x4:sa_inst|pe:pe_2_2|w_reg[6] ; Packed Register ; Register Packing ; Timing optimization             ; Q         ;                ; wb_tpu_accel:wb_tpu_inst|tpu_accel:u_tpu|systolic_array_4x4:sa_inst|pe:pe_2_2|lpm_mult:Mult0|mult_73t:auto_generated|mac_mult1 ; DATAA            ;                       ;
; wb_tpu_accel:wb_tpu_inst|tpu_accel:u_tpu|systolic_array_4x4:sa_inst|pe:pe_2_2|w_reg[7] ; Packed Register ; Register Packing ; Timing optimization             ; Q         ;                ; wb_tpu_accel:wb_tpu_inst|tpu_accel:u_tpu|systolic_array_4x4:sa_inst|pe:pe_2_2|lpm_mult:Mult0|mult_73t:auto_generated|mac_mult1 ; DATAA            ;                       ;
; wb_tpu_accel:wb_tpu_inst|tpu_accel:u_tpu|systolic_array_4x4:sa_inst|pe:pe_3_0|w_reg[0] ; Packed Register ; Register Packing ; Timing optimization             ; Q         ;                ; wb_tpu_accel:wb_tpu_inst|tpu_accel:u_tpu|systolic_array_4x4:sa_inst|pe:pe_3_0|lpm_mult:Mult0|mult_73t:auto_generated|mac_mult1 ; DATAA            ;                       ;
; wb_tpu_accel:wb_tpu_inst|tpu_accel:u_tpu|systolic_array_4x4:sa_inst|pe:pe_3_0|w_reg[1] ; Packed Register ; Register Packing ; Timing optimization             ; Q         ;                ; wb_tpu_accel:wb_tpu_inst|tpu_accel:u_tpu|systolic_array_4x4:sa_inst|pe:pe_3_0|lpm_mult:Mult0|mult_73t:auto_generated|mac_mult1 ; DATAA            ;                       ;
; wb_tpu_accel:wb_tpu_inst|tpu_accel:u_tpu|systolic_array_4x4:sa_inst|pe:pe_3_0|w_reg[2] ; Packed Register ; Register Packing ; Timing optimization             ; Q         ;                ; wb_tpu_accel:wb_tpu_inst|tpu_accel:u_tpu|systolic_array_4x4:sa_inst|pe:pe_3_0|lpm_mult:Mult0|mult_73t:auto_generated|mac_mult1 ; DATAA            ;                       ;
; wb_tpu_accel:wb_tpu_inst|tpu_accel:u_tpu|systolic_array_4x4:sa_inst|pe:pe_3_0|w_reg[3] ; Packed Register ; Register Packing ; Timing optimization             ; Q         ;                ; wb_tpu_accel:wb_tpu_inst|tpu_accel:u_tpu|systolic_array_4x4:sa_inst|pe:pe_3_0|lpm_mult:Mult0|mult_73t:auto_generated|mac_mult1 ; DATAA            ;                       ;
; wb_tpu_accel:wb_tpu_inst|tpu_accel:u_tpu|systolic_array_4x4:sa_inst|pe:pe_3_0|w_reg[4] ; Packed Register ; Register Packing ; Timing optimization             ; Q         ;                ; wb_tpu_accel:wb_tpu_inst|tpu_accel:u_tpu|systolic_array_4x4:sa_inst|pe:pe_3_0|lpm_mult:Mult0|mult_73t:auto_generated|mac_mult1 ; DATAA            ;                       ;
; wb_tpu_accel:wb_tpu_inst|tpu_accel:u_tpu|systolic_array_4x4:sa_inst|pe:pe_3_0|w_reg[5] ; Packed Register ; Register Packing ; Timing optimization             ; Q         ;                ; wb_tpu_accel:wb_tpu_inst|tpu_accel:u_tpu|systolic_array_4x4:sa_inst|pe:pe_3_0|lpm_mult:Mult0|mult_73t:auto_generated|mac_mult1 ; DATAA            ;                       ;
; wb_tpu_accel:wb_tpu_inst|tpu_accel:u_tpu|systolic_array_4x4:sa_inst|pe:pe_3_0|w_reg[6] ; Packed Register ; Register Packing ; Timing optimization             ; Q         ;                ; wb_tpu_accel:wb_tpu_inst|tpu_accel:u_tpu|systolic_array_4x4:sa_inst|pe:pe_3_0|lpm_mult:Mult0|mult_73t:auto_generated|mac_mult1 ; DATAA            ;                       ;
; wb_tpu_accel:wb_tpu_inst|tpu_accel:u_tpu|systolic_array_4x4:sa_inst|pe:pe_3_0|w_reg[7] ; Packed Register ; Register Packing ; Timing optimization             ; Q         ;                ; wb_tpu_accel:wb_tpu_inst|tpu_accel:u_tpu|systolic_array_4x4:sa_inst|pe:pe_3_0|lpm_mult:Mult0|mult_73t:auto_generated|mac_mult1 ; DATAA            ;                       ;
; wb_tpu_accel:wb_tpu_inst|tpu_accel:u_tpu|systolic_array_4x4:sa_inst|pe:pe_3_1|w_reg[0] ; Packed Register ; Register Packing ; Timing optimization             ; Q         ;                ; wb_tpu_accel:wb_tpu_inst|tpu_accel:u_tpu|systolic_array_4x4:sa_inst|pe:pe_3_1|lpm_mult:Mult0|mult_73t:auto_generated|mac_mult1 ; DATAA            ;                       ;
; wb_tpu_accel:wb_tpu_inst|tpu_accel:u_tpu|systolic_array_4x4:sa_inst|pe:pe_3_1|w_reg[1] ; Packed Register ; Register Packing ; Timing optimization             ; Q         ;                ; wb_tpu_accel:wb_tpu_inst|tpu_accel:u_tpu|systolic_array_4x4:sa_inst|pe:pe_3_1|lpm_mult:Mult0|mult_73t:auto_generated|mac_mult1 ; DATAA            ;                       ;
; wb_tpu_accel:wb_tpu_inst|tpu_accel:u_tpu|systolic_array_4x4:sa_inst|pe:pe_3_1|w_reg[2] ; Packed Register ; Register Packing ; Timing optimization             ; Q         ;                ; wb_tpu_accel:wb_tpu_inst|tpu_accel:u_tpu|systolic_array_4x4:sa_inst|pe:pe_3_1|lpm_mult:Mult0|mult_73t:auto_generated|mac_mult1 ; DATAA            ;                       ;
; wb_tpu_accel:wb_tpu_inst|tpu_accel:u_tpu|systolic_array_4x4:sa_inst|pe:pe_3_1|w_reg[3] ; Packed Register ; Register Packing ; Timing optimization             ; Q         ;                ; wb_tpu_accel:wb_tpu_inst|tpu_accel:u_tpu|systolic_array_4x4:sa_inst|pe:pe_3_1|lpm_mult:Mult0|mult_73t:auto_generated|mac_mult1 ; DATAA            ;                       ;
; wb_tpu_accel:wb_tpu_inst|tpu_accel:u_tpu|systolic_array_4x4:sa_inst|pe:pe_3_1|w_reg[4] ; Packed Register ; Register Packing ; Timing optimization             ; Q         ;                ; wb_tpu_accel:wb_tpu_inst|tpu_accel:u_tpu|systolic_array_4x4:sa_inst|pe:pe_3_1|lpm_mult:Mult0|mult_73t:auto_generated|mac_mult1 ; DATAA            ;                       ;
; wb_tpu_accel:wb_tpu_inst|tpu_accel:u_tpu|systolic_array_4x4:sa_inst|pe:pe_3_1|w_reg[5] ; Packed Register ; Register Packing ; Timing optimization             ; Q         ;                ; wb_tpu_accel:wb_tpu_inst|tpu_accel:u_tpu|systolic_array_4x4:sa_inst|pe:pe_3_1|lpm_mult:Mult0|mult_73t:auto_generated|mac_mult1 ; DATAA            ;                       ;
; wb_tpu_accel:wb_tpu_inst|tpu_accel:u_tpu|systolic_array_4x4:sa_inst|pe:pe_3_1|w_reg[6] ; Packed Register ; Register Packing ; Timing optimization             ; Q         ;                ; wb_tpu_accel:wb_tpu_inst|tpu_accel:u_tpu|systolic_array_4x4:sa_inst|pe:pe_3_1|lpm_mult:Mult0|mult_73t:auto_generated|mac_mult1 ; DATAA            ;                       ;
; wb_tpu_accel:wb_tpu_inst|tpu_accel:u_tpu|systolic_array_4x4:sa_inst|pe:pe_3_1|w_reg[7] ; Packed Register ; Register Packing ; Timing optimization             ; Q         ;                ; wb_tpu_accel:wb_tpu_inst|tpu_accel:u_tpu|systolic_array_4x4:sa_inst|pe:pe_3_1|lpm_mult:Mult0|mult_73t:auto_generated|mac_mult1 ; DATAA            ;                       ;
; wb_tpu_accel:wb_tpu_inst|tpu_accel:u_tpu|systolic_array_4x4:sa_inst|pe:pe_3_2|w_reg[0] ; Packed Register ; Register Packing ; Timing optimization             ; Q         ;                ; wb_tpu_accel:wb_tpu_inst|tpu_accel:u_tpu|systolic_array_4x4:sa_inst|pe:pe_3_2|lpm_mult:Mult0|mult_73t:auto_generated|mac_mult1 ; DATAA            ;                       ;
; wb_tpu_accel:wb_tpu_inst|tpu_accel:u_tpu|systolic_array_4x4:sa_inst|pe:pe_3_2|w_reg[1] ; Packed Register ; Register Packing ; Timing optimization             ; Q         ;                ; wb_tpu_accel:wb_tpu_inst|tpu_accel:u_tpu|systolic_array_4x4:sa_inst|pe:pe_3_2|lpm_mult:Mult0|mult_73t:auto_generated|mac_mult1 ; DATAA            ;                       ;
; wb_tpu_accel:wb_tpu_inst|tpu_accel:u_tpu|systolic_array_4x4:sa_inst|pe:pe_3_2|w_reg[2] ; Packed Register ; Register Packing ; Timing optimization             ; Q         ;                ; wb_tpu_accel:wb_tpu_inst|tpu_accel:u_tpu|systolic_array_4x4:sa_inst|pe:pe_3_2|lpm_mult:Mult0|mult_73t:auto_generated|mac_mult1 ; DATAA            ;                       ;
; wb_tpu_accel:wb_tpu_inst|tpu_accel:u_tpu|systolic_array_4x4:sa_inst|pe:pe_3_2|w_reg[3] ; Packed Register ; Register Packing ; Timing optimization             ; Q         ;                ; wb_tpu_accel:wb_tpu_inst|tpu_accel:u_tpu|systolic_array_4x4:sa_inst|pe:pe_3_2|lpm_mult:Mult0|mult_73t:auto_generated|mac_mult1 ; DATAA            ;                       ;
; wb_tpu_accel:wb_tpu_inst|tpu_accel:u_tpu|systolic_array_4x4:sa_inst|pe:pe_3_2|w_reg[4] ; Packed Register ; Register Packing ; Timing optimization             ; Q         ;                ; wb_tpu_accel:wb_tpu_inst|tpu_accel:u_tpu|systolic_array_4x4:sa_inst|pe:pe_3_2|lpm_mult:Mult0|mult_73t:auto_generated|mac_mult1 ; DATAA            ;                       ;
; wb_tpu_accel:wb_tpu_inst|tpu_accel:u_tpu|systolic_array_4x4:sa_inst|pe:pe_3_2|w_reg[5] ; Packed Register ; Register Packing ; Timing optimization             ; Q         ;                ; wb_tpu_accel:wb_tpu_inst|tpu_accel:u_tpu|systolic_array_4x4:sa_inst|pe:pe_3_2|lpm_mult:Mult0|mult_73t:auto_generated|mac_mult1 ; DATAA            ;                       ;
; wb_tpu_accel:wb_tpu_inst|tpu_accel:u_tpu|systolic_array_4x4:sa_inst|pe:pe_3_2|w_reg[6] ; Packed Register ; Register Packing ; Timing optimization             ; Q         ;                ; wb_tpu_accel:wb_tpu_inst|tpu_accel:u_tpu|systolic_array_4x4:sa_inst|pe:pe_3_2|lpm_mult:Mult0|mult_73t:auto_generated|mac_mult1 ; DATAA            ;                       ;
; wb_tpu_accel:wb_tpu_inst|tpu_accel:u_tpu|systolic_array_4x4:sa_inst|pe:pe_3_2|w_reg[7] ; Packed Register ; Register Packing ; Timing optimization             ; Q         ;                ; wb_tpu_accel:wb_tpu_inst|tpu_accel:u_tpu|systolic_array_4x4:sa_inst|pe:pe_3_2|lpm_mult:Mult0|mult_73t:auto_generated|mac_mult1 ; DATAA            ;                       ;
; wb_tpu_accel:wb_tpu_inst|tpu_accel:u_tpu|systolic_array_4x4:sa_inst|pe:pe_3_3|w_reg[0] ; Packed Register ; Register Packing ; Timing optimization             ; Q         ;                ; wb_tpu_accel:wb_tpu_inst|tpu_accel:u_tpu|systolic_array_4x4:sa_inst|pe:pe_3_3|lpm_mult:Mult0|mult_73t:auto_generated|mac_mult1 ; DATAA            ;                       ;
; wb_tpu_accel:wb_tpu_inst|tpu_accel:u_tpu|systolic_array_4x4:sa_inst|pe:pe_3_3|w_reg[1] ; Packed Register ; Register Packing ; Timing optimization             ; Q         ;                ; wb_tpu_accel:wb_tpu_inst|tpu_accel:u_tpu|systolic_array_4x4:sa_inst|pe:pe_3_3|lpm_mult:Mult0|mult_73t:auto_generated|mac_mult1 ; DATAA            ;                       ;
; wb_tpu_accel:wb_tpu_inst|tpu_accel:u_tpu|systolic_array_4x4:sa_inst|pe:pe_3_3|w_reg[2] ; Packed Register ; Register Packing ; Timing optimization             ; Q         ;                ; wb_tpu_accel:wb_tpu_inst|tpu_accel:u_tpu|systolic_array_4x4:sa_inst|pe:pe_3_3|lpm_mult:Mult0|mult_73t:auto_generated|mac_mult1 ; DATAA            ;                       ;
; wb_tpu_accel:wb_tpu_inst|tpu_accel:u_tpu|systolic_array_4x4:sa_inst|pe:pe_3_3|w_reg[3] ; Packed Register ; Register Packing ; Timing optimization             ; Q         ;                ; wb_tpu_accel:wb_tpu_inst|tpu_accel:u_tpu|systolic_array_4x4:sa_inst|pe:pe_3_3|lpm_mult:Mult0|mult_73t:auto_generated|mac_mult1 ; DATAA            ;                       ;
; wb_tpu_accel:wb_tpu_inst|tpu_accel:u_tpu|systolic_array_4x4:sa_inst|pe:pe_3_3|w_reg[4] ; Packed Register ; Register Packing ; Timing optimization             ; Q         ;                ; wb_tpu_accel:wb_tpu_inst|tpu_accel:u_tpu|systolic_array_4x4:sa_inst|pe:pe_3_3|lpm_mult:Mult0|mult_73t:auto_generated|mac_mult1 ; DATAA            ;                       ;
; wb_tpu_accel:wb_tpu_inst|tpu_accel:u_tpu|systolic_array_4x4:sa_inst|pe:pe_3_3|w_reg[5] ; Packed Register ; Register Packing ; Timing optimization             ; Q         ;                ; wb_tpu_accel:wb_tpu_inst|tpu_accel:u_tpu|systolic_array_4x4:sa_inst|pe:pe_3_3|lpm_mult:Mult0|mult_73t:auto_generated|mac_mult1 ; DATAA            ;                       ;
; wb_tpu_accel:wb_tpu_inst|tpu_accel:u_tpu|systolic_array_4x4:sa_inst|pe:pe_3_3|w_reg[6] ; Packed Register ; Register Packing ; Timing optimization             ; Q         ;                ; wb_tpu_accel:wb_tpu_inst|tpu_accel:u_tpu|systolic_array_4x4:sa_inst|pe:pe_3_3|lpm_mult:Mult0|mult_73t:auto_generated|mac_mult1 ; DATAA            ;                       ;
; wb_tpu_accel:wb_tpu_inst|tpu_accel:u_tpu|systolic_array_4x4:sa_inst|pe:pe_3_3|w_reg[7] ; Packed Register ; Register Packing ; Timing optimization             ; Q         ;                ; wb_tpu_accel:wb_tpu_inst|tpu_accel:u_tpu|systolic_array_4x4:sa_inst|pe:pe_3_3|lpm_mult:Mult0|mult_73t:auto_generated|mac_mult1 ; DATAA            ;                       ;
+----------------------------------------------------------------------------------------+-----------------+------------------+---------------------------------+-----------+----------------+--------------------------------------------------------------------------------------------------------------------------------+------------------+-----------------------+


+---------------------------------------------------------------------------------------------------+
; Incremental Compilation Preservation Summary                                                      ;
+---------------------+---------------------+----------------------------+--------------------------+
; Type                ; Total [A + B]       ; From Design Partitions [A] ; From Rapid Recompile [B] ;
+---------------------+---------------------+----------------------------+--------------------------+
; Placement (by node) ;                     ;                            ;                          ;
;     -- Requested    ; 0.00 % ( 0 / 8213 ) ; 0.00 % ( 0 / 8213 )        ; 0.00 % ( 0 / 8213 )      ;
;     -- Achieved     ; 0.00 % ( 0 / 8213 ) ; 0.00 % ( 0 / 8213 )        ; 0.00 % ( 0 / 8213 )      ;
;                     ;                     ;                            ;                          ;
; Routing (by net)    ;                     ;                            ;                          ;
;     -- Requested    ; 0.00 % ( 0 / 0 )    ; 0.00 % ( 0 / 0 )           ; 0.00 % ( 0 / 0 )         ;
;     -- Achieved     ; 0.00 % ( 0 / 0 )    ; 0.00 % ( 0 / 0 )           ; 0.00 % ( 0 / 0 )         ;
+---------------------+---------------------+----------------------------+--------------------------+


+----------------------------------------------------------------------------------------------------------------------------------------------------------------------------------------+
; Incremental Compilation Partition Settings                                                                                                                                             ;
+--------------------------------+----------------+-------------------+-------------------------+------------------------+------------------------------+--------------------------------+
; Partition Name                 ; Partition Type ; Netlist Type Used ; Preservation Level Used ; Netlist Type Requested ; Preservation Level Requested ; Contents                       ;
+--------------------------------+----------------+-------------------+-------------------------+------------------------+------------------------------+--------------------------------+
; Top                            ; User-created   ; Source File       ; N/A                     ; Source File            ; N/A                          ;                                ;
; hard_block:auto_generated_inst ; Auto-generated ; Source File       ; N/A                     ; Source File            ; N/A                          ; hard_block:auto_generated_inst ;
+--------------------------------+----------------+-------------------+-------------------------+------------------------+------------------------------+--------------------------------+


+------------------------------------------------------------------------------------------------------------------------------------+
; Incremental Compilation Placement Preservation                                                                                     ;
+--------------------------------+-----------------------+-------------------------+-------------------+---------------------+-------+
; Partition Name                 ; Preservation Achieved ; Preservation Level Used ; Netlist Type Used ; Preservation Method ; Notes ;
+--------------------------------+-----------------------+-------------------------+-------------------+---------------------+-------+
; Top                            ; 0.00 % ( 0 / 8205 )   ; N/A                     ; Source File       ; N/A                 ;       ;
; hard_block:auto_generated_inst ; 0.00 % ( 0 / 8 )      ; N/A                     ; Source File       ; N/A                 ;       ;
+--------------------------------+-----------------------+-------------------------+-------------------+---------------------+-------+


+--------------+
; Pin-Out File ;
+--------------+
The pin-out file can be found in /home/test/neorv32_tpu/quartus/neorv32_tpu.pin.


+--------------------------------------------------------------------------+
; Fitter Resource Usage Summary                                            ;
+---------------------------------------------+----------------------------+
; Resource                                    ; Usage                      ;
+---------------------------------------------+----------------------------+
; Total logic elements                        ; 5,431 / 10,320 ( 53 % )    ;
;     -- Combinational with no register       ; 2399                       ;
;     -- Register only                        ; 690                        ;
;     -- Combinational with a register        ; 2342                       ;
;                                             ;                            ;
; Logic element usage by number of LUT inputs ;                            ;
;     -- 4 input functions                    ; 2203                       ;
;     -- 3 input functions                    ; 1837                       ;
;     -- <=2 input functions                  ; 701                        ;
;     -- Register only                        ; 690                        ;
;                                             ;                            ;
; Logic elements by mode                      ;                            ;
;     -- normal mode                          ; 3588                       ;
;     -- arithmetic mode                      ; 1153                       ;
;                                             ;                            ;
; Total registers*                            ; 3,085 / 11,172 ( 28 % )    ;
;     -- Dedicated logic registers            ; 3,032 / 10,320 ( 29 % )    ;
;     -- I/O registers                        ; 53 / 852 ( 6 % )           ;
;                                             ;                            ;
; Total LABs:  partially or completely used   ; 412 / 645 ( 64 % )         ;
; Virtual pins                                ; 0                          ;
; I/O pins                                    ; 51 / 180 ( 28 % )          ;
;     -- Clock pins                           ; 3 / 3 ( 100 % )            ;
;     -- Dedicated input pins                 ; 0 / 9 ( 0 % )              ;
;                                             ;                            ;
; M9Ks                                        ; 23 / 46 ( 50 % )           ;
; Total block memory bits                     ; 166,912 / 423,936 ( 39 % ) ;
; Total block memory implementation bits      ; 211,968 / 423,936 ( 50 % ) ;
; Embedded Multiplier 9-bit elements          ; 15 / 46 ( 33 % )           ;
; PLLs                                        ; 0 / 2 ( 0 % )              ;
; Global signals                              ; 3                          ;
;     -- Global clocks                        ; 3 / 10 ( 30 % )            ;
; JTAGs                                       ; 0 / 1 ( 0 % )              ;
; CRC blocks                                  ; 0 / 1 ( 0 % )              ;
; ASMI blocks                                 ; 0 / 1 ( 0 % )              ;
; Oscillator blocks                           ; 0 / 1 ( 0 % )              ;
; Impedance control blocks                    ; 0 / 4 ( 0 % )              ;
; Average interconnect usage (total/H/V)      ; 18.7% / 18.8% / 18.5%      ;
; Peak interconnect usage (total/H/V)         ; 29.4% / 28.8% / 30.3%      ;
; Maximum fan-out                             ; 3140                       ;
; Highest non-global fan-out                  ; 211                        ;
; Total fan-out                               ; 29150                      ;
; Average fan-out                             ; 3.41                       ;
+---------------------------------------------+----------------------------+
*  Register count does not include registers inside RAM blocks or DSP blocks.



+------------------------------------------------------------------------------------------------------+
; Fitter Partition Statistics                                                                          ;
+---------------------------------------------+-----------------------+--------------------------------+
; Statistic                                   ; Top                   ; hard_block:auto_generated_inst ;
+---------------------------------------------+-----------------------+--------------------------------+
; Difficulty Clustering Region                ; Low                   ; Low                            ;
;                                             ;                       ;                                ;
; Total logic elements                        ; 5431 / 10320 ( 53 % ) ; 0 / 10320 ( 0 % )              ;
;     -- Combinational with no register       ; 2399                  ; 0                              ;
;     -- Register only                        ; 690                   ; 0                              ;
;     -- Combinational with a register        ; 2342                  ; 0                              ;
;                                             ;                       ;                                ;
; Logic element usage by number of LUT inputs ;                       ;                                ;
;     -- 4 input functions                    ; 2203                  ; 0                              ;
;     -- 3 input functions                    ; 1837                  ; 0                              ;
;     -- <=2 input functions                  ; 701                   ; 0                              ;
;     -- Register only                        ; 690                   ; 0                              ;
;                                             ;                       ;                                ;
; Logic elements by mode                      ;                       ;                                ;
;     -- normal mode                          ; 3588                  ; 0                              ;
;     -- arithmetic mode                      ; 1153                  ; 0                              ;
;                                             ;                       ;                                ;
; Total registers                             ; 3085                  ; 0                              ;
;     -- Dedicated logic registers            ; 3032 / 10320 ( 29 % ) ; 0 / 10320 ( 0 % )              ;
;     -- I/O registers                        ; 106                   ; 0                              ;
;                                             ;                       ;                                ;
; Total LABs:  partially or completely used   ; 412 / 645 ( 64 % )    ; 0 / 645 ( 0 % )                ;
;                                             ;                       ;                                ;
; Virtual pins                                ; 0                     ; 0                              ;
; I/O pins                                    ; 51                    ; 0                              ;
; Embedded Multiplier 9-bit elements          ; 15 / 46 ( 33 % )      ; 0 / 46 ( 0 % )                 ;
; Total memory bits                           ; 166912                ; 0                              ;
; Total RAM block bits                        ; 211968                ; 0                              ;
; M9K                                         ; 23 / 46 ( 50 % )      ; 0 / 46 ( 0 % )                 ;
; Clock control block                         ; 3 / 12 ( 25 % )       ; 0 / 12 ( 0 % )                 ;
; Double Data Rate I/O output circuitry       ; 37 / 185 ( 20 % )     ; 0 / 185 ( 0 % )                ;
;                                             ;                       ;                                ;
; Connections                                 ;                       ;                                ;
;     -- Input Connections                    ; 16                    ; 0                              ;
;     -- Registered Input Connections         ; 0                     ; 0                              ;
;     -- Output Connections                   ; 16                    ; 0                              ;
;     -- Registered Output Connections        ; 0                     ; 0                              ;
;                                             ;                       ;                                ;
; Internal Connections                        ;                       ;                                ;
;     -- Total Connections                    ; 29764                 ; 4                              ;
;     -- Registered Connections               ; 9286                  ; 0                              ;
;                                             ;                       ;                                ;
; External Connections                        ;                       ;                                ;
;     -- Top                                  ; 32                    ; 0                              ;
;     -- hard_block:auto_generated_inst       ; 0                     ; 0                              ;
;                                             ;                       ;                                ;
; Partition Interface                         ;                       ;                                ;
;     -- Input Ports                          ; 4                     ; 0                              ;
;     -- Output Ports                         ; 31                    ; 0                              ;
;     -- Bidir Ports                          ; 16                    ; 0                              ;
;                                             ;                       ;                                ;
; Registered Ports                            ;                       ;                                ;
;     -- Registered Input Ports               ; 0                     ; 0                              ;
;     -- Registered Output Ports              ; 0                     ; 0                              ;
;                                             ;                       ;                                ;
; Port Connectivity                           ;                       ;                                ;
;     -- Input Ports driven by GND            ; 0                     ; 0                              ;
;     -- Output Ports driven by GND           ; 0                     ; 0                              ;
;     -- Input Ports driven by VCC            ; 0                     ; 0                              ;
;     -- Output Ports driven by VCC           ; 0                     ; 0                              ;
;     -- Input Ports with no Source           ; 0                     ; 0                              ;
;     -- Output Ports with no Source          ; 0                     ; 0                              ;
;     -- Input Ports with no Fanout           ; 0                     ; 0                              ;
;     -- Output Ports with no Fanout          ; 0                     ; 0                              ;
+---------------------------------------------+-----------------------+--------------------------------+


+----------------------------------------------------------------------------------------------------------------------------------------------------------------------------------------------------------------------------------------------------------------------------------------+
; Input Pins                                                                                                                                                                                                                                                                             ;
+-------+-------+----------+--------------+--------------+--------------+-----------------------+--------------------+--------+----------------+---------------+-----------------+----------+--------------+--------------+---------------------------+----------------------+-----------+
; Name  ; Pin # ; I/O Bank ; X coordinate ; Y coordinate ; Z coordinate ; Combinational Fan-Out ; Registered Fan-Out ; Global ; Input Register ; Power Up High ; PCI I/O Enabled ; Bus Hold ; Weak Pull Up ; I/O Standard ; Termination Control Block ; Location assigned by ; Slew Rate ;
+-------+-------+----------+--------------+--------------+--------------+-----------------------+--------------------+--------+----------------+---------------+-----------------+----------+--------------+--------------+---------------------------+----------------------+-----------+
; CLOCK ; E1    ; 1        ; 0            ; 11           ; 7            ; 3141                  ; 0                  ; yes    ; no             ; no            ; yes             ; no       ; Off          ; 3.3-V LVTTL  ; --                        ; User                 ; no        ;
; KEY2  ; E16   ; 6        ; 34           ; 12           ; 7            ; 6                     ; 0                  ; no     ; no             ; no            ; yes             ; no       ; Off          ; 3.3-V LVTTL  ; --                        ; User                 ; no        ;
; RXD   ; M2    ; 2        ; 0            ; 11           ; 14           ; 1                     ; 0                  ; no     ; no             ; no            ; yes             ; no       ; Off          ; 3.3-V LVTTL  ; --                        ; User                 ; no        ;
; SD_DO ; J16   ; 5        ; 34           ; 9            ; 0            ; 1                     ; 0                  ; no     ; no             ; no            ; yes             ; no       ; Off          ; 3.3-V LVTTL  ; --                        ; User                 ; no        ;
+-------+-------+----------+--------------+--------------+--------------+-----------------------+--------------------+--------+----------------+---------------+-----------------+----------+--------------+--------------+---------------------------+----------------------+-----------+


+-------------------------------------------------------------------------------------------------------------------------------------------------------------------------------------------------------------------------------------------------------------------------------------------------------------------------------------------------------------------------------------------------------------------------------------+
; Output Pins                                                                                                                                                                                                                                                                                                                                                                                                                         ;
+----------+-------+----------+--------------+--------------+--------------+-----------------+------------------------+---------------+-----------+-----------------+------------+---------------+----------+--------------+--------------+------------------+-------------+---------------------------+----------------------------+-----------------------------+----------------------+----------------------+---------------------+
; Name     ; Pin # ; I/O Bank ; X coordinate ; Y coordinate ; Z coordinate ; Output Register ; Output Enable Register ; Power Up High ; Slew Rate ; PCI I/O Enabled ; Open Drain ; TRI Primitive ; Bus Hold ; Weak Pull Up ; I/O Standard ; Current Strength ; Termination ; Termination Control Block ; Output Buffer Pre-emphasis ; Voltage Output Differential ; Location assigned by ; Output Enable Source ; Output Enable Group ;
+----------+-------+----------+--------------+--------------+--------------+-----------------+------------------------+---------------+-----------+-----------------+------------+---------------+----------+--------------+--------------+------------------+-------------+---------------------------+----------------------------+-----------------------------+----------------------+----------------------+---------------------+
; LED[0]   ; G15   ; 6        ; 34           ; 17           ; 14           ; no              ; no                     ; no            ; 2         ; no              ; no         ; no            ; no       ; Off          ; 3.3-V LVTTL  ; 8mA              ; Off         ; --                        ; no                         ; no                          ; User                 ; -                    ; -                   ;
; LED[1]   ; F16   ; 6        ; 34           ; 18           ; 21           ; no              ; no                     ; no            ; 2         ; no              ; no         ; no            ; no       ; Off          ; 3.3-V LVTTL  ; 8mA              ; Off         ; --                        ; no                         ; no                          ; User                 ; -                    ; -                   ;
; LED[2]   ; F15   ; 6        ; 34           ; 18           ; 14           ; no              ; no                     ; no            ; 2         ; no              ; no         ; no            ; no       ; Off          ; 3.3-V LVTTL  ; 8mA              ; Off         ; --                        ; no                         ; no                          ; User                 ; -                    ; -                   ;
; LED[3]   ; D16   ; 6        ; 34           ; 19           ; 7            ; no              ; no                     ; no            ; 2         ; no              ; no         ; no            ; no       ; Off          ; 3.3-V LVTTL  ; 8mA              ; Off         ; --                        ; no                         ; no                          ; User                 ; -                    ; -                   ;
; SD_CLK   ; J15   ; 5        ; 34           ; 10           ; 7            ; no              ; no                     ; no            ; 2         ; no              ; no         ; no            ; no       ; Off          ; 3.3-V LVTTL  ; 8mA              ; Off         ; --                        ; no                         ; no                          ; User                 ; -                    ; -                   ;
; SD_DI    ; K16   ; 5        ; 34           ; 9            ; 14           ; no              ; no                     ; no            ; 2         ; no              ; no         ; no            ; no       ; Off          ; 3.3-V LVTTL  ; 8mA              ; Off         ; --                        ; no                         ; no                          ; User                 ; -                    ; -                   ;
; SD_NCS   ; K15   ; 5        ; 34           ; 9            ; 7            ; no              ; no                     ; no            ; 2         ; no              ; no         ; no            ; no       ; Off          ; 3.3-V LVTTL  ; 8mA              ; Off         ; --                        ; no                         ; no                          ; User                 ; -                    ; -                   ;
; S_A[0]   ; T8    ; 3        ; 16           ; 0            ; 0            ; yes             ; no                     ; no            ; 2         ; no              ; no         ; no            ; no       ; Off          ; 3.3-V LVTTL  ; 8mA              ; Off         ; --                        ; no                         ; no                          ; User                 ; -                    ; -                   ;
; S_A[10]  ; R8    ; 3        ; 16           ; 0            ; 7            ; yes             ; no                     ; no            ; 2         ; no              ; no         ; no            ; no       ; Off          ; 3.3-V LVTTL  ; 8mA              ; Off         ; --                        ; no                         ; no                          ; User                 ; -                    ; -                   ;
; S_A[11]  ; R16   ; 5        ; 34           ; 5            ; 14           ; yes             ; no                     ; no            ; 2         ; no              ; no         ; no            ; no       ; Off          ; 3.3-V LVTTL  ; 8mA              ; Off         ; --                        ; no                         ; no                          ; User                 ; -                    ; -                   ;
; S_A[12]  ; T15   ; 4        ; 30           ; 0            ; 7            ; yes             ; no                     ; no            ; 2         ; no              ; no         ; no            ; no       ; Off          ; 3.3-V LVTTL  ; 8mA              ; Off         ; --                        ; no                         ; no                          ; User                 ; -                    ; -                   ;
; S_A[1]   ; P9    ; 4        ; 25           ; 0            ; 0            ; yes             ; no                     ; no            ; 2         ; no              ; no         ; no            ; no       ; Off          ; 3.3-V LVTTL  ; 8mA              ; Off         ; --                        ; no                         ; no                          ; User                 ; -                    ; -                   ;
; S_A[2]   ; T9    ; 4        ; 18           ; 0            ; 14           ; yes             ; no                     ; no            ; 2         ; no              ; no         ; no            ; no       ; Off          ; 3.3-V LVTTL  ; 8mA              ; Off         ; --                        ; no                         ; no                          ; User                 ; -                    ; -                   ;
; S_A[3]   ; R9    ; 4        ; 18           ; 0            ; 21           ; yes             ; no                     ; no            ; 2         ; no              ; no         ; no            ; no       ; Off          ; 3.3-V LVTTL  ; 8mA              ; Off         ; --                        ; no                         ; no                          ; User                 ; -                    ; -                   ;
; S_A[4]   ; L16   ; 5        ; 34           ; 8            ; 14           ; yes             ; no                     ; no            ; 2         ; no              ; no         ; no            ; no       ; Off          ; 3.3-V LVTTL  ; 8mA              ; Off         ; --                        ; no                         ; no                          ; User                 ; -                    ; -                   ;
; S_A[5]   ; L15   ; 5        ; 34           ; 8            ; 7            ; yes             ; no                     ; no            ; 2         ; no              ; no         ; no            ; no       ; Off          ; 3.3-V LVTTL  ; 8mA              ; Off         ; --                        ; no                         ; no                          ; User                 ; -                    ; -                   ;
; S_A[6]   ; N16   ; 5        ; 34           ; 7            ; 21           ; yes             ; no                     ; no            ; 2         ; no              ; no         ; no            ; no       ; Off          ; 3.3-V LVTTL  ; 8mA              ; Off         ; --                        ; no                         ; no                          ; User                 ; -                    ; -                   ;
; S_A[7]   ; N15   ; 5        ; 34           ; 7            ; 14           ; yes             ; no                     ; no            ; 2         ; no              ; no         ; no            ; no       ; Off          ; 3.3-V LVTTL  ; 8mA              ; Off         ; --                        ; no                         ; no                          ; User                 ; -                    ; -                   ;
; S_A[8]   ; P16   ; 5        ; 34           ; 5            ; 21           ; yes             ; no                     ; no            ; 2         ; no              ; no         ; no            ; no       ; Off          ; 3.3-V LVTTL  ; 8mA              ; Off         ; --                        ; no                         ; no                          ; User                 ; -                    ; -                   ;
; S_A[9]   ; P15   ; 5        ; 34           ; 4            ; 14           ; yes             ; no                     ; no            ; 2         ; no              ; no         ; no            ; no       ; Off          ; 3.3-V LVTTL  ; 8mA              ; Off         ; --                        ; no                         ; no                          ; User                 ; -                    ; -                   ;
; S_BA[0]  ; R7    ; 3        ; 11           ; 0            ; 0            ; yes             ; no                     ; no            ; 2         ; no              ; no         ; no            ; no       ; Off          ; 3.3-V LVTTL  ; 8mA              ; Off         ; --                        ; no                         ; no                          ; User                 ; -                    ; -                   ;
; S_BA[1]  ; T7    ; 3        ; 13           ; 0            ; 21           ; yes             ; no                     ; no            ; 2         ; no              ; no         ; no            ; no       ; Off          ; 3.3-V LVTTL  ; 8mA              ; Off         ; --                        ; no                         ; no                          ; User                 ; -                    ; -                   ;
; S_CKE    ; R14   ; 4        ; 30           ; 0            ; 0            ; no              ; no                     ; no            ; 2         ; no              ; no         ; no            ; no       ; Off          ; 3.3-V LVTTL  ; 8mA              ; Off         ; --                        ; no                         ; no                          ; User                 ; -                    ; -                   ;
; S_CLK    ; R4    ; 3        ; 5            ; 0            ; 21           ; no              ; no                     ; no            ; 2         ; no              ; no         ; no            ; no       ; Off          ; 3.3-V LVTTL  ; 8mA              ; Off         ; --                        ; no                         ; no                          ; User                 ; -                    ; -                   ;
; S_DQM[0] ; N2    ; 2        ; 0            ; 7            ; 14           ; yes             ; no                     ; no            ; 2         ; no              ; no         ; no            ; no       ; Off          ; 3.3-V LVTTL  ; 8mA              ; Off         ; --                        ; no                         ; no                          ; User                 ; -                    ; -                   ;
; S_DQM[1] ; T14   ; 4        ; 30           ; 0            ; 14           ; yes             ; no                     ; no            ; 2         ; no              ; no         ; no            ; no       ; Off          ; 3.3-V LVTTL  ; 8mA              ; Off         ; --                        ; no                         ; no                          ; User                 ; -                    ; -                   ;
; S_NCAS   ; T5    ; 3        ; 9            ; 0            ; 0            ; yes             ; no                     ; yes           ; 2         ; no              ; no         ; no            ; no       ; Off          ; 3.3-V LVTTL  ; 8mA              ; Off         ; --                        ; no                         ; no                          ; User                 ; -                    ; -                   ;
; S_NCS    ; T6    ; 3        ; 11           ; 0            ; 14           ; yes             ; no                     ; yes           ; 2         ; no              ; no         ; no            ; no       ; Off          ; 3.3-V LVTTL  ; 8mA              ; Off         ; --                        ; no                         ; no                          ; User                 ; -                    ; -                   ;
; S_NRAS   ; R6    ; 3        ; 11           ; 0            ; 21           ; yes             ; no                     ; yes           ; 2         ; no              ; no         ; no            ; no       ; Off          ; 3.3-V LVTTL  ; 8mA              ; Off         ; --                        ; no                         ; no                          ; User                 ; -                    ; -                   ;
; S_NWE    ; N1    ; 2        ; 0            ; 7            ; 21           ; yes             ; no                     ; yes           ; 2         ; no              ; no         ; no            ; no       ; Off          ; 3.3-V LVTTL  ; 8mA              ; Off         ; --                        ; no                         ; no                          ; User                 ; -                    ; -                   ;
; TXD      ; G1    ; 1        ; 0            ; 18           ; 21           ; no              ; no                     ; no            ; 2         ; no              ; no         ; no            ; no       ; Off          ; 3.3-V LVTTL  ; 8mA              ; Off         ; --                        ; no                         ; no                          ; User                 ; -                    ; -                   ;
+----------+-------+----------+--------------+--------------+--------------+-----------------+------------------------+---------------+-----------+-----------------+------------+---------------+----------+--------------+--------------+------------------+-------------+---------------------------+----------------------------+-----------------------------+----------------------+----------------------+---------------------+


+-----------------------------------------------------------------------------------------------------------------------------------------------------------------------------------------------------------------------------------------------------------------------------------------------------------------------------------------------------------------------------------------------------------------------------------------------------------------------------------------------------------------+
; Bidir Pins                                                                                                                                                                                                                                                                                                                                                                                                                                                                                                      ;
+----------+-------+----------+--------------+--------------+--------------+-----------------------+--------------------+--------+----------------+-----------------+------------------------+---------------+-----------+-----------------+------------+----------+--------------+--------------+------------------+--------------------+---------------------------+----------------------------+----------------------+----------------------+-----------------------------------------------------------------+
; Name     ; Pin # ; I/O Bank ; X coordinate ; Y coordinate ; Z coordinate ; Combinational Fan-Out ; Registered Fan-Out ; Global ; Input Register ; Output Register ; Output Enable Register ; Power Up High ; Slew Rate ; PCI I/O Enabled ; Open Drain ; Bus Hold ; Weak Pull Up ; I/O Standard ; Current Strength ; Output Termination ; Termination Control Block ; Output Buffer Pre-emphasis ; Location assigned by ; Output Enable Source ; Output Enable Group                                             ;
+----------+-------+----------+--------------+--------------+--------------+-----------------------+--------------------+--------+----------------+-----------------+------------------------+---------------+-----------+-----------------+------------+----------+--------------+--------------+------------------+--------------------+---------------------------+----------------------------+----------------------+----------------------+-----------------------------------------------------------------+
; S_DB[0]  ; R5    ; 3        ; 9            ; 0            ; 7            ; 1                     ; 1                  ; no     ; yes            ; yes             ; no                     ; no            ; 2         ; yes             ; no         ; no       ; Off          ; 3.3-V LVTTL  ; 8mA              ; Off                ; --                        ; no                         ; User                 ; 0 pF                 ; wb_sdram_ctrl:wb_sdram_inst|sdram_ctrl:u_sdram|dq_oe (inverted) ;
; S_DB[10] ; R12   ; 4        ; 23           ; 0            ; 0            ; 1                     ; 1                  ; no     ; yes            ; yes             ; no                     ; no            ; 2         ; yes             ; no         ; no       ; Off          ; 3.3-V LVTTL  ; 8mA              ; Off                ; --                        ; no                         ; User                 ; 0 pF                 ; wb_sdram_ctrl:wb_sdram_inst|sdram_ctrl:u_sdram|dq_oe (inverted) ;
; S_DB[11] ; T12   ; 4        ; 25           ; 0            ; 21           ; 1                     ; 1                  ; no     ; yes            ; yes             ; no                     ; no            ; 2         ; yes             ; no         ; no       ; Off          ; 3.3-V LVTTL  ; 8mA              ; Off                ; --                        ; no                         ; User                 ; 0 pF                 ; wb_sdram_ctrl:wb_sdram_inst|sdram_ctrl:u_sdram|dq_oe (inverted) ;
; S_DB[12] ; T10   ; 4        ; 21           ; 0            ; 0            ; 1                     ; 1                  ; no     ; yes            ; yes             ; no                     ; no            ; 2         ; yes             ; no         ; no       ; Off          ; 3.3-V LVTTL  ; 8mA              ; Off                ; --                        ; no                         ; User                 ; 0 pF                 ; wb_sdram_ctrl:wb_sdram_inst|sdram_ctrl:u_sdram|dq_oe (inverted) ;
; S_DB[13] ; R10   ; 4        ; 21           ; 0            ; 7            ; 1                     ; 1                  ; no     ; yes            ; yes             ; no                     ; no            ; 2         ; yes             ; no         ; no       ; Off          ; 3.3-V LVTTL  ; 8mA              ; Off                ; --                        ; no                         ; User                 ; 0 pF                 ; wb_sdram_ctrl:wb_sdram_inst|sdram_ctrl:u_sdram|dq_oe (inverted) ;
; S_DB[14] ; T11   ; 4        ; 23           ; 0            ; 7            ; 1                     ; 1                  ; no     ; yes            ; yes             ; no                     ; no            ; 2         ; yes             ; no         ; no       ; Off          ; 3.3-V LVTTL  ; 8mA              ; Off                ; --                        ; no                         ; User                 ; 0 pF                 ; wb_sdram_ctrl:wb_sdram_inst|sdram_ctrl:u_sdram|dq_oe (inverted) ;
; S_DB[15] ; R11   ; 4        ; 23           ; 0            ; 14           ; 1                     ; 1                  ; no     ; yes            ; yes             ; no                     ; no            ; 2         ; yes             ; no         ; no       ; Off          ; 3.3-V LVTTL  ; 8mA              ; Off                ; --                        ; no                         ; User                 ; 0 pF                 ; wb_sdram_ctrl:wb_sdram_inst|sdram_ctrl:u_sdram|dq_oe (inverted) ;
; S_DB[1]  ; T4    ; 3        ; 5            ; 0            ; 14           ; 1                     ; 1                  ; no     ; yes            ; yes             ; no                     ; no            ; 2         ; yes             ; no         ; no       ; Off          ; 3.3-V LVTTL  ; 8mA              ; Off                ; --                        ; no                         ; User                 ; 0 pF                 ; wb_sdram_ctrl:wb_sdram_inst|sdram_ctrl:u_sdram|dq_oe (inverted) ;
; S_DB[2]  ; T3    ; 3        ; 1            ; 0            ; 0            ; 1                     ; 1                  ; no     ; yes            ; yes             ; no                     ; no            ; 2         ; yes             ; no         ; no       ; Off          ; 3.3-V LVTTL  ; 8mA              ; Off                ; --                        ; no                         ; User                 ; 0 pF                 ; wb_sdram_ctrl:wb_sdram_inst|sdram_ctrl:u_sdram|dq_oe (inverted) ;
; S_DB[3]  ; R3    ; 3        ; 1            ; 0            ; 7            ; 1                     ; 1                  ; no     ; yes            ; yes             ; no                     ; no            ; 2         ; yes             ; no         ; no       ; Off          ; 3.3-V LVTTL  ; 8mA              ; Off                ; --                        ; no                         ; User                 ; 0 pF                 ; wb_sdram_ctrl:wb_sdram_inst|sdram_ctrl:u_sdram|dq_oe (inverted) ;
; S_DB[4]  ; T2    ; 3        ; 3            ; 0            ; 0            ; 1                     ; 1                  ; no     ; yes            ; yes             ; no                     ; no            ; 2         ; yes             ; no         ; no       ; Off          ; 3.3-V LVTTL  ; 8mA              ; Off                ; --                        ; no                         ; User                 ; 0 pF                 ; wb_sdram_ctrl:wb_sdram_inst|sdram_ctrl:u_sdram|dq_oe (inverted) ;
; S_DB[5]  ; R1    ; 2        ; 0            ; 5            ; 21           ; 1                     ; 1                  ; no     ; yes            ; yes             ; no                     ; no            ; 2         ; yes             ; no         ; no       ; Off          ; 3.3-V LVTTL  ; 8mA              ; Off                ; --                        ; no                         ; User                 ; 0 pF                 ; wb_sdram_ctrl:wb_sdram_inst|sdram_ctrl:u_sdram|dq_oe (inverted) ;
; S_DB[6]  ; P2    ; 2        ; 0            ; 4            ; 14           ; 1                     ; 1                  ; no     ; yes            ; yes             ; no                     ; no            ; 2         ; yes             ; no         ; no       ; Off          ; 3.3-V LVTTL  ; 8mA              ; Off                ; --                        ; no                         ; User                 ; 0 pF                 ; wb_sdram_ctrl:wb_sdram_inst|sdram_ctrl:u_sdram|dq_oe (inverted) ;
; S_DB[7]  ; P1    ; 2        ; 0            ; 4            ; 21           ; 1                     ; 1                  ; no     ; yes            ; yes             ; no                     ; no            ; 2         ; yes             ; no         ; no       ; Off          ; 3.3-V LVTTL  ; 8mA              ; Off                ; --                        ; no                         ; User                 ; 0 pF                 ; wb_sdram_ctrl:wb_sdram_inst|sdram_ctrl:u_sdram|dq_oe (inverted) ;
; S_DB[8]  ; R13   ; 4        ; 28           ; 0            ; 14           ; 1                     ; 1                  ; no     ; yes            ; yes             ; no                     ; no            ; 2         ; yes             ; no         ; no       ; Off          ; 3.3-V LVTTL  ; 8mA              ; Off                ; --                        ; no                         ; User                 ; 0 pF                 ; wb_sdram_ctrl:wb_sdram_inst|sdram_ctrl:u_sdram|dq_oe (inverted) ;
; S_DB[9]  ; T13   ; 4        ; 28           ; 0            ; 7            ; 1                     ; 1                  ; no     ; yes            ; yes             ; no                     ; no            ; 2         ; yes             ; no         ; no       ; Off          ; 3.3-V LVTTL  ; 8mA              ; Off                ; --                        ; no                         ; User                 ; 0 pF                 ; wb_sdram_ctrl:wb_sdram_inst|sdram_ctrl:u_sdram|dq_oe (inverted) ;
+----------+-------+----------+--------------+--------------+--------------+-----------------------+--------------------+--------+----------------+-----------------+------------------------+---------------+-----------+-----------------+------------+----------+--------------+--------------+------------------+--------------------+---------------------------+----------------------------+----------------------+----------------------+-----------------------------------------------------------------+


+-------------------------------------------------------------------------------------------------------------------------+
; Dual Purpose and Dedicated Pins                                                                                         ;
+----------+-----------------------------+--------------------------+-------------------------+---------------------------+
; Location ; Pin Name                    ; Reserved As              ; User Signal Name        ; Pin Type                  ;
+----------+-----------------------------+--------------------------+-------------------------+---------------------------+
; C1       ; DIFFIO_L1n, DATA1, ASDO     ; As input tri-stated      ; ~ALTERA_ASDO_DATA1~     ; Dual Purpose Pin          ;
; D2       ; DIFFIO_L2p, FLASH_nCE, nCSO ; As input tri-stated      ; ~ALTERA_FLASH_nCE_nCSO~ ; Dual Purpose Pin          ;
; F4       ; nSTATUS                     ; -                        ; -                       ; Dedicated Programming Pin ;
; H1       ; DCLK                        ; As output driving ground ; ~ALTERA_DCLK~           ; Dual Purpose Pin          ;
; H2       ; DATA0                       ; As input tri-stated      ; ~ALTERA_DATA0~          ; Dual Purpose Pin          ;
; H5       ; nCONFIG                     ; -                        ; -                       ; Dedicated Programming Pin ;
; J3       ; nCE                         ; -                        ; -                       ; Dedicated Programming Pin ;
; J16      ; DIFFIO_R7n, DEV_OE          ; Use as regular IO        ; SD_DO                   ; Dual Purpose Pin          ;
; J15      ; DIFFIO_R7p, DEV_CLRn        ; Use as regular IO        ; SD_CLK                  ; Dual Purpose Pin          ;
; H14      ; CONF_DONE                   ; -                        ; -                       ; Dedicated Programming Pin ;
; H13      ; MSEL0                       ; -                        ; -                       ; Dedicated Programming Pin ;
; H12      ; MSEL1                       ; -                        ; -                       ; Dedicated Programming Pin ;
; G12      ; MSEL2                       ; -                        ; -                       ; Dedicated Programming Pin ;
; G12      ; MSEL3                       ; -                        ; -                       ; Dedicated Programming Pin ;
; G15      ; DIFFIO_R4p, CRC_ERROR       ; Use as regular IO        ; LED[0]                  ; Dual Purpose Pin          ;
; F16      ; DIFFIO_R3n, nCEO            ; Use as programming pin   ; LED[1]                  ; Dual Purpose Pin          ;
; F15      ; DIFFIO_R3p, CLKUSR          ; Use as regular IO        ; LED[2]                  ; Dual Purpose Pin          ;
+----------+-----------------------------+--------------------------+-------------------------+---------------------------+


+------------------------------------------------------------+
; I/O Bank Usage                                             ;
+----------+------------------+---------------+--------------+
; I/O Bank ; Usage            ; VCCIO Voltage ; VREF Voltage ;
+----------+------------------+---------------+--------------+
; 1        ; 6 / 17 ( 35 % )  ; 3.3V          ; --           ;
; 2        ; 6 / 19 ( 32 % )  ; 3.3V          ; --           ;
; 3        ; 13 / 26 ( 50 % ) ; 3.3V          ; --           ;
; 4        ; 14 / 27 ( 52 % ) ; 3.3V          ; --           ;
; 5        ; 11 / 25 ( 44 % ) ; 3.3V          ; --           ;
; 6        ; 5 / 14 ( 36 % )  ; 3.3V          ; --           ;
; 7        ; 0 / 26 ( 0 % )   ; 3.3V          ; --           ;
; 8        ; 0 / 26 ( 0 % )   ; 3.3V          ; --           ;
+----------+------------------+---------------+--------------+


+-----------------------------------------------------------------------------------------------------------------------------------------------------------------------------------------+
; All Package Pins                                                                                                                                                                        ;
+----------+------------+----------+-----------------------------------------------------------+--------+--------------+---------+------------+-----------------+----------+--------------+
; Location ; Pad Number ; I/O Bank ; Pin Name/Usage                                            ; Dir.   ; I/O Standard ; Voltage ; I/O Type   ; User Assignment ; Bus Hold ; Weak Pull Up ;
+----------+------------+----------+-----------------------------------------------------------+--------+--------------+---------+------------+-----------------+----------+--------------+
; A1       ;            ; 8        ; VCCIO8                                                    ; power  ;              ; 3.3V    ; --         ;                 ; --       ; --           ;
; A2       ; 194        ; 8        ; RESERVED_INPUT                                            ;        ;              ;         ; Column I/O ;                 ; no       ; Off          ;
; A3       ; 200        ; 8        ; RESERVED_INPUT                                            ;        ;              ;         ; Column I/O ;                 ; no       ; Off          ;
; A4       ; 196        ; 8        ; RESERVED_INPUT                                            ;        ;              ;         ; Column I/O ;                 ; no       ; Off          ;
; A5       ; 192        ; 8        ; RESERVED_INPUT                                            ;        ;              ;         ; Column I/O ;                 ; no       ; Off          ;
; A6       ; 188        ; 8        ; RESERVED_INPUT                                            ;        ;              ;         ; Column I/O ;                 ; no       ; Off          ;
; A7       ; 183        ; 8        ; RESERVED_INPUT                                            ;        ;              ;         ; Column I/O ;                 ; no       ; Off          ;
; A8       ; 177        ; 8        ; RESERVED_INPUT                                            ;        ;              ;         ; Column I/O ;                 ; no       ; Off          ;
; A9       ; 175        ; 7        ; RESERVED_INPUT                                            ;        ;              ;         ; Column I/O ;                 ; no       ; Off          ;
; A10      ; 168        ; 7        ; RESERVED_INPUT                                            ;        ;              ;         ; Column I/O ;                 ; no       ; Off          ;
; A11      ; 161        ; 7        ; RESERVED_INPUT                                            ;        ;              ;         ; Column I/O ;                 ; no       ; Off          ;
; A12      ; 159        ; 7        ; RESERVED_INPUT                                            ;        ;              ;         ; Column I/O ;                 ; no       ; Off          ;
; A13      ; 153        ; 7        ; RESERVED_INPUT                                            ;        ;              ;         ; Column I/O ;                 ; no       ; Off          ;
; A14      ; 155        ; 7        ; RESERVED_INPUT                                            ;        ;              ;         ; Column I/O ;                 ; no       ; Off          ;
; A15      ; 167        ; 7        ; RESERVED_INPUT                                            ;        ;              ;         ; Column I/O ;                 ; no       ; Off          ;
; A16      ;            ; 7        ; VCCIO7                                                    ; power  ;              ; 3.3V    ; --         ;                 ; --       ; --           ;
; B1       ; 3          ; 1        ; RESERVED_INPUT                                            ;        ;              ;         ; Row I/O    ;                 ; no       ; Off          ;
; B2       ;            ;          ; GND                                                       ; gnd    ;              ;         ; --         ;                 ; --       ; --           ;
; B3       ; 201        ; 8        ; RESERVED_INPUT                                            ;        ;              ;         ; Column I/O ;                 ; no       ; Off          ;
; B4       ; 197        ; 8        ; RESERVED_INPUT                                            ;        ;              ;         ; Column I/O ;                 ; no       ; Off          ;
; B5       ; 195        ; 8        ; RESERVED_INPUT                                            ;        ;              ;         ; Column I/O ;                 ; no       ; Off          ;
; B6       ; 189        ; 8        ; RESERVED_INPUT                                            ;        ;              ;         ; Column I/O ;                 ; no       ; Off          ;
; B7       ; 184        ; 8        ; RESERVED_INPUT                                            ;        ;              ;         ; Column I/O ;                 ; no       ; Off          ;
; B8       ; 178        ; 8        ; RESERVED_INPUT                                            ;        ;              ;         ; Column I/O ;                 ; no       ; Off          ;
; B9       ; 176        ; 7        ; RESERVED_INPUT                                            ;        ;              ;         ; Column I/O ;                 ; no       ; Off          ;
; B10      ; 169        ; 7        ; RESERVED_INPUT                                            ;        ;              ;         ; Column I/O ;                 ; no       ; Off          ;
; B11      ; 162        ; 7        ; RESERVED_INPUT                                            ;        ;              ;         ; Column I/O ;                 ; no       ; Off          ;
; B12      ; 160        ; 7        ; RESERVED_INPUT                                            ;        ;              ;         ; Column I/O ;                 ; no       ; Off          ;
; B13      ; 154        ; 7        ; RESERVED_INPUT                                            ;        ;              ;         ; Column I/O ;                 ; no       ; Off          ;
; B14      ; 156        ; 7        ; RESERVED_INPUT                                            ;        ;              ;         ; Column I/O ;                 ; no       ; Off          ;
; B15      ;            ;          ; GND                                                       ; gnd    ;              ;         ; --         ;                 ; --       ; --           ;
; B16      ; 141        ; 6        ; RESERVED_INPUT                                            ;        ;              ;         ; Row I/O    ;                 ; no       ; Off          ;
; C1       ; 5          ; 1        ; ~ALTERA_ASDO_DATA1~ / RESERVED_INPUT_WITH_WEAK_PULLUP     ; input  ; 3.3-V LVTTL  ;         ; Row I/O    ; N               ; no       ; On           ;
; C2       ; 4          ; 1        ; RESERVED_INPUT                                            ;        ;              ;         ; Row I/O    ;                 ; no       ; Off          ;
; C3       ; 202        ; 8        ; RESERVED_INPUT                                            ;        ;              ;         ; Column I/O ;                 ; no       ; Off          ;
; C4       ;            ; 8        ; VCCIO8                                                    ; power  ;              ; 3.3V    ; --         ;                 ; --       ; --           ;
; C5       ;            ;          ; GND                                                       ; gnd    ;              ;         ; --         ;                 ; --       ; --           ;
; C6       ; 187        ; 8        ; RESERVED_INPUT                                            ;        ;              ;         ; Column I/O ;                 ; --       ; --           ;
; C7       ;            ; 8        ; VCCIO8                                                    ; power  ;              ; 3.3V    ; --         ;                 ; --       ; --           ;
; C8       ; 179        ; 8        ; RESERVED_INPUT                                            ;        ;              ;         ; Column I/O ;                 ; no       ; Off          ;
; C9       ; 172        ; 7        ; RESERVED_INPUT                                            ;        ;              ;         ; Column I/O ;                 ; no       ; Off          ;
; C10      ;            ; 7        ; VCCIO7                                                    ; power  ;              ; 3.3V    ; --         ;                 ; --       ; --           ;
; C11      ; 163        ; 7        ; RESERVED_INPUT                                            ;        ;              ;         ; Column I/O ;                 ; --       ; --           ;
; C12      ;            ;          ; GND                                                       ; gnd    ;              ;         ; --         ;                 ; --       ; --           ;
; C13      ;            ; 7        ; VCCIO7                                                    ; power  ;              ; 3.3V    ; --         ;                 ; --       ; --           ;
; C14      ; 149        ; 7        ; RESERVED_INPUT                                            ;        ;              ;         ; Column I/O ;                 ; no       ; Off          ;
; C15      ; 147        ; 6        ; RESERVED_INPUT                                            ;        ;              ;         ; Row I/O    ;                 ; no       ; Off          ;
; C16      ; 146        ; 6        ; RESERVED_INPUT                                            ;        ;              ;         ; Row I/O    ;                 ; no       ; Off          ;
; D1       ; 8          ; 1        ; RESERVED_INPUT                                            ;        ;              ;         ; Row I/O    ;                 ; no       ; Off          ;
; D2       ; 7          ; 1        ; ~ALTERA_FLASH_nCE_nCSO~ / RESERVED_INPUT_WITH_WEAK_PULLUP ; input  ; 3.3-V LVTTL  ;         ; Row I/O    ; N               ; no       ; On           ;
; D3       ; 203        ; 8        ; RESERVED_INPUT                                            ;        ;              ;         ; Column I/O ;                 ; no       ; Off          ;
; D4       ; 0          ; 1        ; RESERVED_INPUT                                            ;        ;              ;         ; Row I/O    ;                 ; no       ; Off          ;
; D5       ; 198        ; 8        ; RESERVED_INPUT                                            ;        ;              ;         ; Column I/O ;                 ; no       ; Off          ;
; D6       ; 199        ; 8        ; RESERVED_INPUT                                            ;        ;              ;         ; Column I/O ;                 ; no       ; Off          ;
; D7       ;            ;          ; GND                                                       ; gnd    ;              ;         ; --         ;                 ; --       ; --           ;
; D8       ; 180        ; 8        ; RESERVED_INPUT                                            ;        ;              ;         ; Column I/O ;                 ; no       ; Off          ;
; D9       ; 173        ; 7        ; RESERVED_INPUT                                            ;        ;              ;         ; Column I/O ;                 ; no       ; Off          ;
; D10      ;            ;          ; GND                                                       ; gnd    ;              ;         ; --         ;                 ; --       ; --           ;
; D11      ; 151        ; 7        ; RESERVED_INPUT                                            ;        ;              ;         ; Column I/O ;                 ; no       ; Off          ;
; D12      ; 152        ; 7        ; RESERVED_INPUT                                            ;        ;              ;         ; Column I/O ;                 ; no       ; Off          ;
; D13      ;            ;          ; VCCD_PLL2                                                 ; power  ;              ; 1.2V    ; --         ;                 ; --       ; --           ;
; D14      ; 150        ; 7        ; RESERVED_INPUT                                            ;        ;              ;         ; Column I/O ;                 ; no       ; Off          ;
; D15      ; 144        ; 6        ; RESERVED_INPUT                                            ;        ;              ;         ; Row I/O    ;                 ; no       ; Off          ;
; D16      ; 143        ; 6        ; LED[3]                                                    ; output ; 3.3-V LVTTL  ;         ; Row I/O    ; Y               ; no       ; Off          ;
; E1       ; 24         ; 1        ; CLOCK                                                     ; input  ; 3.3-V LVTTL  ;         ; Row I/O    ; Y               ; no       ; Off          ;
; E2       ;            ;          ; GND                                                       ; gnd    ;              ;         ; --         ;                 ; --       ; --           ;
; E3       ;            ; 1        ; VCCIO1                                                    ; power  ;              ; 3.3V    ; --         ;                 ; --       ; --           ;
; E4       ;            ;          ; GND                                                       ; gnd    ;              ;         ; --         ;                 ; --       ; --           ;
; E5       ; 1          ; 1        ; RESERVED_INPUT                                            ;        ;              ;         ; Row I/O    ;                 ; no       ; Off          ;
; E6       ; 191        ; 8        ; RESERVED_INPUT                                            ;        ;              ;         ; Column I/O ;                 ; no       ; Off          ;
; E7       ; 190        ; 8        ; RESERVED_INPUT                                            ;        ;              ;         ; Column I/O ;                 ; no       ; Off          ;
; E8       ; 181        ; 8        ; RESERVED_INPUT                                            ;        ;              ;         ; Column I/O ;                 ; no       ; Off          ;
; E9       ; 174        ; 7        ; RESERVED_INPUT                                            ;        ;              ;         ; Column I/O ;                 ; no       ; Off          ;
; E10      ; 158        ; 7        ; RESERVED_INPUT                                            ;        ;              ;         ; Column I/O ;                 ; no       ; Off          ;
; E11      ; 157        ; 7        ; RESERVED_INPUT                                            ;        ;              ;         ; Column I/O ;                 ; no       ; Off          ;
; E12      ;            ;          ; GNDA2                                                     ; gnd    ;              ;         ; --         ;                 ; --       ; --           ;
; E13      ;            ;          ; GND                                                       ; gnd    ;              ;         ; --         ;                 ; --       ; --           ;
; E14      ;            ; 6        ; VCCIO6                                                    ; power  ;              ; 3.3V    ; --         ;                 ; --       ; --           ;
; E15      ; 128        ; 6        ; GND+                                                      ;        ;              ;         ; Row I/O    ;                 ; --       ; --           ;
; E16      ; 127        ; 6        ; KEY2                                                      ; input  ; 3.3-V LVTTL  ;         ; Row I/O    ; Y               ; no       ; Off          ;
; F1       ; 12         ; 1        ; RESERVED_INPUT                                            ;        ;              ;         ; Row I/O    ;                 ; no       ; Off          ;
; F2       ; 11         ; 1        ; RESERVED_INPUT                                            ;        ;              ;         ; Row I/O    ;                 ; no       ; Off          ;
; F3       ; 6          ; 1        ; RESERVED_INPUT                                            ;        ;              ;         ; Row I/O    ;                 ; --       ; --           ;
; F4       ; 9          ; 1        ; ^nSTATUS                                                  ;        ;              ;         ; --         ;                 ; --       ; --           ;
; F5       ; 2          ; 1        ; RESERVED_INPUT                                            ;        ;              ;         ; Row I/O    ;                 ; no       ; Off          ;
; F6       ; 185        ; 8        ; RESERVED_INPUT                                            ;        ;              ;         ; Column I/O ;                 ; no       ; Off          ;
; F7       ; 186        ; 8        ; RESERVED_INPUT                                            ;        ;              ;         ; Column I/O ;                 ; no       ; Off          ;
; F8       ; 182        ; 8        ; RESERVED_INPUT                                            ;        ;              ;         ; Column I/O ;                 ; no       ; Off          ;
; F9       ; 165        ; 7        ; RESERVED_INPUT                                            ;        ;              ;         ; Column I/O ;                 ; no       ; Off          ;
; F10      ; 164        ; 7        ; RESERVED_INPUT                                            ;        ;              ;         ; Column I/O ;                 ; no       ; Off          ;
; F11      ; 166        ; 7        ; RESERVED_INPUT                                            ;        ;              ;         ; Column I/O ;                 ; no       ; Off          ;
; F12      ;            ; --       ; VCCA2                                                     ; power  ;              ; 2.5V    ; --         ;                 ; --       ; --           ;
; F13      ; 138        ; 6        ; RESERVED_INPUT                                            ;        ;              ;         ; Row I/O    ;                 ; no       ; Off          ;
; F14      ; 142        ; 6        ; RESERVED_INPUT                                            ;        ;              ;         ; Row I/O    ;                 ; --       ; --           ;
; F15      ; 140        ; 6        ; LED[2]                                                    ; output ; 3.3-V LVTTL  ;         ; Row I/O    ; Y               ; no       ; Off          ;
; F16      ; 139        ; 6        ; LED[1]                                                    ; output ; 3.3-V LVTTL  ;         ; Row I/O    ; Y               ; no       ; Off          ;
; G1       ; 14         ; 1        ; TXD                                                       ; output ; 3.3-V LVTTL  ;         ; Row I/O    ; Y               ; no       ; Off          ;
; G2       ; 13         ; 1        ; RESERVED_INPUT                                            ;        ;              ;         ; Row I/O    ;                 ; no       ; Off          ;
; G3       ;            ; 1        ; VCCIO1                                                    ; power  ;              ; 3.3V    ; --         ;                 ; --       ; --           ;
; G4       ;            ;          ; GND                                                       ; gnd    ;              ;         ; --         ;                 ; --       ; --           ;
; G5       ; 10         ; 1        ; RESERVED_INPUT                                            ;        ;              ;         ; Row I/O    ;                 ; no       ; Off          ;
; G6       ;            ;          ; VCCINT                                                    ; power  ;              ; 1.2V    ; --         ;                 ; --       ; --           ;
; G7       ;            ;          ; VCCINT                                                    ; power  ;              ; 1.2V    ; --         ;                 ; --       ; --           ;
; G8       ;            ;          ; VCCINT                                                    ; power  ;              ; 1.2V    ; --         ;                 ; --       ; --           ;
; G9       ;            ;          ; VCCINT                                                    ; power  ;              ; 1.2V    ; --         ;                 ; --       ; --           ;
; G10      ;            ;          ; VCCINT                                                    ; power  ;              ; 1.2V    ; --         ;                 ; --       ; --           ;
; G11      ; 145        ; 6        ; RESERVED_INPUT                                            ;        ;              ;         ; Row I/O    ;                 ; no       ; Off          ;
; G12      ; 132        ; 6        ; ^MSEL2                                                    ;        ;              ;         ; --         ;                 ; --       ; --           ;
; G12      ; 133        ; 6        ; ^MSEL3                                                    ;        ;              ;         ; --         ;                 ; --       ; --           ;
; G13      ;            ;          ; GND                                                       ; gnd    ;              ;         ; --         ;                 ; --       ; --           ;
; G14      ;            ; 6        ; VCCIO6                                                    ; power  ;              ; 3.3V    ; --         ;                 ; --       ; --           ;
; G15      ; 137        ; 6        ; LED[0]                                                    ; output ; 3.3-V LVTTL  ;         ; Row I/O    ; Y               ; no       ; Off          ;
; G16      ; 136        ; 6        ; RESERVED_INPUT                                            ;        ;              ;         ; Row I/O    ;                 ; no       ; Off          ;
; H1       ; 15         ; 1        ; ~ALTERA_DCLK~                                             ; output ; 3.3-V LVTTL  ;         ; Row I/O    ; N               ; no       ; On           ;
; H2       ; 16         ; 1        ; ~ALTERA_DATA0~ / RESERVED_INPUT_WITH_WEAK_PULLUP          ; input  ; 3.3-V LVTTL  ;         ; Row I/O    ; N               ; no       ; On           ;
; H3       ; 19         ; 1        ; #TCK                                                      ; input  ;              ;         ; --         ;                 ; --       ; --           ;
; H4       ; 18         ; 1        ; #TDI                                                      ; input  ;              ;         ; --         ;                 ; --       ; --           ;
; H5       ; 17         ; 1        ; ^nCONFIG                                                  ;        ;              ;         ; --         ;                 ; --       ; --           ;
; H6       ;            ;          ; VCCINT                                                    ; power  ;              ; 1.2V    ; --         ;                 ; --       ; --           ;
; H7       ;            ;          ; GND                                                       ; gnd    ;              ;         ; --         ;                 ; --       ; --           ;
; H8       ;            ;          ; GND                                                       ; gnd    ;              ;         ; --         ;                 ; --       ; --           ;
; H9       ;            ;          ; GND                                                       ; gnd    ;              ;         ; --         ;                 ; --       ; --           ;
; H10      ;            ;          ; GND                                                       ; gnd    ;              ;         ; --         ;                 ; --       ; --           ;
; H11      ;            ;          ; VCCINT                                                    ; power  ;              ; 1.2V    ; --         ;                 ; --       ; --           ;
; H12      ; 131        ; 6        ; ^MSEL1                                                    ;        ;              ;         ; --         ;                 ; --       ; --           ;
; H13      ; 130        ; 6        ; ^MSEL0                                                    ;        ;              ;         ; --         ;                 ; --       ; --           ;
; H14      ; 129        ; 6        ; ^CONF_DONE                                                ;        ;              ;         ; --         ;                 ; --       ; --           ;
; H15      ;            ;          ; GND                                                       ; gnd    ;              ;         ; --         ;                 ; --       ; --           ;
; H16      ;            ;          ; GND                                                       ; gnd    ;              ;         ; --         ;                 ; --       ; --           ;
; J1       ; 28         ; 2        ; RESERVED_INPUT                                            ;        ;              ;         ; Row I/O    ;                 ; no       ; Off          ;
; J2       ; 27         ; 2        ; RESERVED_INPUT                                            ;        ;              ;         ; Row I/O    ;                 ; no       ; Off          ;
; J3       ; 22         ; 1        ; ^nCE                                                      ;        ;              ;         ; --         ;                 ; --       ; --           ;
; J4       ; 21         ; 1        ; #TDO                                                      ; output ;              ;         ; --         ;                 ; --       ; --           ;
; J5       ; 20         ; 1        ; #TMS                                                      ; input  ;              ;         ; --         ;                 ; --       ; --           ;
; J6       ; 29         ; 2        ; RESERVED_INPUT                                            ;        ;              ;         ; Row I/O    ;                 ; no       ; Off          ;
; J7       ;            ;          ; GND                                                       ; gnd    ;              ;         ; --         ;                 ; --       ; --           ;
; J8       ;            ;          ; GND                                                       ; gnd    ;              ;         ; --         ;                 ; --       ; --           ;
; J9       ;            ;          ; GND                                                       ; gnd    ;              ;         ; --         ;                 ; --       ; --           ;
; J10      ;            ;          ; GND                                                       ; gnd    ;              ;         ; --         ;                 ; --       ; --           ;
; J11      ; 117        ; 5        ; RESERVED_INPUT                                            ;        ;              ;         ; Row I/O    ;                 ; no       ; Off          ;
; J12      ; 123        ; 5        ; RESERVED_INPUT                                            ;        ;              ;         ; Row I/O    ;                 ; no       ; Off          ;
; J13      ; 124        ; 5        ; RESERVED_INPUT                                            ;        ;              ;         ; Row I/O    ;                 ; no       ; Off          ;
; J14      ; 122        ; 5        ; RESERVED_INPUT                                            ;        ;              ;         ; Row I/O    ;                 ; no       ; Off          ;
; J15      ; 121        ; 5        ; SD_CLK                                                    ; output ; 3.3-V LVTTL  ;         ; Row I/O    ; Y               ; no       ; Off          ;
; J16      ; 120        ; 5        ; SD_DO                                                     ; input  ; 3.3-V LVTTL  ;         ; Row I/O    ; Y               ; no       ; Off          ;
; K1       ; 33         ; 2        ; RESERVED_INPUT                                            ;        ;              ;         ; Row I/O    ;                 ; no       ; Off          ;
; K2       ; 32         ; 2        ; RESERVED_INPUT                                            ;        ;              ;         ; Row I/O    ;                 ; no       ; Off          ;
; K3       ;            ; 2        ; VCCIO2                                                    ; power  ;              ; 3.3V    ; --         ;                 ; --       ; --           ;
; K4       ;            ;          ; GND                                                       ; gnd    ;              ;         ; --         ;                 ; --       ; --           ;
; K5       ; 39         ; 2        ; RESERVED_INPUT                                            ;        ;              ;         ; Row I/O    ;                 ; no       ; Off          ;
; K6       ; 30         ; 2        ; RESERVED_INPUT                                            ;        ;              ;         ; Row I/O    ;                 ; no       ; Off          ;
; K7       ;            ;          ; VCCINT                                                    ; power  ;              ; 1.2V    ; --         ;                 ; --       ; --           ;
; K8       ; 60         ; 3        ; RESERVED_INPUT                                            ;        ;              ;         ; Column I/O ;                 ; no       ; Off          ;
; K9       ; 76         ; 4        ; RESERVED_INPUT                                            ;        ;              ;         ; Column I/O ;                 ; no       ; Off          ;
; K10      ; 87         ; 4        ; RESERVED_INPUT                                            ;        ;              ;         ; Column I/O ;                 ; no       ; Off          ;
; K11      ; 110        ; 5        ; RESERVED_INPUT                                            ;        ;              ;         ; Row I/O    ;                 ; no       ; Off          ;
; K12      ; 105        ; 5        ; RESERVED_INPUT                                            ;        ;              ;         ; Row I/O    ;                 ; no       ; Off          ;
; K13      ;            ;          ; GND                                                       ; gnd    ;              ;         ; --         ;                 ; --       ; --           ;
; K14      ;            ; 5        ; VCCIO5                                                    ; power  ;              ; 3.3V    ; --         ;                 ; --       ; --           ;
; K15      ; 119        ; 5        ; SD_NCS                                                    ; output ; 3.3-V LVTTL  ;         ; Row I/O    ; Y               ; no       ; Off          ;
; K16      ; 118        ; 5        ; SD_DI                                                     ; output ; 3.3-V LVTTL  ;         ; Row I/O    ; Y               ; no       ; Off          ;
; L1       ; 35         ; 2        ; RESERVED_INPUT                                            ;        ;              ;         ; Row I/O    ;                 ; no       ; Off          ;
; L2       ; 34         ; 2        ; RESERVED_INPUT                                            ;        ;              ;         ; Row I/O    ;                 ; no       ; Off          ;
; L3       ; 36         ; 2        ; RESERVED_INPUT                                            ;        ;              ;         ; Row I/O    ;                 ; --       ; --           ;
; L4       ; 40         ; 2        ; RESERVED_INPUT                                            ;        ;              ;         ; Row I/O    ;                 ; no       ; Off          ;
; L5       ;            ; --       ; VCCA1                                                     ; power  ;              ; 2.5V    ; --         ;                 ; --       ; --           ;
; L6       ; 31         ; 2        ; RESERVED_INPUT                                            ;        ;              ;         ; Row I/O    ;                 ; no       ; Off          ;
; L7       ; 65         ; 3        ; RESERVED_INPUT                                            ;        ;              ;         ; Column I/O ;                 ; no       ; Off          ;
; L8       ; 68         ; 3        ; RESERVED_INPUT                                            ;        ;              ;         ; Column I/O ;                 ; no       ; Off          ;
; L9       ; 77         ; 4        ; RESERVED_INPUT                                            ;        ;              ;         ; Column I/O ;                 ; no       ; Off          ;
; L10      ; 88         ; 4        ; RESERVED_INPUT                                            ;        ;              ;         ; Column I/O ;                 ; no       ; Off          ;
; L11      ; 99         ; 4        ; RESERVED_INPUT                                            ;        ;              ;         ; Column I/O ;                 ; no       ; Off          ;
; L12      ; 104        ; 5        ; RESERVED_INPUT                                            ;        ;              ;         ; Row I/O    ;                 ; no       ; Off          ;
; L13      ; 114        ; 5        ; RESERVED_INPUT                                            ;        ;              ;         ; Row I/O    ;                 ; no       ; Off          ;
; L14      ; 113        ; 5        ; RESERVED_INPUT                                            ;        ;              ;         ; Row I/O    ;                 ; --       ; --           ;
; L15      ; 116        ; 5        ; S_A[5]                                                    ; output ; 3.3-V LVTTL  ;         ; Row I/O    ; Y               ; no       ; Off          ;
; L16      ; 115        ; 5        ; S_A[4]                                                    ; output ; 3.3-V LVTTL  ;         ; Row I/O    ; Y               ; no       ; Off          ;
; M1       ; 26         ; 2        ; GND+                                                      ;        ;              ;         ; Row I/O    ;                 ; --       ; --           ;
; M2       ; 25         ; 2        ; RXD                                                       ; input  ; 3.3-V LVTTL  ;         ; Row I/O    ; Y               ; no       ; Off          ;
; M3       ;            ; 2        ; VCCIO2                                                    ; power  ;              ; 3.3V    ; --         ;                 ; --       ; --           ;
; M4       ;            ;          ; GND                                                       ; gnd    ;              ;         ; --         ;                 ; --       ; --           ;
; M5       ;            ;          ; GNDA1                                                     ; gnd    ;              ;         ; --         ;                 ; --       ; --           ;
; M6       ; 57         ; 3        ; RESERVED_INPUT                                            ;        ;              ;         ; Column I/O ;                 ; no       ; Off          ;
; M7       ; 59         ; 3        ; RESERVED_INPUT                                            ;        ;              ;         ; Column I/O ;                 ; no       ; Off          ;
; M8       ; 69         ; 3        ; RESERVED_INPUT                                            ;        ;              ;         ; Column I/O ;                 ; no       ; Off          ;
; M9       ; 78         ; 4        ; RESERVED_INPUT                                            ;        ;              ;         ; Column I/O ;                 ; no       ; Off          ;
; M10      ; 93         ; 4        ; RESERVED_INPUT                                            ;        ;              ;         ; Column I/O ;                 ; no       ; Off          ;
; M11      ; 100        ; 4        ; RESERVED_INPUT                                            ;        ;              ;         ; Column I/O ;                 ; no       ; Off          ;
; M12      ; 103        ; 5        ; RESERVED_INPUT                                            ;        ;              ;         ; Row I/O    ;                 ; no       ; Off          ;
; M13      ;            ;          ; GND                                                       ; gnd    ;              ;         ; --         ;                 ; --       ; --           ;
; M14      ;            ; 5        ; VCCIO5                                                    ; power  ;              ; 3.3V    ; --         ;                 ; --       ; --           ;
; M15      ; 126        ; 5        ; GND+                                                      ;        ;              ;         ; Row I/O    ;                 ; --       ; --           ;
; M16      ; 125        ; 5        ; GND+                                                      ;        ;              ;         ; Row I/O    ;                 ; --       ; --           ;
; N1       ; 38         ; 2        ; S_NWE                                                     ; output ; 3.3-V LVTTL  ;         ; Row I/O    ; Y               ; no       ; Off          ;
; N2       ; 37         ; 2        ; S_DQM[0]                                                  ; output ; 3.3-V LVTTL  ;         ; Row I/O    ; Y               ; no       ; Off          ;
; N3       ; 45         ; 3        ; RESERVED_INPUT                                            ;        ;              ;         ; Column I/O ;                 ; no       ; Off          ;
; N4       ;            ;          ; VCCD_PLL1                                                 ; power  ;              ; 1.2V    ; --         ;                 ; --       ; --           ;
; N5       ; 55         ; 3        ; RESERVED_INPUT                                            ;        ;              ;         ; Column I/O ;                 ; no       ; Off          ;
; N6       ; 56         ; 3        ; RESERVED_INPUT                                            ;        ;              ;         ; Column I/O ;                 ; no       ; Off          ;
; N7       ;            ;          ; GND                                                       ; gnd    ;              ;         ; --         ;                 ; --       ; --           ;
; N8       ; 70         ; 3        ; RESERVED_INPUT                                            ;        ;              ;         ; Column I/O ;                 ; no       ; Off          ;
; N9       ; 79         ; 4        ; RESERVED_INPUT                                            ;        ;              ;         ; Column I/O ;                 ; no       ; Off          ;
; N10      ;            ;          ; GND                                                       ; gnd    ;              ;         ; --         ;                 ; --       ; --           ;
; N11      ; 94         ; 4        ; RESERVED_INPUT                                            ;        ;              ;         ; Column I/O ;                 ; no       ; Off          ;
; N12      ; 101        ; 4        ; RESERVED_INPUT                                            ;        ;              ;         ; Column I/O ;                 ; no       ; Off          ;
; N13      ; 102        ; 5        ; RESERVED_INPUT                                            ;        ;              ;         ; Row I/O    ;                 ; no       ; Off          ;
; N14      ; 106        ; 5        ; RESERVED_INPUT                                            ;        ;              ;         ; Row I/O    ;                 ; no       ; Off          ;
; N15      ; 112        ; 5        ; S_A[7]                                                    ; output ; 3.3-V LVTTL  ;         ; Row I/O    ; Y               ; no       ; Off          ;
; N16      ; 111        ; 5        ; S_A[6]                                                    ; output ; 3.3-V LVTTL  ;         ; Row I/O    ; Y               ; no       ; Off          ;
; P1       ; 44         ; 2        ; S_DB[7]                                                   ; bidir  ; 3.3-V LVTTL  ;         ; Row I/O    ; Y               ; no       ; Off          ;
; P2       ; 43         ; 2        ; S_DB[6]                                                   ; bidir  ; 3.3-V LVTTL  ;         ; Row I/O    ; Y               ; no       ; Off          ;
; P3       ; 46         ; 3        ; RESERVED_INPUT                                            ;        ;              ;         ; Column I/O ;                 ; no       ; Off          ;
; P4       ;            ; 3        ; VCCIO3                                                    ; power  ;              ; 3.3V    ; --         ;                 ; --       ; --           ;
; P5       ;            ;          ; GND                                                       ; gnd    ;              ;         ; --         ;                 ; --       ; --           ;
; P6       ; 58         ; 3        ; RESERVED_INPUT                                            ;        ;              ;         ; Column I/O ;                 ; --       ; --           ;
; P7       ;            ; 3        ; VCCIO3                                                    ; power  ;              ; 3.3V    ; --         ;                 ; --       ; --           ;
; P8       ; 71         ; 3        ; RESERVED_INPUT                                            ;        ;              ;         ; Column I/O ;                 ; no       ; Off          ;
; P9       ; 89         ; 4        ; S_A[1]                                                    ; output ; 3.3-V LVTTL  ;         ; Column I/O ; Y               ; no       ; Off          ;
; P10      ;            ; 4        ; VCCIO4                                                    ; power  ;              ; 3.3V    ; --         ;                 ; --       ; --           ;
; P11      ; 90         ; 4        ; RESERVED_INPUT                                            ;        ;              ;         ; Column I/O ;                 ; --       ; --           ;
; P12      ;            ;          ; GND                                                       ; gnd    ;              ;         ; --         ;                 ; --       ; --           ;
; P13      ;            ; 4        ; VCCIO4                                                    ; power  ;              ; 3.3V    ; --         ;                 ; --       ; --           ;
; P14      ; 98         ; 4        ; RESERVED_INPUT                                            ;        ;              ;         ; Column I/O ;                 ; no       ; Off          ;
; P15      ; 107        ; 5        ; S_A[9]                                                    ; output ; 3.3-V LVTTL  ;         ; Row I/O    ; Y               ; no       ; Off          ;
; P16      ; 108        ; 5        ; S_A[8]                                                    ; output ; 3.3-V LVTTL  ;         ; Row I/O    ; Y               ; no       ; Off          ;
; R1       ; 42         ; 2        ; S_DB[5]                                                   ; bidir  ; 3.3-V LVTTL  ;         ; Row I/O    ; Y               ; no       ; Off          ;
; R2       ;            ;          ; GND                                                       ; gnd    ;              ;         ; --         ;                 ; --       ; --           ;
; R3       ; 47         ; 3        ; S_DB[3]                                                   ; bidir  ; 3.3-V LVTTL  ;         ; Column I/O ; Y               ; no       ; Off          ;
; R4       ; 53         ; 3        ; S_CLK                                                     ; output ; 3.3-V LVTTL  ;         ; Column I/O ; Y               ; no       ; Off          ;
; R5       ; 61         ; 3        ; S_DB[0]                                                   ; bidir  ; 3.3-V LVTTL  ;         ; Column I/O ; Y               ; no       ; Off          ;
; R6       ; 63         ; 3        ; S_NRAS                                                    ; output ; 3.3-V LVTTL  ;         ; Column I/O ; Y               ; no       ; Off          ;
; R7       ; 66         ; 3        ; S_BA[0]                                                   ; output ; 3.3-V LVTTL  ;         ; Column I/O ; Y               ; no       ; Off          ;
; R8       ; 72         ; 3        ; S_A[10]                                                   ; output ; 3.3-V LVTTL  ;         ; Column I/O ; Y               ; no       ; Off          ;
; R9       ; 74         ; 4        ; S_A[3]                                                    ; output ; 3.3-V LVTTL  ;         ; Column I/O ; Y               ; no       ; Off          ;
; R10      ; 80         ; 4        ; S_DB[13]                                                  ; bidir  ; 3.3-V LVTTL  ;         ; Column I/O ; Y               ; no       ; Off          ;
; R11      ; 83         ; 4        ; S_DB[15]                                                  ; bidir  ; 3.3-V LVTTL  ;         ; Column I/O ; Y               ; no       ; Off          ;
; R12      ; 85         ; 4        ; S_DB[10]                                                  ; bidir  ; 3.3-V LVTTL  ;         ; Column I/O ; Y               ; no       ; Off          ;
; R13      ; 91         ; 4        ; S_DB[8]                                                   ; bidir  ; 3.3-V LVTTL  ;         ; Column I/O ; Y               ; no       ; Off          ;
; R14      ; 97         ; 4        ; S_CKE                                                     ; output ; 3.3-V LVTTL  ;         ; Column I/O ; Y               ; no       ; Off          ;
; R15      ;            ;          ; GND                                                       ; gnd    ;              ;         ; --         ;                 ; --       ; --           ;
; R16      ; 109        ; 5        ; S_A[11]                                                   ; output ; 3.3-V LVTTL  ;         ; Row I/O    ; Y               ; no       ; Off          ;
; T1       ;            ; 3        ; VCCIO3                                                    ; power  ;              ; 3.3V    ; --         ;                 ; --       ; --           ;
; T2       ; 52         ; 3        ; S_DB[4]                                                   ; bidir  ; 3.3-V LVTTL  ;         ; Column I/O ; Y               ; no       ; Off          ;
; T3       ; 48         ; 3        ; S_DB[2]                                                   ; bidir  ; 3.3-V LVTTL  ;         ; Column I/O ; Y               ; no       ; Off          ;
; T4       ; 54         ; 3        ; S_DB[1]                                                   ; bidir  ; 3.3-V LVTTL  ;         ; Column I/O ; Y               ; no       ; Off          ;
; T5       ; 62         ; 3        ; S_NCAS                                                    ; output ; 3.3-V LVTTL  ;         ; Column I/O ; Y               ; no       ; Off          ;
; T6       ; 64         ; 3        ; S_NCS                                                     ; output ; 3.3-V LVTTL  ;         ; Column I/O ; Y               ; no       ; Off          ;
; T7       ; 67         ; 3        ; S_BA[1]                                                   ; output ; 3.3-V LVTTL  ;         ; Column I/O ; Y               ; no       ; Off          ;
; T8       ; 73         ; 3        ; S_A[0]                                                    ; output ; 3.3-V LVTTL  ;         ; Column I/O ; Y               ; no       ; Off          ;
; T9       ; 75         ; 4        ; S_A[2]                                                    ; output ; 3.3-V LVTTL  ;         ; Column I/O ; Y               ; no       ; Off          ;
; T10      ; 81         ; 4        ; S_DB[12]                                                  ; bidir  ; 3.3-V LVTTL  ;         ; Column I/O ; Y               ; no       ; Off          ;
; T11      ; 84         ; 4        ; S_DB[14]                                                  ; bidir  ; 3.3-V LVTTL  ;         ; Column I/O ; Y               ; no       ; Off          ;
; T12      ; 86         ; 4        ; S_DB[11]                                                  ; bidir  ; 3.3-V LVTTL  ;         ; Column I/O ; Y               ; no       ; Off          ;
; T13      ; 92         ; 4        ; S_DB[9]                                                   ; bidir  ; 3.3-V LVTTL  ;         ; Column I/O ; Y               ; no       ; Off          ;
; T14      ; 95         ; 4        ; S_DQM[1]                                                  ; output ; 3.3-V LVTTL  ;         ; Column I/O ; Y               ; no       ; Off          ;
; T15      ; 96         ; 4        ; S_A[12]                                                   ; output ; 3.3-V LVTTL  ;         ; Column I/O ; Y               ; no       ; Off          ;
; T16      ;            ; 4        ; VCCIO4                                                    ; power  ;              ; 3.3V    ; --         ;                 ; --       ; --           ;
+----------+------------+----------+-----------------------------------------------------------+--------+--------------+---------+------------+-----------------+----------+--------------+
Note: Pin directions (input, output or bidir) are based on device operating in user mode.


+-----------------------------------+
; I/O Assignment Warnings           ;
+----------+------------------------+
; Pin Name ; Reason                 ;
+----------+------------------------+
; TXD      ; Missing drive strength ;
; LED[0]   ; Missing drive strength ;
; LED[1]   ; Missing drive strength ;
; LED[2]   ; Missing drive strength ;
; LED[3]   ; Missing drive strength ;
; SD_CLK   ; Missing drive strength ;
; SD_DI    ; Missing drive strength ;
; SD_NCS   ; Missing drive strength ;
+----------+------------------------+


+-------------------------------------------------------------------------------------------------------------------------------------------------------------------------------------------------------------------------------------------------------------------------------------------------------------------------------------------------------------------------------------------------------------------------------------------------------------------------------------------------------------------------------------------------------------------------------------------------------------------+
; Fitter Resource Utilization by Entity                                                                                                                                                                                                                                                                                                                                                                                                                                                                                                                                                                             ;
+--------------------------------------------------------------------------------------------------+-------------+---------------------------+---------------+-------------+------+--------------+---------+-----------+------+--------------+--------------+-------------------+------------------+----------------------------------------------------------------------------------------------------------------------------------------------------------------------------------------------------------------------------------------------------------------------+--------------------------+--------------+
; Compilation Hierarchy Node                                                                       ; Logic Cells ; Dedicated Logic Registers ; I/O Registers ; Memory Bits ; M9Ks ; DSP Elements ; DSP 9x9 ; DSP 18x18 ; Pins ; Virtual Pins ; LUT-Only LCs ; Register-Only LCs ; LUT/Register LCs ; Full Hierarchy Name                                                                                                                                                                                                                                                  ; Entity Name              ; Library Name ;
+--------------------------------------------------------------------------------------------------+-------------+---------------------------+---------------+-------------+------+--------------+---------+-----------+------+--------------+--------------+-------------------+------------------+----------------------------------------------------------------------------------------------------------------------------------------------------------------------------------------------------------------------------------------------------------------------+--------------------------+--------------+
; |ax301_top                                                                                       ; 5431 (7)    ; 3032 (4)                  ; 53 (53)       ; 166912      ; 23   ; 15           ; 15      ; 0         ; 51   ; 0            ; 2399 (3)     ; 690 (0)           ; 2342 (4)         ; |ax301_top                                                                                                                                                                                                                                                           ; ax301_top                ; work         ;
;    |neorv32_top:neorv32_top_inst|                                                                ; 4115 (0)    ; 1960 (0)                  ; 0 (0)         ; 166912      ; 23   ; 0            ; 0       ; 0         ; 0    ; 0            ; 2095 (0)     ; 427 (0)           ; 1593 (0)         ; |ax301_top|neorv32_top:neorv32_top_inst                                                                                                                                                                                                                              ; neorv32_top              ; neorv32      ;
;       |neorv32_bootrom:\io_system:neorv32_bootrom_enabled:neorv32_boot_rom_inst|                 ; 1 (1)       ; 1 (1)                     ; 0 (0)         ; 32768       ; 4    ; 0            ; 0       ; 0         ; 0    ; 0            ; 0 (0)        ; 0 (0)             ; 1 (1)            ; |ax301_top|neorv32_top:neorv32_top_inst|neorv32_bootrom:\io_system:neorv32_bootrom_enabled:neorv32_boot_rom_inst                                                                                                                                                     ; neorv32_bootrom          ; neorv32      ;
;          |neorv32_bootrom_rom:bootrom_rom_inst|                                                  ; 0 (0)       ; 0 (0)                     ; 0 (0)         ; 32768       ; 4    ; 0            ; 0       ; 0         ; 0    ; 0            ; 0 (0)        ; 0 (0)             ; 0 (0)            ; |ax301_top|neorv32_top:neorv32_top_inst|neorv32_bootrom:\io_system:neorv32_bootrom_enabled:neorv32_boot_rom_inst|neorv32_bootrom_rom:bootrom_rom_inst                                                                                                                ; neorv32_bootrom_rom      ; neorv32      ;
;             |altsyncram:Mux26_rtl_0|                                                             ; 0 (0)       ; 0 (0)                     ; 0 (0)         ; 32768       ; 4    ; 0            ; 0       ; 0         ; 0    ; 0            ; 0 (0)        ; 0 (0)             ; 0 (0)            ; |ax301_top|neorv32_top:neorv32_top_inst|neorv32_bootrom:\io_system:neorv32_bootrom_enabled:neorv32_boot_rom_inst|neorv32_bootrom_rom:bootrom_rom_inst|altsyncram:Mux26_rtl_0                                                                                         ; altsyncram               ; work         ;
;                |altsyncram_ct01:auto_generated|                                                  ; 0 (0)       ; 0 (0)                     ; 0 (0)         ; 32768       ; 4    ; 0            ; 0       ; 0         ; 0    ; 0            ; 0 (0)        ; 0 (0)             ; 0 (0)            ; |ax301_top|neorv32_top:neorv32_top_inst|neorv32_bootrom:\io_system:neorv32_bootrom_enabled:neorv32_boot_rom_inst|neorv32_bootrom_rom:bootrom_rom_inst|altsyncram:Mux26_rtl_0|altsyncram_ct01:auto_generated                                                          ; altsyncram_ct01          ; work         ;
;       |neorv32_bus_amo_rmw:\atomics:neorv32_bus_amo_rmw_enabled:neorv32_bus_amo_rmw_inst|        ; 315 (315)   ; 105 (105)                 ; 0 (0)         ; 0           ; 0    ; 0            ; 0       ; 0         ; 0    ; 0            ; 182 (182)    ; 60 (60)           ; 73 (73)          ; |ax301_top|neorv32_top:neorv32_top_inst|neorv32_bus_amo_rmw:\atomics:neorv32_bus_amo_rmw_enabled:neorv32_bus_amo_rmw_inst                                                                                                                                            ; neorv32_bus_amo_rmw      ; neorv32      ;
;       |neorv32_bus_amo_rvs:\atomics:neorv32_bus_amo_rvs_enabled:neorv32_bus_amo_rvs_inst|        ; 107 (107)   ; 3 (3)                     ; 0 (0)         ; 0           ; 0    ; 0            ; 0       ; 0         ; 0    ; 0            ; 66 (66)      ; 0 (0)             ; 41 (41)          ; |ax301_top|neorv32_top:neorv32_top_inst|neorv32_bus_amo_rvs:\atomics:neorv32_bus_amo_rvs_enabled:neorv32_bus_amo_rvs_inst                                                                                                                                            ; neorv32_bus_amo_rvs      ; neorv32      ;
;       |neorv32_bus_gateway:neorv32_bus_gateway_inst|                                             ; 40 (40)     ; 17 (17)                   ; 0 (0)         ; 0           ; 0    ; 0            ; 0       ; 0         ; 0    ; 0            ; 23 (23)      ; 2 (2)             ; 15 (15)          ; |ax301_top|neorv32_top:neorv32_top_inst|neorv32_bus_gateway:neorv32_bus_gateway_inst                                                                                                                                                                                 ; neorv32_bus_gateway      ; neorv32      ;
;       |neorv32_bus_io_switch:\io_system:neorv32_bus_io_switch_inst|                              ; 122 (35)    ; 87 (0)                    ; 0 (0)         ; 0           ; 0    ; 0            ; 0       ; 0         ; 0    ; 0            ; 34 (34)      ; 39 (0)            ; 49 (35)          ; |ax301_top|neorv32_top:neorv32_top_inst|neorv32_bus_io_switch:\io_system:neorv32_bus_io_switch_inst                                                                                                                                                                  ; neorv32_bus_io_switch    ; neorv32      ;
;          |neorv32_bus_reg:neorv32_bus_reg_inst|                                                  ; 87 (87)     ; 87 (87)                   ; 0 (0)         ; 0           ; 0    ; 0            ; 0       ; 0         ; 0    ; 0            ; 0 (0)        ; 39 (39)           ; 48 (48)          ; |ax301_top|neorv32_top:neorv32_top_inst|neorv32_bus_io_switch:\io_system:neorv32_bus_io_switch_inst|neorv32_bus_reg:neorv32_bus_reg_inst                                                                                                                             ; neorv32_bus_reg          ; neorv32      ;
;       |neorv32_bus_switch:\core_complex_gen:0:neorv32_core_bus_switch_inst|                      ; 87 (87)     ; 8 (8)                     ; 0 (0)         ; 0           ; 0    ; 0            ; 0       ; 0         ; 0    ; 0            ; 43 (43)      ; 0 (0)             ; 44 (44)          ; |ax301_top|neorv32_top:neorv32_top_inst|neorv32_bus_switch:\core_complex_gen:0:neorv32_core_bus_switch_inst                                                                                                                                                          ; neorv32_bus_switch       ; neorv32      ;
;       |neorv32_cache:\core_complex_gen:0:neorv32_icache_enabled:neorv32_icache_inst|             ; 299 (196)   ; 193 (73)                  ; 0 (0)         ; 2048        ; 1    ; 0            ; 0       ; 0         ; 0    ; 0            ; 75 (75)      ; 66 (11)           ; 158 (110)        ; |ax301_top|neorv32_top:neorv32_top_inst|neorv32_cache:\core_complex_gen:0:neorv32_icache_enabled:neorv32_icache_inst                                                                                                                                                 ; neorv32_cache            ; neorv32      ;
;          |neorv32_cache_ram:neorv32_cache_ram_inst|                                              ; 120 (0)     ; 120 (0)                   ; 0 (0)         ; 2048        ; 1    ; 0            ; 0       ; 0         ; 0    ; 0            ; 0 (0)        ; 55 (0)            ; 65 (0)           ; |ax301_top|neorv32_top:neorv32_top_inst|neorv32_cache:\core_complex_gen:0:neorv32_icache_enabled:neorv32_icache_inst|neorv32_cache_ram:neorv32_cache_ram_inst                                                                                                        ; neorv32_cache_ram        ; neorv32      ;
;             |neorv32_prim_spram:\data_ram_gen:0:data_ram_inst|                                   ; 0 (0)       ; 0 (0)                     ; 0 (0)         ; 512         ; 1    ; 0            ; 0       ; 0         ; 0    ; 0            ; 0 (0)        ; 0 (0)             ; 0 (0)            ; |ax301_top|neorv32_top:neorv32_top_inst|neorv32_cache:\core_complex_gen:0:neorv32_icache_enabled:neorv32_icache_inst|neorv32_cache_ram:neorv32_cache_ram_inst|neorv32_prim_spram:\data_ram_gen:0:data_ram_inst                                                       ; neorv32_prim_spram       ; neorv32      ;
;                |altsyncram:spram_rtl_0|                                                          ; 0 (0)       ; 0 (0)                     ; 0 (0)         ; 512         ; 1    ; 0            ; 0       ; 0         ; 0    ; 0            ; 0 (0)        ; 0 (0)             ; 0 (0)            ; |ax301_top|neorv32_top:neorv32_top_inst|neorv32_cache:\core_complex_gen:0:neorv32_icache_enabled:neorv32_icache_inst|neorv32_cache_ram:neorv32_cache_ram_inst|neorv32_prim_spram:\data_ram_gen:0:data_ram_inst|altsyncram:spram_rtl_0                                ; altsyncram               ; work         ;
;                   |altsyncram_pa81:auto_generated|                                               ; 0 (0)       ; 0 (0)                     ; 0 (0)         ; 512         ; 1    ; 0            ; 0       ; 0         ; 0    ; 0            ; 0 (0)        ; 0 (0)             ; 0 (0)            ; |ax301_top|neorv32_top:neorv32_top_inst|neorv32_cache:\core_complex_gen:0:neorv32_icache_enabled:neorv32_icache_inst|neorv32_cache_ram:neorv32_cache_ram_inst|neorv32_prim_spram:\data_ram_gen:0:data_ram_inst|altsyncram:spram_rtl_0|altsyncram_pa81:auto_generated ; altsyncram_pa81          ; work         ;
;             |neorv32_prim_spram:\data_ram_gen:1:data_ram_inst|                                   ; 0 (0)       ; 0 (0)                     ; 0 (0)         ; 512         ; 0    ; 0            ; 0       ; 0         ; 0    ; 0            ; 0 (0)        ; 0 (0)             ; 0 (0)            ; |ax301_top|neorv32_top:neorv32_top_inst|neorv32_cache:\core_complex_gen:0:neorv32_icache_enabled:neorv32_icache_inst|neorv32_cache_ram:neorv32_cache_ram_inst|neorv32_prim_spram:\data_ram_gen:1:data_ram_inst                                                       ; neorv32_prim_spram       ; neorv32      ;
;                |altsyncram:spram_rtl_0|                                                          ; 0 (0)       ; 0 (0)                     ; 0 (0)         ; 512         ; 0    ; 0            ; 0       ; 0         ; 0    ; 0            ; 0 (0)        ; 0 (0)             ; 0 (0)            ; |ax301_top|neorv32_top:neorv32_top_inst|neorv32_cache:\core_complex_gen:0:neorv32_icache_enabled:neorv32_icache_inst|neorv32_cache_ram:neorv32_cache_ram_inst|neorv32_prim_spram:\data_ram_gen:1:data_ram_inst|altsyncram:spram_rtl_0                                ; altsyncram               ; work         ;
;                   |altsyncram_pa81:auto_generated|                                               ; 0 (0)       ; 0 (0)                     ; 0 (0)         ; 512         ; 0    ; 0            ; 0       ; 0         ; 0    ; 0            ; 0 (0)        ; 0 (0)             ; 0 (0)            ; |ax301_top|neorv32_top:neorv32_top_inst|neorv32_cache:\core_complex_gen:0:neorv32_icache_enabled:neorv32_icache_inst|neorv32_cache_ram:neorv32_cache_ram_inst|neorv32_prim_spram:\data_ram_gen:1:data_ram_inst|altsyncram:spram_rtl_0|altsyncram_pa81:auto_generated ; altsyncram_pa81          ; work         ;
;             |neorv32_prim_spram:\data_ram_gen:2:data_ram_inst|                                   ; 0 (0)       ; 0 (0)                     ; 0 (0)         ; 512         ; 0    ; 0            ; 0       ; 0         ; 0    ; 0            ; 0 (0)        ; 0 (0)             ; 0 (0)            ; |ax301_top|neorv32_top:neorv32_top_inst|neorv32_cache:\core_complex_gen:0:neorv32_icache_enabled:neorv32_icache_inst|neorv32_cache_ram:neorv32_cache_ram_inst|neorv32_prim_spram:\data_ram_gen:2:data_ram_inst                                                       ; neorv32_prim_spram       ; neorv32      ;
;                |altsyncram:spram_rtl_0|                                                          ; 0 (0)       ; 0 (0)                     ; 0 (0)         ; 512         ; 0    ; 0            ; 0       ; 0         ; 0    ; 0            ; 0 (0)        ; 0 (0)             ; 0 (0)            ; |ax301_top|neorv32_top:neorv32_top_inst|neorv32_cache:\core_complex_gen:0:neorv32_icache_enabled:neorv32_icache_inst|neorv32_cache_ram:neorv32_cache_ram_inst|neorv32_prim_spram:\data_ram_gen:2:data_ram_inst|altsyncram:spram_rtl_0                                ; altsyncram               ; work         ;
;                   |altsyncram_pa81:auto_generated|                                               ; 0 (0)       ; 0 (0)                     ; 0 (0)         ; 512         ; 0    ; 0            ; 0       ; 0         ; 0    ; 0            ; 0 (0)        ; 0 (0)             ; 0 (0)            ; |ax301_top|neorv32_top:neorv32_top_inst|neorv32_cache:\core_complex_gen:0:neorv32_icache_enabled:neorv32_icache_inst|neorv32_cache_ram:neorv32_cache_ram_inst|neorv32_prim_spram:\data_ram_gen:2:data_ram_inst|altsyncram:spram_rtl_0|altsyncram_pa81:auto_generated ; altsyncram_pa81          ; work         ;
;             |neorv32_prim_spram:\data_ram_gen:3:data_ram_inst|                                   ; 0 (0)       ; 0 (0)                     ; 0 (0)         ; 512         ; 0    ; 0            ; 0       ; 0         ; 0    ; 0            ; 0 (0)        ; 0 (0)             ; 0 (0)            ; |ax301_top|neorv32_top:neorv32_top_inst|neorv32_cache:\core_complex_gen:0:neorv32_icache_enabled:neorv32_icache_inst|neorv32_cache_ram:neorv32_cache_ram_inst|neorv32_prim_spram:\data_ram_gen:3:data_ram_inst                                                       ; neorv32_prim_spram       ; neorv32      ;
;                |altsyncram:spram_rtl_0|                                                          ; 0 (0)       ; 0 (0)                     ; 0 (0)         ; 512         ; 0    ; 0            ; 0       ; 0         ; 0    ; 0            ; 0 (0)        ; 0 (0)             ; 0 (0)            ; |ax301_top|neorv32_top:neorv32_top_inst|neorv32_cache:\core_complex_gen:0:neorv32_icache_enabled:neorv32_icache_inst|neorv32_cache_ram:neorv32_cache_ram_inst|neorv32_prim_spram:\data_ram_gen:3:data_ram_inst|altsyncram:spram_rtl_0                                ; altsyncram               ; work         ;
;                   |altsyncram_pa81:auto_generated|                                               ; 0 (0)       ; 0 (0)                     ; 0 (0)         ; 512         ; 0    ; 0            ; 0       ; 0         ; 0    ; 0            ; 0 (0)        ; 0 (0)             ; 0 (0)            ; |ax301_top|neorv32_top:neorv32_top_inst|neorv32_cache:\core_complex_gen:0:neorv32_icache_enabled:neorv32_icache_inst|neorv32_cache_ram:neorv32_cache_ram_inst|neorv32_prim_spram:\data_ram_gen:3:data_ram_inst|altsyncram:spram_rtl_0|altsyncram_pa81:auto_generated ; altsyncram_pa81          ; work         ;
;             |neorv32_prim_spram:tag_ram_inst|                                                    ; 120 (120)   ; 120 (120)                 ; 0 (0)         ; 0           ; 0    ; 0            ; 0       ; 0         ; 0    ; 0            ; 0 (0)        ; 55 (55)           ; 65 (65)          ; |ax301_top|neorv32_top:neorv32_top_inst|neorv32_cache:\core_complex_gen:0:neorv32_icache_enabled:neorv32_icache_inst|neorv32_cache_ram:neorv32_cache_ram_inst|neorv32_prim_spram:tag_ram_inst                                                                        ; neorv32_prim_spram       ; neorv32      ;
;       |neorv32_clint:\io_system:neorv32_clint_enabled:neorv32_clint_inst|                        ; 364 (86)    ; 166 (34)                  ; 0 (0)         ; 0           ; 0    ; 0            ; 0       ; 0         ; 0    ; 0            ; 190 (45)     ; 41 (1)            ; 133 (40)         ; |ax301_top|neorv32_top:neorv32_top_inst|neorv32_clint:\io_system:neorv32_clint_enabled:neorv32_clint_inst                                                                                                                                                            ; neorv32_clint            ; neorv32      ;
;          |neorv32_clint_mtimecmp:\neorv32_clint_mtimecmp_gen:0:neorv32_clint_mtimecmp_inst|      ; 184 (184)   ; 66 (66)                   ; 0 (0)         ; 0           ; 0    ; 0            ; 0       ; 0         ; 0    ; 0            ; 117 (117)    ; 40 (40)           ; 27 (27)          ; |ax301_top|neorv32_top:neorv32_top_inst|neorv32_clint:\io_system:neorv32_clint_enabled:neorv32_clint_inst|neorv32_clint_mtimecmp:\neorv32_clint_mtimecmp_gen:0:neorv32_clint_mtimecmp_inst                                                                           ; neorv32_clint_mtimecmp   ; neorv32      ;
;          |neorv32_prim_cnt:neorv32_clint_mtime_inst|                                             ; 98 (98)     ; 66 (66)                   ; 0 (0)         ; 0           ; 0    ; 0            ; 0       ; 0         ; 0    ; 0            ; 28 (28)      ; 0 (0)             ; 70 (70)          ; |ax301_top|neorv32_top:neorv32_top_inst|neorv32_clint:\io_system:neorv32_clint_enabled:neorv32_clint_inst|neorv32_prim_cnt:neorv32_clint_mtime_inst                                                                                                                  ; neorv32_prim_cnt         ; neorv32      ;
;       |neorv32_cpu:\core_complex_gen:0:neorv32_cpu_inst|                                         ; 2356 (117)  ; 981 (0)                   ; 0 (0)         ; 1024        ; 2    ; 0            ; 0       ; 0         ; 0    ; 0            ; 1375 (116)   ; 91 (0)            ; 890 (2)          ; |ax301_top|neorv32_top:neorv32_top_inst|neorv32_cpu:\core_complex_gen:0:neorv32_cpu_inst                                                                                                                                                                             ; neorv32_cpu              ; neorv32      ;
;          |neorv32_cpu_alu:neorv32_cpu_alu_inst|                                                  ; 687 (213)   ; 177 (0)                   ; 0 (0)         ; 0           ; 0    ; 0            ; 0       ; 0         ; 0    ; 0            ; 446 (149)    ; 1 (0)             ; 240 (64)         ; |ax301_top|neorv32_top:neorv32_top_inst|neorv32_cpu:\core_complex_gen:0:neorv32_cpu_inst|neorv32_cpu_alu:neorv32_cpu_alu_inst                                                                                                                                        ; neorv32_cpu_alu          ; neorv32      ;
;             |neorv32_cpu_alu_muldiv:\neorv32_cpu_alu_muldiv_enabled:neorv32_cpu_alu_muldiv_inst| ; 425 (425)   ; 138 (138)                 ; 0 (0)         ; 0           ; 0    ; 0            ; 0       ; 0         ; 0    ; 0            ; 287 (287)    ; 1 (1)             ; 137 (137)        ; |ax301_top|neorv32_top:neorv32_top_inst|neorv32_cpu:\core_complex_gen:0:neorv32_cpu_inst|neorv32_cpu_alu:neorv32_cpu_alu_inst|neorv32_cpu_alu_muldiv:\neorv32_cpu_alu_muldiv_enabled:neorv32_cpu_alu_muldiv_inst                                                     ; neorv32_cpu_alu_muldiv   ; neorv32      ;
;             |neorv32_cpu_alu_shifter:neorv32_cpu_alu_shifter_inst|                               ; 49 (49)     ; 39 (39)                   ; 0 (0)         ; 0           ; 0    ; 0            ; 0       ; 0         ; 0    ; 0            ; 10 (10)      ; 0 (0)             ; 39 (39)          ; |ax301_top|neorv32_top:neorv32_top_inst|neorv32_cpu:\core_complex_gen:0:neorv32_cpu_inst|neorv32_cpu_alu:neorv32_cpu_alu_inst|neorv32_cpu_alu_shifter:neorv32_cpu_alu_shifter_inst                                                                                   ; neorv32_cpu_alu_shifter  ; neorv32      ;
;          |neorv32_cpu_control:neorv32_cpu_control_inst|                                          ; 907 (907)   ; 450 (450)                 ; 0 (0)         ; 0           ; 0    ; 0            ; 0       ; 0         ; 0    ; 0            ; 455 (455)    ; 47 (47)           ; 405 (405)        ; |ax301_top|neorv32_top:neorv32_top_inst|neorv32_cpu:\core_complex_gen:0:neorv32_cpu_inst|neorv32_cpu_control:neorv32_cpu_control_inst                                                                                                                                ; neorv32_cpu_control      ; neorv32      ;
;          |neorv32_cpu_counters:\cnts_enabled:neorv32_cpu_counters_inst|                          ; 239 (11)    ; 134 (2)                   ; 0 (0)         ; 0           ; 0    ; 0            ; 0       ; 0         ; 0    ; 0            ; 101 (9)      ; 32 (0)            ; 106 (4)          ; |ax301_top|neorv32_top:neorv32_top_inst|neorv32_cpu:\core_complex_gen:0:neorv32_cpu_inst|neorv32_cpu_counters:\cnts_enabled:neorv32_cpu_counters_inst                                                                                                                ; neorv32_cpu_counters     ; neorv32      ;
;             |neorv32_prim_cnt:\base_enabled:cycle_inst|                                          ; 130 (130)   ; 66 (66)                   ; 0 (0)         ; 0           ; 0    ; 0            ; 0       ; 0         ; 0    ; 0            ; 60 (60)      ; 32 (32)           ; 38 (38)          ; |ax301_top|neorv32_top:neorv32_top_inst|neorv32_cpu:\core_complex_gen:0:neorv32_cpu_inst|neorv32_cpu_counters:\cnts_enabled:neorv32_cpu_counters_inst|neorv32_prim_cnt:\base_enabled:cycle_inst                                                                      ; neorv32_prim_cnt         ; neorv32      ;
;             |neorv32_prim_cnt:\base_enabled:instret_inst|                                        ; 98 (98)     ; 66 (66)                   ; 0 (0)         ; 0           ; 0    ; 0            ; 0       ; 0         ; 0    ; 0            ; 32 (32)      ; 0 (0)             ; 66 (66)          ; |ax301_top|neorv32_top:neorv32_top_inst|neorv32_cpu:\core_complex_gen:0:neorv32_cpu_inst|neorv32_cpu_counters:\cnts_enabled:neorv32_cpu_counters_inst|neorv32_prim_cnt:\base_enabled:instret_inst                                                                    ; neorv32_prim_cnt         ; neorv32      ;
;          |neorv32_cpu_frontend:neorv32_cpu_frontend_inst|                                        ; 355 (149)   ; 112 (36)                  ; 0 (0)         ; 0           ; 0    ; 0            ; 0       ; 0         ; 0    ; 0            ; 225 (95)     ; 3 (0)             ; 127 (79)         ; |ax301_top|neorv32_top:neorv32_top_inst|neorv32_cpu:\core_complex_gen:0:neorv32_cpu_inst|neorv32_cpu_frontend:neorv32_cpu_frontend_inst                                                                                                                              ; neorv32_cpu_frontend     ; neorv32      ;
;             |neorv32_cpu_decompressor:\issue_enabled:neorv32_cpu_decompressor_inst|              ; 119 (119)   ; 0 (0)                     ; 0 (0)         ; 0           ; 0    ; 0            ; 0       ; 0         ; 0    ; 0            ; 119 (119)    ; 0 (0)             ; 0 (0)            ; |ax301_top|neorv32_top:neorv32_top_inst|neorv32_cpu:\core_complex_gen:0:neorv32_cpu_inst|neorv32_cpu_frontend:neorv32_cpu_frontend_inst|neorv32_cpu_decompressor:\issue_enabled:neorv32_cpu_decompressor_inst                                                        ; neorv32_cpu_decompressor ; neorv32      ;
;             |neorv32_cpu_frontend_ipb:\prefetch_buffer:0:ipb_inst|                               ; 44 (44)     ; 38 (38)                   ; 0 (0)         ; 0           ; 0    ; 0            ; 0       ; 0         ; 0    ; 0            ; 6 (6)        ; 2 (2)             ; 36 (36)          ; |ax301_top|neorv32_top:neorv32_top_inst|neorv32_cpu:\core_complex_gen:0:neorv32_cpu_inst|neorv32_cpu_frontend:neorv32_cpu_frontend_inst|neorv32_cpu_frontend_ipb:\prefetch_buffer:0:ipb_inst                                                                         ; neorv32_cpu_frontend_ipb ; neorv32      ;
;             |neorv32_cpu_frontend_ipb:\prefetch_buffer:1:ipb_inst|                               ; 43 (43)     ; 38 (38)                   ; 0 (0)         ; 0           ; 0    ; 0            ; 0       ; 0         ; 0    ; 0            ; 5 (5)        ; 1 (1)             ; 37 (37)          ; |ax301_top|neorv32_top:neorv32_top_inst|neorv32_cpu:\core_complex_gen:0:neorv32_cpu_inst|neorv32_cpu_frontend:neorv32_cpu_frontend_inst|neorv32_cpu_frontend_ipb:\prefetch_buffer:1:ipb_inst                                                                         ; neorv32_cpu_frontend_ipb ; neorv32      ;
;          |neorv32_cpu_lsu:neorv32_cpu_lsu_inst|                                                  ; 133 (133)   ; 108 (108)                 ; 0 (0)         ; 0           ; 0    ; 0            ; 0       ; 0         ; 0    ; 0            ; 25 (25)      ; 8 (8)             ; 100 (100)        ; |ax301_top|neorv32_top:neorv32_top_inst|neorv32_cpu:\core_complex_gen:0:neorv32_cpu_inst|neorv32_cpu_lsu:neorv32_cpu_lsu_inst                                                                                                                                        ; neorv32_cpu_lsu          ; neorv32      ;
;          |neorv32_cpu_regfile:neorv32_cpu_regfile_inst|                                          ; 7 (7)       ; 0 (0)                     ; 0 (0)         ; 1024        ; 2    ; 0            ; 0       ; 0         ; 0    ; 0            ; 7 (7)        ; 0 (0)             ; 0 (0)            ; |ax301_top|neorv32_top:neorv32_top_inst|neorv32_cpu:\core_complex_gen:0:neorv32_cpu_inst|neorv32_cpu_regfile:neorv32_cpu_regfile_inst                                                                                                                                ; neorv32_cpu_regfile      ; neorv32      ;
;             |altsyncram:regfile_rtl_0|                                                           ; 0 (0)       ; 0 (0)                     ; 0 (0)         ; 1024        ; 2    ; 0            ; 0       ; 0         ; 0    ; 0            ; 0 (0)        ; 0 (0)             ; 0 (0)            ; |ax301_top|neorv32_top:neorv32_top_inst|neorv32_cpu:\core_complex_gen:0:neorv32_cpu_inst|neorv32_cpu_regfile:neorv32_cpu_regfile_inst|altsyncram:regfile_rtl_0                                                                                                       ; altsyncram               ; work         ;
;                |altsyncram_icu1:auto_generated|                                                  ; 0 (0)       ; 0 (0)                     ; 0 (0)         ; 1024        ; 2    ; 0            ; 0       ; 0         ; 0    ; 0            ; 0 (0)        ; 0 (0)             ; 0 (0)            ; |ax301_top|neorv32_top:neorv32_top_inst|neorv32_cpu:\core_complex_gen:0:neorv32_cpu_inst|neorv32_cpu_regfile:neorv32_cpu_regfile_inst|altsyncram:regfile_rtl_0|altsyncram_icu1:auto_generated                                                                        ; altsyncram_icu1          ; work         ;
;       |neorv32_dmem:\memory_system:neorv32_dmem_enabled:neorv32_dmem_inst|                       ; 10 (6)      ; 2 (2)                     ; 0 (0)         ; 65536       ; 8    ; 0            ; 0       ; 0         ; 0    ; 0            ; 8 (4)        ; 0 (0)             ; 2 (2)            ; |ax301_top|neorv32_top:neorv32_top_inst|neorv32_dmem:\memory_system:neorv32_dmem_enabled:neorv32_dmem_inst                                                                                                                                                           ; neorv32_dmem             ; neorv32      ;
;          |neorv32_dmem_ram:dmem_ram_inst|                                                        ; 4 (0)       ; 0 (0)                     ; 0 (0)         ; 65536       ; 8    ; 0            ; 0       ; 0         ; 0    ; 0            ; 4 (0)        ; 0 (0)             ; 0 (0)            ; |ax301_top|neorv32_top:neorv32_top_inst|neorv32_dmem:\memory_system:neorv32_dmem_enabled:neorv32_dmem_inst|neorv32_dmem_ram:dmem_ram_inst                                                                                                                            ; neorv32_dmem_ram         ; neorv32      ;
;             |neorv32_prim_spram:\ram_gen:0:ram_inst|                                             ; 1 (1)       ; 0 (0)                     ; 0 (0)         ; 16384       ; 2    ; 0            ; 0       ; 0         ; 0    ; 0            ; 1 (1)        ; 0 (0)             ; 0 (0)            ; |ax301_top|neorv32_top:neorv32_top_inst|neorv32_dmem:\memory_system:neorv32_dmem_enabled:neorv32_dmem_inst|neorv32_dmem_ram:dmem_ram_inst|neorv32_prim_spram:\ram_gen:0:ram_inst                                                                                     ; neorv32_prim_spram       ; neorv32      ;
;                |altsyncram:spram_rtl_0|                                                          ; 0 (0)       ; 0 (0)                     ; 0 (0)         ; 16384       ; 2    ; 0            ; 0       ; 0         ; 0    ; 0            ; 0 (0)        ; 0 (0)             ; 0 (0)            ; |ax301_top|neorv32_top:neorv32_top_inst|neorv32_dmem:\memory_system:neorv32_dmem_enabled:neorv32_dmem_inst|neorv32_dmem_ram:dmem_ram_inst|neorv32_prim_spram:\ram_gen:0:ram_inst|altsyncram:spram_rtl_0                                                              ; altsyncram               ; work         ;
;                   |altsyncram_mvd1:auto_generated|                                               ; 0 (0)       ; 0 (0)                     ; 0 (0)         ; 16384       ; 2    ; 0            ; 0       ; 0         ; 0    ; 0            ; 0 (0)        ; 0 (0)             ; 0 (0)            ; |ax301_top|neorv32_top:neorv32_top_inst|neorv32_dmem:\memory_system:neorv32_dmem_enabled:neorv32_dmem_inst|neorv32_dmem_ram:dmem_ram_inst|neorv32_prim_spram:\ram_gen:0:ram_inst|altsyncram:spram_rtl_0|altsyncram_mvd1:auto_generated                               ; altsyncram_mvd1          ; work         ;
;             |neorv32_prim_spram:\ram_gen:1:ram_inst|                                             ; 1 (1)       ; 0 (0)                     ; 0 (0)         ; 16384       ; 2    ; 0            ; 0       ; 0         ; 0    ; 0            ; 1 (1)        ; 0 (0)             ; 0 (0)            ; |ax301_top|neorv32_top:neorv32_top_inst|neorv32_dmem:\memory_system:neorv32_dmem_enabled:neorv32_dmem_inst|neorv32_dmem_ram:dmem_ram_inst|neorv32_prim_spram:\ram_gen:1:ram_inst                                                                                     ; neorv32_prim_spram       ; neorv32      ;
;                |altsyncram:spram_rtl_0|                                                          ; 0 (0)       ; 0 (0)                     ; 0 (0)         ; 16384       ; 2    ; 0            ; 0       ; 0         ; 0    ; 0            ; 0 (0)        ; 0 (0)             ; 0 (0)            ; |ax301_top|neorv32_top:neorv32_top_inst|neorv32_dmem:\memory_system:neorv32_dmem_enabled:neorv32_dmem_inst|neorv32_dmem_ram:dmem_ram_inst|neorv32_prim_spram:\ram_gen:1:ram_inst|altsyncram:spram_rtl_0                                                              ; altsyncram               ; work         ;
;                   |altsyncram_mvd1:auto_generated|                                               ; 0 (0)       ; 0 (0)                     ; 0 (0)         ; 16384       ; 2    ; 0            ; 0       ; 0         ; 0    ; 0            ; 0 (0)        ; 0 (0)             ; 0 (0)            ; |ax301_top|neorv32_top:neorv32_top_inst|neorv32_dmem:\memory_system:neorv32_dmem_enabled:neorv32_dmem_inst|neorv32_dmem_ram:dmem_ram_inst|neorv32_prim_spram:\ram_gen:1:ram_inst|altsyncram:spram_rtl_0|altsyncram_mvd1:auto_generated                               ; altsyncram_mvd1          ; work         ;
;             |neorv32_prim_spram:\ram_gen:2:ram_inst|                                             ; 1 (1)       ; 0 (0)                     ; 0 (0)         ; 16384       ; 2    ; 0            ; 0       ; 0         ; 0    ; 0            ; 1 (1)        ; 0 (0)             ; 0 (0)            ; |ax301_top|neorv32_top:neorv32_top_inst|neorv32_dmem:\memory_system:neorv32_dmem_enabled:neorv32_dmem_inst|neorv32_dmem_ram:dmem_ram_inst|neorv32_prim_spram:\ram_gen:2:ram_inst                                                                                     ; neorv32_prim_spram       ; neorv32      ;
;                |altsyncram:spram_rtl_0|                                                          ; 0 (0)       ; 0 (0)                     ; 0 (0)         ; 16384       ; 2    ; 0            ; 0       ; 0         ; 0    ; 0            ; 0 (0)        ; 0 (0)             ; 0 (0)            ; |ax301_top|neorv32_top:neorv32_top_inst|neorv32_dmem:\memory_system:neorv32_dmem_enabled:neorv32_dmem_inst|neorv32_dmem_ram:dmem_ram_inst|neorv32_prim_spram:\ram_gen:2:ram_inst|altsyncram:spram_rtl_0                                                              ; altsyncram               ; work         ;
;                   |altsyncram_mvd1:auto_generated|                                               ; 0 (0)       ; 0 (0)                     ; 0 (0)         ; 16384       ; 2    ; 0            ; 0       ; 0         ; 0    ; 0            ; 0 (0)        ; 0 (0)             ; 0 (0)            ; |ax301_top|neorv32_top:neorv32_top_inst|neorv32_dmem:\memory_system:neorv32_dmem_enabled:neorv32_dmem_inst|neorv32_dmem_ram:dmem_ram_inst|neorv32_prim_spram:\ram_gen:2:ram_inst|altsyncram:spram_rtl_0|altsyncram_mvd1:auto_generated                               ; altsyncram_mvd1          ; work         ;
;             |neorv32_prim_spram:\ram_gen:3:ram_inst|                                             ; 1 (1)       ; 0 (0)                     ; 0 (0)         ; 16384       ; 2    ; 0            ; 0       ; 0         ; 0    ; 0            ; 1 (1)        ; 0 (0)             ; 0 (0)            ; |ax301_top|neorv32_top:neorv32_top_inst|neorv32_dmem:\memory_system:neorv32_dmem_enabled:neorv32_dmem_inst|neorv32_dmem_ram:dmem_ram_inst|neorv32_prim_spram:\ram_gen:3:ram_inst                                                                                     ; neorv32_prim_spram       ; neorv32      ;
;                |altsyncram:spram_rtl_0|                                                          ; 0 (0)       ; 0 (0)                     ; 0 (0)         ; 16384       ; 2    ; 0            ; 0       ; 0         ; 0    ; 0            ; 0 (0)        ; 0 (0)             ; 0 (0)            ; |ax301_top|neorv32_top:neorv32_top_inst|neorv32_dmem:\memory_system:neorv32_dmem_enabled:neorv32_dmem_inst|neorv32_dmem_ram:dmem_ram_inst|neorv32_prim_spram:\ram_gen:3:ram_inst|altsyncram:spram_rtl_0                                                              ; altsyncram               ; work         ;
;                   |altsyncram_mvd1:auto_generated|                                               ; 0 (0)       ; 0 (0)                     ; 0 (0)         ; 16384       ; 2    ; 0            ; 0       ; 0         ; 0    ; 0            ; 0 (0)        ; 0 (0)             ; 0 (0)            ; |ax301_top|neorv32_top:neorv32_top_inst|neorv32_dmem:\memory_system:neorv32_dmem_enabled:neorv32_dmem_inst|neorv32_dmem_ram:dmem_ram_inst|neorv32_prim_spram:\ram_gen:3:ram_inst|altsyncram:spram_rtl_0|altsyncram_mvd1:auto_generated                               ; altsyncram_mvd1          ; work         ;
;       |neorv32_gpio:\io_system:neorv32_gpio_enabled:neorv32_gpio_inst|                           ; 37 (37)     ; 29 (29)                   ; 0 (0)         ; 0           ; 0    ; 0            ; 0       ; 0         ; 0    ; 0            ; 7 (7)        ; 4 (4)             ; 26 (26)          ; |ax301_top|neorv32_top:neorv32_top_inst|neorv32_gpio:\io_system:neorv32_gpio_enabled:neorv32_gpio_inst                                                                                                                                                               ; neorv32_gpio             ; neorv32      ;
;       |neorv32_imem:\memory_system:neorv32_imem_enabled:neorv32_imem_inst|                       ; 10 (6)      ; 2 (2)                     ; 0 (0)         ; 65536       ; 8    ; 0            ; 0       ; 0         ; 0    ; 0            ; 8 (4)        ; 0 (0)             ; 2 (2)            ; |ax301_top|neorv32_top:neorv32_top_inst|neorv32_imem:\memory_system:neorv32_imem_enabled:neorv32_imem_inst                                                                                                                                                           ; neorv32_imem             ; neorv32      ;
;          |neorv32_imem_ram:\imem_ram:imem_ram_inst|                                              ; 4 (0)       ; 0 (0)                     ; 0 (0)         ; 65536       ; 8    ; 0            ; 0       ; 0         ; 0    ; 0            ; 4 (0)        ; 0 (0)             ; 0 (0)            ; |ax301_top|neorv32_top:neorv32_top_inst|neorv32_imem:\memory_system:neorv32_imem_enabled:neorv32_imem_inst|neorv32_imem_ram:\imem_ram:imem_ram_inst                                                                                                                  ; neorv32_imem_ram         ; neorv32      ;
;             |neorv32_prim_spram:\ram_gen:0:ram_inst|                                             ; 1 (1)       ; 0 (0)                     ; 0 (0)         ; 16384       ; 2    ; 0            ; 0       ; 0         ; 0    ; 0            ; 1 (1)        ; 0 (0)             ; 0 (0)            ; |ax301_top|neorv32_top:neorv32_top_inst|neorv32_imem:\memory_system:neorv32_imem_enabled:neorv32_imem_inst|neorv32_imem_ram:\imem_ram:imem_ram_inst|neorv32_prim_spram:\ram_gen:0:ram_inst                                                                           ; neorv32_prim_spram       ; neorv32      ;
;                |altsyncram:spram_rtl_0|                                                          ; 0 (0)       ; 0 (0)                     ; 0 (0)         ; 16384       ; 2    ; 0            ; 0       ; 0         ; 0    ; 0            ; 0 (0)        ; 0 (0)             ; 0 (0)            ; |ax301_top|neorv32_top:neorv32_top_inst|neorv32_imem:\memory_system:neorv32_imem_enabled:neorv32_imem_inst|neorv32_imem_ram:\imem_ram:imem_ram_inst|neorv32_prim_spram:\ram_gen:0:ram_inst|altsyncram:spram_rtl_0                                                    ; altsyncram               ; work         ;
;                   |altsyncram_mvd1:auto_generated|                                               ; 0 (0)       ; 0 (0)                     ; 0 (0)         ; 16384       ; 2    ; 0            ; 0       ; 0         ; 0    ; 0            ; 0 (0)        ; 0 (0)             ; 0 (0)            ; |ax301_top|neorv32_top:neorv32_top_inst|neorv32_imem:\memory_system:neorv32_imem_enabled:neorv32_imem_inst|neorv32_imem_ram:\imem_ram:imem_ram_inst|neorv32_prim_spram:\ram_gen:0:ram_inst|altsyncram:spram_rtl_0|altsyncram_mvd1:auto_generated                     ; altsyncram_mvd1          ; work         ;
;             |neorv32_prim_spram:\ram_gen:1:ram_inst|                                             ; 1 (1)       ; 0 (0)                     ; 0 (0)         ; 16384       ; 2    ; 0            ; 0       ; 0         ; 0    ; 0            ; 1 (1)        ; 0 (0)             ; 0 (0)            ; |ax301_top|neorv32_top:neorv32_top_inst|neorv32_imem:\memory_system:neorv32_imem_enabled:neorv32_imem_inst|neorv32_imem_ram:\imem_ram:imem_ram_inst|neorv32_prim_spram:\ram_gen:1:ram_inst                                                                           ; neorv32_prim_spram       ; neorv32      ;
;                |altsyncram:spram_rtl_0|                                                          ; 0 (0)       ; 0 (0)                     ; 0 (0)         ; 16384       ; 2    ; 0            ; 0       ; 0         ; 0    ; 0            ; 0 (0)        ; 0 (0)             ; 0 (0)            ; |ax301_top|neorv32_top:neorv32_top_inst|neorv32_imem:\memory_system:neorv32_imem_enabled:neorv32_imem_inst|neorv32_imem_ram:\imem_ram:imem_ram_inst|neorv32_prim_spram:\ram_gen:1:ram_inst|altsyncram:spram_rtl_0                                                    ; altsyncram               ; work         ;
;                   |altsyncram_mvd1:auto_generated|                                               ; 0 (0)       ; 0 (0)                     ; 0 (0)         ; 16384       ; 2    ; 0            ; 0       ; 0         ; 0    ; 0            ; 0 (0)        ; 0 (0)             ; 0 (0)            ; |ax301_top|neorv32_top:neorv32_top_inst|neorv32_imem:\memory_system:neorv32_imem_enabled:neorv32_imem_inst|neorv32_imem_ram:\imem_ram:imem_ram_inst|neorv32_prim_spram:\ram_gen:1:ram_inst|altsyncram:spram_rtl_0|altsyncram_mvd1:auto_generated                     ; altsyncram_mvd1          ; work         ;
;             |neorv32_prim_spram:\ram_gen:2:ram_inst|                                             ; 1 (1)       ; 0 (0)                     ; 0 (0)         ; 16384       ; 2    ; 0            ; 0       ; 0         ; 0    ; 0            ; 1 (1)        ; 0 (0)             ; 0 (0)            ; |ax301_top|neorv32_top:neorv32_top_inst|neorv32_imem:\memory_system:neorv32_imem_enabled:neorv32_imem_inst|neorv32_imem_ram:\imem_ram:imem_ram_inst|neorv32_prim_spram:\ram_gen:2:ram_inst                                                                           ; neorv32_prim_spram       ; neorv32      ;
;                |altsyncram:spram_rtl_0|                                                          ; 0 (0)       ; 0 (0)                     ; 0 (0)         ; 16384       ; 2    ; 0            ; 0       ; 0         ; 0    ; 0            ; 0 (0)        ; 0 (0)             ; 0 (0)            ; |ax301_top|neorv32_top:neorv32_top_inst|neorv32_imem:\memory_system:neorv32_imem_enabled:neorv32_imem_inst|neorv32_imem_ram:\imem_ram:imem_ram_inst|neorv32_prim_spram:\ram_gen:2:ram_inst|altsyncram:spram_rtl_0                                                    ; altsyncram               ; work         ;
;                   |altsyncram_mvd1:auto_generated|                                               ; 0 (0)       ; 0 (0)                     ; 0 (0)         ; 16384       ; 2    ; 0            ; 0       ; 0         ; 0    ; 0            ; 0 (0)        ; 0 (0)             ; 0 (0)            ; |ax301_top|neorv32_top:neorv32_top_inst|neorv32_imem:\memory_system:neorv32_imem_enabled:neorv32_imem_inst|neorv32_imem_ram:\imem_ram:imem_ram_inst|neorv32_prim_spram:\ram_gen:2:ram_inst|altsyncram:spram_rtl_0|altsyncram_mvd1:auto_generated                     ; altsyncram_mvd1          ; work         ;
;             |neorv32_prim_spram:\ram_gen:3:ram_inst|                                             ; 1 (1)       ; 0 (0)                     ; 0 (0)         ; 16384       ; 2    ; 0            ; 0       ; 0         ; 0    ; 0            ; 1 (1)        ; 0 (0)             ; 0 (0)            ; |ax301_top|neorv32_top:neorv32_top_inst|neorv32_imem:\memory_system:neorv32_imem_enabled:neorv32_imem_inst|neorv32_imem_ram:\imem_ram:imem_ram_inst|neorv32_prim_spram:\ram_gen:3:ram_inst                                                                           ; neorv32_prim_spram       ; neorv32      ;
;                |altsyncram:spram_rtl_0|                                                          ; 0 (0)       ; 0 (0)                     ; 0 (0)         ; 16384       ; 2    ; 0            ; 0       ; 0         ; 0    ; 0            ; 0 (0)        ; 0 (0)             ; 0 (0)            ; |ax301_top|neorv32_top:neorv32_top_inst|neorv32_imem:\memory_system:neorv32_imem_enabled:neorv32_imem_inst|neorv32_imem_ram:\imem_ram:imem_ram_inst|neorv32_prim_spram:\ram_gen:3:ram_inst|altsyncram:spram_rtl_0                                                    ; altsyncram               ; work         ;
;                   |altsyncram_mvd1:auto_generated|                                               ; 0 (0)       ; 0 (0)                     ; 0 (0)         ; 16384       ; 2    ; 0            ; 0       ; 0         ; 0    ; 0            ; 0 (0)        ; 0 (0)             ; 0 (0)            ; |ax301_top|neorv32_top:neorv32_top_inst|neorv32_imem:\memory_system:neorv32_imem_enabled:neorv32_imem_inst|neorv32_imem_ram:\imem_ram:imem_ram_inst|neorv32_prim_spram:\ram_gen:3:ram_inst|altsyncram:spram_rtl_0|altsyncram_mvd1:auto_generated                     ; altsyncram_mvd1          ; work         ;
;       |neorv32_spi:\io_system:neorv32_spi_enabled:neorv32_spi_inst|                              ; 102 (74)    ; 76 (55)                   ; 0 (0)         ; 0           ; 0    ; 0            ; 0       ; 0         ; 0    ; 0            ; 24 (19)      ; 25 (8)            ; 53 (47)          ; |ax301_top|neorv32_top:neorv32_top_inst|neorv32_spi:\io_system:neorv32_spi_enabled:neorv32_spi_inst                                                                                                                                                                  ; neorv32_spi              ; neorv32      ;
;          |neorv32_prim_fifo:rx_fifo_inst|                                                        ; 13 (13)     ; 10 (10)                   ; 0 (0)         ; 0           ; 0    ; 0            ; 0       ; 0         ; 0    ; 0            ; 1 (1)        ; 8 (8)             ; 4 (4)            ; |ax301_top|neorv32_top:neorv32_top_inst|neorv32_spi:\io_system:neorv32_spi_enabled:neorv32_spi_inst|neorv32_prim_fifo:rx_fifo_inst                                                                                                                                   ; neorv32_prim_fifo        ; neorv32      ;
;          |neorv32_prim_fifo:tx_fifo_inst|                                                        ; 15 (15)     ; 11 (11)                   ; 0 (0)         ; 0           ; 0    ; 0            ; 0       ; 0         ; 0    ; 0            ; 4 (4)        ; 9 (9)             ; 2 (2)            ; |ax301_top|neorv32_top:neorv32_top_inst|neorv32_spi:\io_system:neorv32_spi_enabled:neorv32_spi_inst|neorv32_prim_fifo:tx_fifo_inst                                                                                                                                   ; neorv32_prim_fifo        ; neorv32      ;
;       |neorv32_sys_clock:\soc_generators:neorv32_sys_clock_inst|                                 ; 20 (20)     ; 20 (20)                   ; 0 (0)         ; 0           ; 0    ; 0            ; 0       ; 0         ; 0    ; 0            ; 0 (0)        ; 0 (0)             ; 20 (20)          ; |ax301_top|neorv32_top:neorv32_top_inst|neorv32_sys_clock:\soc_generators:neorv32_sys_clock_inst                                                                                                                                                                     ; neorv32_sys_clock        ; neorv32      ;
;       |neorv32_sys_reset:\soc_generators:neorv32_sys_reset_inst|                                 ; 5 (5)       ; 5 (5)                     ; 0 (0)         ; 0           ; 0    ; 0            ; 0       ; 0         ; 0    ; 0            ; 0 (0)        ; 3 (3)             ; 2 (2)            ; |ax301_top|neorv32_top:neorv32_top_inst|neorv32_sys_reset:\soc_generators:neorv32_sys_reset_inst                                                                                                                                                                     ; neorv32_sys_reset        ; neorv32      ;
;       |neorv32_sysinfo:\io_system:neorv32_sysinfo_inst|                                          ; 67 (67)     ; 66 (66)                   ; 0 (0)         ; 0           ; 0    ; 0            ; 0       ; 0         ; 0    ; 0            ; 1 (1)        ; 19 (19)           ; 47 (47)          ; |ax301_top|neorv32_top:neorv32_top_inst|neorv32_sysinfo:\io_system:neorv32_sysinfo_inst                                                                                                                                                                              ; neorv32_sysinfo          ; neorv32      ;
;       |neorv32_uart:\io_system:neorv32_uart0_enabled:neorv32_uart0_inst|                         ; 254 (137)   ; 197 (103)                 ; 0 (0)         ; 0           ; 0    ; 0            ; 0       ; 0         ; 0    ; 0            ; 57 (34)      ; 77 (28)           ; 120 (75)         ; |ax301_top|neorv32_top:neorv32_top_inst|neorv32_uart:\io_system:neorv32_uart0_enabled:neorv32_uart0_inst                                                                                                                                                             ; neorv32_uart             ; neorv32      ;
;          |neorv32_prim_fifo:rx_engine_fifo_inst|                                                 ; 58 (58)     ; 47 (47)                   ; 0 (0)         ; 0           ; 0    ; 0            ; 0       ; 0         ; 0    ; 0            ; 11 (11)      ; 24 (24)           ; 23 (23)          ; |ax301_top|neorv32_top:neorv32_top_inst|neorv32_uart:\io_system:neorv32_uart0_enabled:neorv32_uart0_inst|neorv32_prim_fifo:rx_engine_fifo_inst                                                                                                                       ; neorv32_prim_fifo        ; neorv32      ;
;          |neorv32_prim_fifo:tx_engine_fifo_inst|                                                 ; 59 (59)     ; 47 (47)                   ; 0 (0)         ; 0           ; 0    ; 0            ; 0       ; 0         ; 0    ; 0            ; 12 (12)      ; 25 (25)           ; 22 (22)          ; |ax301_top|neorv32_top:neorv32_top_inst|neorv32_uart:\io_system:neorv32_uart0_enabled:neorv32_uart0_inst|neorv32_prim_fifo:tx_engine_fifo_inst                                                                                                                       ; neorv32_prim_fifo        ; neorv32      ;
;       |neorv32_xbus:\memory_system:neorv32_xbus_enabled:neorv32_xbus_inst|                       ; 4 (4)       ; 2 (2)                     ; 0 (0)         ; 0           ; 0    ; 0            ; 0       ; 0         ; 0    ; 0            ; 2 (2)        ; 0 (0)             ; 2 (2)            ; |ax301_top|neorv32_top:neorv32_top_inst|neorv32_xbus:\memory_system:neorv32_xbus_enabled:neorv32_xbus_inst                                                                                                                                                           ; neorv32_xbus             ; neorv32      ;
;    |wb_sdram_ctrl:wb_sdram_inst|                                                                 ; 281 (37)    ; 205 (34)                  ; 0 (0)         ; 0           ; 0    ; 0            ; 0       ; 0         ; 0    ; 0            ; 76 (3)       ; 51 (1)            ; 154 (33)         ; |ax301_top|wb_sdram_ctrl:wb_sdram_inst                                                                                                                                                                                                                               ; wb_sdram_ctrl            ; work         ;
;       |sdram_ctrl:u_sdram|                                                                       ; 244 (244)   ; 171 (171)                 ; 0 (0)         ; 0           ; 0    ; 0            ; 0       ; 0         ; 0    ; 0            ; 73 (73)      ; 50 (50)           ; 121 (121)        ; |ax301_top|wb_sdram_ctrl:wb_sdram_inst|sdram_ctrl:u_sdram                                                                                                                                                                                                            ; sdram_ctrl               ; work         ;
;    |wb_tpu_accel:wb_tpu_inst|                                                                    ; 1093 (43)   ; 863 (34)                  ; 0 (0)         ; 0           ; 0    ; 15           ; 15      ; 0         ; 0    ; 0            ; 225 (6)      ; 212 (1)           ; 656 (4)          ; |ax301_top|wb_tpu_accel:wb_tpu_inst                                                                                                                                                                                                                                  ; wb_tpu_accel             ; work         ;
;       |tpu_accel:u_tpu|                                                                          ; 1082 (347)  ; 829 (213)                 ; 0 (0)         ; 0           ; 0    ; 15           ; 15      ; 0         ; 0    ; 0            ; 219 (101)    ; 211 (29)          ; 652 (249)        ; |ax301_top|wb_tpu_accel:wb_tpu_inst|tpu_accel:u_tpu                                                                                                                                                                                                                  ; tpu_accel                ; work         ;
;          |systolic_array_4x4:sa_inst|                                                            ; 735 (21)    ; 616 (0)                   ; 0 (0)         ; 0           ; 0    ; 15           ; 15      ; 0         ; 0    ; 0            ; 118 (21)     ; 182 (0)           ; 435 (1)          ; |ax301_top|wb_tpu_accel:wb_tpu_inst|tpu_accel:u_tpu|systolic_array_4x4:sa_inst                                                                                                                                                                                       ; systolic_array_4x4       ; work         ;
;             |pe:pe_0_0|                                                                          ; 41 (41)     ; 40 (40)                   ; 0 (0)         ; 0           ; 0    ; 1            ; 1       ; 0         ; 0    ; 0            ; 1 (1)        ; 32 (32)           ; 8 (8)            ; |ax301_top|wb_tpu_accel:wb_tpu_inst|tpu_accel:u_tpu|systolic_array_4x4:sa_inst|pe:pe_0_0                                                                                                                                                                             ; pe                       ; work         ;
;                |lpm_mult:Mult0|                                                                  ; 0 (0)       ; 0 (0)                     ; 0 (0)         ; 0           ; 0    ; 1            ; 1       ; 0         ; 0    ; 0            ; 0 (0)        ; 0 (0)             ; 0 (0)            ; |ax301_top|wb_tpu_accel:wb_tpu_inst|tpu_accel:u_tpu|systolic_array_4x4:sa_inst|pe:pe_0_0|lpm_mult:Mult0                                                                                                                                                              ; lpm_mult                 ; work         ;
;                   |mult_73t:auto_generated|                                                      ; 0 (0)       ; 0 (0)                     ; 0 (0)         ; 0           ; 0    ; 1            ; 1       ; 0         ; 0    ; 0            ; 0 (0)        ; 0 (0)             ; 0 (0)            ; |ax301_top|wb_tpu_accel:wb_tpu_inst|tpu_accel:u_tpu|systolic_array_4x4:sa_inst|pe:pe_0_0|lpm_mult:Mult0|mult_73t:auto_generated                                                                                                                                      ; mult_73t                 ; work         ;
;             |pe:pe_0_1|                                                                          ; 41 (41)     ; 40 (40)                   ; 0 (0)         ; 0           ; 0    ; 1            ; 1       ; 0         ; 0    ; 0            ; 1 (1)        ; 0 (0)             ; 40 (40)          ; |ax301_top|wb_tpu_accel:wb_tpu_inst|tpu_accel:u_tpu|systolic_array_4x4:sa_inst|pe:pe_0_1                                                                                                                                                                             ; pe                       ; work         ;
;                |lpm_mult:Mult0|                                                                  ; 0 (0)       ; 0 (0)                     ; 0 (0)         ; 0           ; 0    ; 1            ; 1       ; 0         ; 0    ; 0            ; 0 (0)        ; 0 (0)             ; 0 (0)            ; |ax301_top|wb_tpu_accel:wb_tpu_inst|tpu_accel:u_tpu|systolic_array_4x4:sa_inst|pe:pe_0_1|lpm_mult:Mult0                                                                                                                                                              ; lpm_mult                 ; work         ;
;                   |mult_73t:auto_generated|                                                      ; 0 (0)       ; 0 (0)                     ; 0 (0)         ; 0           ; 0    ; 1            ; 1       ; 0         ; 0    ; 0            ; 0 (0)        ; 0 (0)             ; 0 (0)            ; |ax301_top|wb_tpu_accel:wb_tpu_inst|tpu_accel:u_tpu|systolic_array_4x4:sa_inst|pe:pe_0_1|lpm_mult:Mult0|mult_73t:auto_generated                                                                                                                                      ; mult_73t                 ; work         ;
;             |pe:pe_0_2|                                                                          ; 41 (41)     ; 40 (40)                   ; 0 (0)         ; 0           ; 0    ; 1            ; 1       ; 0         ; 0    ; 0            ; 1 (1)        ; 0 (0)             ; 40 (40)          ; |ax301_top|wb_tpu_accel:wb_tpu_inst|tpu_accel:u_tpu|systolic_array_4x4:sa_inst|pe:pe_0_2                                                                                                                                                                             ; pe                       ; work         ;
;                |lpm_mult:Mult0|                                                                  ; 0 (0)       ; 0 (0)                     ; 0 (0)         ; 0           ; 0    ; 1            ; 1       ; 0         ; 0    ; 0            ; 0 (0)        ; 0 (0)             ; 0 (0)            ; |ax301_top|wb_tpu_accel:wb_tpu_inst|tpu_accel:u_tpu|systolic_array_4x4:sa_inst|pe:pe_0_2|lpm_mult:Mult0                                                                                                                                                              ; lpm_mult                 ; work         ;
;                   |mult_73t:auto_generated|                                                      ; 0 (0)       ; 0 (0)                     ; 0 (0)         ; 0           ; 0    ; 1            ; 1       ; 0         ; 0    ; 0            ; 0 (0)        ; 0 (0)             ; 0 (0)            ; |ax301_top|wb_tpu_accel:wb_tpu_inst|tpu_accel:u_tpu|systolic_array_4x4:sa_inst|pe:pe_0_2|lpm_mult:Mult0|mult_73t:auto_generated                                                                                                                                      ; mult_73t                 ; work         ;
;             |pe:pe_0_3|                                                                          ; 41 (41)     ; 40 (40)                   ; 0 (0)         ; 0           ; 0    ; 1            ; 1       ; 0         ; 0    ; 0            ; 1 (1)        ; 0 (0)             ; 40 (40)          ; |ax301_top|wb_tpu_accel:wb_tpu_inst|tpu_accel:u_tpu|systolic_array_4x4:sa_inst|pe:pe_0_3                                                                                                                                                                             ; pe                       ; work         ;
;                |lpm_mult:Mult0|                                                                  ; 0 (0)       ; 0 (0)                     ; 0 (0)         ; 0           ; 0    ; 1            ; 1       ; 0         ; 0    ; 0            ; 0 (0)        ; 0 (0)             ; 0 (0)            ; |ax301_top|wb_tpu_accel:wb_tpu_inst|tpu_accel:u_tpu|systolic_array_4x4:sa_inst|pe:pe_0_3|lpm_mult:Mult0                                                                                                                                                              ; lpm_mult                 ; work         ;
;                   |mult_73t:auto_generated|                                                      ; 0 (0)       ; 0 (0)                     ; 0 (0)         ; 0           ; 0    ; 1            ; 1       ; 0         ; 0    ; 0            ; 0 (0)        ; 0 (0)             ; 0 (0)            ; |ax301_top|wb_tpu_accel:wb_tpu_inst|tpu_accel:u_tpu|systolic_array_4x4:sa_inst|pe:pe_0_3|lpm_mult:Mult0|mult_73t:auto_generated                                                                                                                                      ; mult_73t                 ; work         ;
;             |pe:pe_1_0|                                                                          ; 41 (41)     ; 40 (40)                   ; 0 (0)         ; 0           ; 0    ; 1            ; 1       ; 0         ; 0    ; 0            ; 0 (0)        ; 39 (39)           ; 2 (2)            ; |ax301_top|wb_tpu_accel:wb_tpu_inst|tpu_accel:u_tpu|systolic_array_4x4:sa_inst|pe:pe_1_0                                                                                                                                                                             ; pe                       ; work         ;
;                |lpm_mult:Mult0|                                                                  ; 0 (0)       ; 0 (0)                     ; 0 (0)         ; 0           ; 0    ; 1            ; 1       ; 0         ; 0    ; 0            ; 0 (0)        ; 0 (0)             ; 0 (0)            ; |ax301_top|wb_tpu_accel:wb_tpu_inst|tpu_accel:u_tpu|systolic_array_4x4:sa_inst|pe:pe_1_0|lpm_mult:Mult0                                                                                                                                                              ; lpm_mult                 ; work         ;
;                   |mult_73t:auto_generated|                                                      ; 0 (0)       ; 0 (0)                     ; 0 (0)         ; 0           ; 0    ; 1            ; 1       ; 0         ; 0    ; 0            ; 0 (0)        ; 0 (0)             ; 0 (0)            ; |ax301_top|wb_tpu_accel:wb_tpu_inst|tpu_accel:u_tpu|systolic_array_4x4:sa_inst|pe:pe_1_0|lpm_mult:Mult0|mult_73t:auto_generated                                                                                                                                      ; mult_73t                 ; work         ;
;             |pe:pe_1_1|                                                                          ; 41 (41)     ; 40 (40)                   ; 0 (0)         ; 0           ; 0    ; 1            ; 1       ; 0         ; 0    ; 0            ; 1 (1)        ; 6 (6)             ; 34 (34)          ; |ax301_top|wb_tpu_accel:wb_tpu_inst|tpu_accel:u_tpu|systolic_array_4x4:sa_inst|pe:pe_1_1                                                                                                                                                                             ; pe                       ; work         ;
;                |lpm_mult:Mult0|                                                                  ; 0 (0)       ; 0 (0)                     ; 0 (0)         ; 0           ; 0    ; 1            ; 1       ; 0         ; 0    ; 0            ; 0 (0)        ; 0 (0)             ; 0 (0)            ; |ax301_top|wb_tpu_accel:wb_tpu_inst|tpu_accel:u_tpu|systolic_array_4x4:sa_inst|pe:pe_1_1|lpm_mult:Mult0                                                                                                                                                              ; lpm_mult                 ; work         ;
;                   |mult_73t:auto_generated|                                                      ; 0 (0)       ; 0 (0)                     ; 0 (0)         ; 0           ; 0    ; 1            ; 1       ; 0         ; 0    ; 0            ; 0 (0)        ; 0 (0)             ; 0 (0)            ; |ax301_top|wb_tpu_accel:wb_tpu_inst|tpu_accel:u_tpu|systolic_array_4x4:sa_inst|pe:pe_1_1|lpm_mult:Mult0|mult_73t:auto_generated                                                                                                                                      ; mult_73t                 ; work         ;
;             |pe:pe_1_2|                                                                          ; 41 (41)     ; 40 (40)                   ; 0 (0)         ; 0           ; 0    ; 1            ; 1       ; 0         ; 0    ; 0            ; 0 (0)        ; 8 (8)             ; 33 (33)          ; |ax301_top|wb_tpu_accel:wb_tpu_inst|tpu_accel:u_tpu|systolic_array_4x4:sa_inst|pe:pe_1_2                                                                                                                                                                             ; pe                       ; work         ;
;                |lpm_mult:Mult0|                                                                  ; 0 (0)       ; 0 (0)                     ; 0 (0)         ; 0           ; 0    ; 1            ; 1       ; 0         ; 0    ; 0            ; 0 (0)        ; 0 (0)             ; 0 (0)            ; |ax301_top|wb_tpu_accel:wb_tpu_inst|tpu_accel:u_tpu|systolic_array_4x4:sa_inst|pe:pe_1_2|lpm_mult:Mult0                                                                                                                                                              ; lpm_mult                 ; work         ;
;                   |mult_73t:auto_generated|                                                      ; 0 (0)       ; 0 (0)                     ; 0 (0)         ; 0           ; 0    ; 1            ; 1       ; 0         ; 0    ; 0            ; 0 (0)        ; 0 (0)             ; 0 (0)            ; |ax301_top|wb_tpu_accel:wb_tpu_inst|tpu_accel:u_tpu|systolic_array_4x4:sa_inst|pe:pe_1_2|lpm_mult:Mult0|mult_73t:auto_generated                                                                                                                                      ; mult_73t                 ; work         ;
;             |pe:pe_1_3|                                                                          ; 41 (41)     ; 40 (40)                   ; 0 (0)         ; 0           ; 0    ; 1            ; 1       ; 0         ; 0    ; 0            ; 1 (1)        ; 6 (6)             ; 34 (34)          ; |ax301_top|wb_tpu_accel:wb_tpu_inst|tpu_accel:u_tpu|systolic_array_4x4:sa_inst|pe:pe_1_3                                                                                                                                                                             ; pe                       ; work         ;
;                |lpm_mult:Mult0|                                                                  ; 0 (0)       ; 0 (0)                     ; 0 (0)         ; 0           ; 0    ; 1            ; 1       ; 0         ; 0    ; 0            ; 0 (0)        ; 0 (0)             ; 0 (0)            ; |ax301_top|wb_tpu_accel:wb_tpu_inst|tpu_accel:u_tpu|systolic_array_4x4:sa_inst|pe:pe_1_3|lpm_mult:Mult0                                                                                                                                                              ; lpm_mult                 ; work         ;
;                   |mult_73t:auto_generated|                                                      ; 0 (0)       ; 0 (0)                     ; 0 (0)         ; 0           ; 0    ; 1            ; 1       ; 0         ; 0    ; 0            ; 0 (0)        ; 0 (0)             ; 0 (0)            ; |ax301_top|wb_tpu_accel:wb_tpu_inst|tpu_accel:u_tpu|systolic_array_4x4:sa_inst|pe:pe_1_3|lpm_mult:Mult0|mult_73t:auto_generated                                                                                                                                      ; mult_73t                 ; work         ;
;             |pe:pe_2_0|                                                                          ; 41 (41)     ; 40 (40)                   ; 0 (0)         ; 0           ; 0    ; 1            ; 1       ; 0         ; 0    ; 0            ; 1 (1)        ; 39 (39)           ; 1 (1)            ; |ax301_top|wb_tpu_accel:wb_tpu_inst|tpu_accel:u_tpu|systolic_array_4x4:sa_inst|pe:pe_2_0                                                                                                                                                                             ; pe                       ; work         ;
;                |lpm_mult:Mult0|                                                                  ; 0 (0)       ; 0 (0)                     ; 0 (0)         ; 0           ; 0    ; 1            ; 1       ; 0         ; 0    ; 0            ; 0 (0)        ; 0 (0)             ; 0 (0)            ; |ax301_top|wb_tpu_accel:wb_tpu_inst|tpu_accel:u_tpu|systolic_array_4x4:sa_inst|pe:pe_2_0|lpm_mult:Mult0                                                                                                                                                              ; lpm_mult                 ; work         ;
;                   |mult_73t:auto_generated|                                                      ; 0 (0)       ; 0 (0)                     ; 0 (0)         ; 0           ; 0    ; 1            ; 1       ; 0         ; 0    ; 0            ; 0 (0)        ; 0 (0)             ; 0 (0)            ; |ax301_top|wb_tpu_accel:wb_tpu_inst|tpu_accel:u_tpu|systolic_array_4x4:sa_inst|pe:pe_2_0|lpm_mult:Mult0|mult_73t:auto_generated                                                                                                                                      ; mult_73t                 ; work         ;
;             |pe:pe_2_1|                                                                          ; 41 (41)     ; 40 (40)                   ; 0 (0)         ; 0           ; 0    ; 1            ; 1       ; 0         ; 0    ; 0            ; 1 (1)        ; 6 (6)             ; 34 (34)          ; |ax301_top|wb_tpu_accel:wb_tpu_inst|tpu_accel:u_tpu|systolic_array_4x4:sa_inst|pe:pe_2_1                                                                                                                                                                             ; pe                       ; work         ;
;                |lpm_mult:Mult0|                                                                  ; 0 (0)       ; 0 (0)                     ; 0 (0)         ; 0           ; 0    ; 1            ; 1       ; 0         ; 0    ; 0            ; 0 (0)        ; 0 (0)             ; 0 (0)            ; |ax301_top|wb_tpu_accel:wb_tpu_inst|tpu_accel:u_tpu|systolic_array_4x4:sa_inst|pe:pe_2_1|lpm_mult:Mult0                                                                                                                                                              ; lpm_mult                 ; work         ;
;                   |mult_73t:auto_generated|                                                      ; 0 (0)       ; 0 (0)                     ; 0 (0)         ; 0           ; 0    ; 1            ; 1       ; 0         ; 0    ; 0            ; 0 (0)        ; 0 (0)             ; 0 (0)            ; |ax301_top|wb_tpu_accel:wb_tpu_inst|tpu_accel:u_tpu|systolic_array_4x4:sa_inst|pe:pe_2_1|lpm_mult:Mult0|mult_73t:auto_generated                                                                                                                                      ; mult_73t                 ; work         ;
;             |pe:pe_2_2|                                                                          ; 41 (41)     ; 40 (40)                   ; 0 (0)         ; 0           ; 0    ; 1            ; 1       ; 0         ; 0    ; 0            ; 1 (1)        ; 8 (8)             ; 32 (32)          ; |ax301_top|wb_tpu_accel:wb_tpu_inst|tpu_accel:u_tpu|systolic_array_4x4:sa_inst|pe:pe_2_2                                                                                                                                                                             ; pe                       ; work         ;
;                |lpm_mult:Mult0|                                                                  ; 0 (0)       ; 0 (0)                     ; 0 (0)         ; 0           ; 0    ; 1            ; 1       ; 0         ; 0    ; 0            ; 0 (0)        ; 0 (0)             ; 0 (0)            ; |ax301_top|wb_tpu_accel:wb_tpu_inst|tpu_accel:u_tpu|systolic_array_4x4:sa_inst|pe:pe_2_2|lpm_mult:Mult0                                                                                                                                                              ; lpm_mult                 ; work         ;
;                   |mult_73t:auto_generated|                                                      ; 0 (0)       ; 0 (0)                     ; 0 (0)         ; 0           ; 0    ; 1            ; 1       ; 0         ; 0    ; 0            ; 0 (0)        ; 0 (0)             ; 0 (0)            ; |ax301_top|wb_tpu_accel:wb_tpu_inst|tpu_accel:u_tpu|systolic_array_4x4:sa_inst|pe:pe_2_2|lpm_mult:Mult0|mult_73t:auto_generated                                                                                                                                      ; mult_73t                 ; work         ;
;             |pe:pe_2_3|                                                                          ; 135 (49)    ; 48 (48)                   ; 0 (0)         ; 0           ; 0    ; 0            ; 0       ; 0         ; 0    ; 0            ; 85 (1)       ; 6 (6)             ; 44 (33)          ; |ax301_top|wb_tpu_accel:wb_tpu_inst|tpu_accel:u_tpu|systolic_array_4x4:sa_inst|pe:pe_2_3                                                                                                                                                                             ; pe                       ; work         ;
;                |lpm_mult:Mult0|                                                                  ; 95 (0)      ; 0 (0)                     ; 0 (0)         ; 0           ; 0    ; 0            ; 0       ; 0         ; 0    ; 0            ; 84 (0)       ; 0 (0)             ; 11 (0)           ; |ax301_top|wb_tpu_accel:wb_tpu_inst|tpu_accel:u_tpu|systolic_array_4x4:sa_inst|pe:pe_2_3|lpm_mult:Mult0                                                                                                                                                              ; lpm_mult                 ; work         ;
;                   |mult_p1u:auto_generated|                                                      ; 95 (95)     ; 0 (0)                     ; 0 (0)         ; 0           ; 0    ; 0            ; 0       ; 0         ; 0    ; 0            ; 84 (84)      ; 0 (0)             ; 11 (11)          ; |ax301_top|wb_tpu_accel:wb_tpu_inst|tpu_accel:u_tpu|systolic_array_4x4:sa_inst|pe:pe_2_3|lpm_mult:Mult0|mult_p1u:auto_generated                                                                                                                                      ; mult_p1u                 ; work         ;
;             |pe:pe_3_0|                                                                          ; 33 (33)     ; 32 (32)                   ; 0 (0)         ; 0           ; 0    ; 1            ; 1       ; 0         ; 0    ; 0            ; 0 (0)        ; 32 (32)           ; 1 (1)            ; |ax301_top|wb_tpu_accel:wb_tpu_inst|tpu_accel:u_tpu|systolic_array_4x4:sa_inst|pe:pe_3_0                                                                                                                                                                             ; pe                       ; work         ;
;                |lpm_mult:Mult0|                                                                  ; 0 (0)       ; 0 (0)                     ; 0 (0)         ; 0           ; 0    ; 1            ; 1       ; 0         ; 0    ; 0            ; 0 (0)        ; 0 (0)             ; 0 (0)            ; |ax301_top|wb_tpu_accel:wb_tpu_inst|tpu_accel:u_tpu|systolic_array_4x4:sa_inst|pe:pe_3_0|lpm_mult:Mult0                                                                                                                                                              ; lpm_mult                 ; work         ;
;                   |mult_73t:auto_generated|                                                      ; 0 (0)       ; 0 (0)                     ; 0 (0)         ; 0           ; 0    ; 1            ; 1       ; 0         ; 0    ; 0            ; 0 (0)        ; 0 (0)             ; 0 (0)            ; |ax301_top|wb_tpu_accel:wb_tpu_inst|tpu_accel:u_tpu|systolic_array_4x4:sa_inst|pe:pe_3_0|lpm_mult:Mult0|mult_73t:auto_generated                                                                                                                                      ; mult_73t                 ; work         ;
;             |pe:pe_3_1|                                                                          ; 33 (33)     ; 32 (32)                   ; 0 (0)         ; 0           ; 0    ; 1            ; 1       ; 0         ; 0    ; 0            ; 1 (1)        ; 0 (0)             ; 32 (32)          ; |ax301_top|wb_tpu_accel:wb_tpu_inst|tpu_accel:u_tpu|systolic_array_4x4:sa_inst|pe:pe_3_1                                                                                                                                                                             ; pe                       ; work         ;
;                |lpm_mult:Mult0|                                                                  ; 0 (0)       ; 0 (0)                     ; 0 (0)         ; 0           ; 0    ; 1            ; 1       ; 0         ; 0    ; 0            ; 0 (0)        ; 0 (0)             ; 0 (0)            ; |ax301_top|wb_tpu_accel:wb_tpu_inst|tpu_accel:u_tpu|systolic_array_4x4:sa_inst|pe:pe_3_1|lpm_mult:Mult0                                                                                                                                                              ; lpm_mult                 ; work         ;
;                   |mult_73t:auto_generated|                                                      ; 0 (0)       ; 0 (0)                     ; 0 (0)         ; 0           ; 0    ; 1            ; 1       ; 0         ; 0    ; 0            ; 0 (0)        ; 0 (0)             ; 0 (0)            ; |ax301_top|wb_tpu_accel:wb_tpu_inst|tpu_accel:u_tpu|systolic_array_4x4:sa_inst|pe:pe_3_1|lpm_mult:Mult0|mult_73t:auto_generated                                                                                                                                      ; mult_73t                 ; work         ;
;             |pe:pe_3_2|                                                                          ; 33 (33)     ; 32 (32)                   ; 0 (0)         ; 0           ; 0    ; 1            ; 1       ; 0         ; 0    ; 0            ; 1 (1)        ; 0 (0)             ; 32 (32)          ; |ax301_top|wb_tpu_accel:wb_tpu_inst|tpu_accel:u_tpu|systolic_array_4x4:sa_inst|pe:pe_3_2                                                                                                                                                                             ; pe                       ; work         ;
;                |lpm_mult:Mult0|                                                                  ; 0 (0)       ; 0 (0)                     ; 0 (0)         ; 0           ; 0    ; 1            ; 1       ; 0         ; 0    ; 0            ; 0 (0)        ; 0 (0)             ; 0 (0)            ; |ax301_top|wb_tpu_accel:wb_tpu_inst|tpu_accel:u_tpu|systolic_array_4x4:sa_inst|pe:pe_3_2|lpm_mult:Mult0                                                                                                                                                              ; lpm_mult                 ; work         ;
;                   |mult_73t:auto_generated|                                                      ; 0 (0)       ; 0 (0)                     ; 0 (0)         ; 0           ; 0    ; 1            ; 1       ; 0         ; 0    ; 0            ; 0 (0)        ; 0 (0)             ; 0 (0)            ; |ax301_top|wb_tpu_accel:wb_tpu_inst|tpu_accel:u_tpu|systolic_array_4x4:sa_inst|pe:pe_3_2|lpm_mult:Mult0|mult_73t:auto_generated                                                                                                                                      ; mult_73t                 ; work         ;
;             |pe:pe_3_3|                                                                          ; 33 (33)     ; 32 (32)                   ; 0 (0)         ; 0           ; 0    ; 1            ; 1       ; 0         ; 0    ; 0            ; 1 (1)        ; 0 (0)             ; 32 (32)          ; |ax301_top|wb_tpu_accel:wb_tpu_inst|tpu_accel:u_tpu|systolic_array_4x4:sa_inst|pe:pe_3_3                                                                                                                                                                             ; pe                       ; work         ;
;                |lpm_mult:Mult0|                                                                  ; 0 (0)       ; 0 (0)                     ; 0 (0)         ; 0           ; 0    ; 1            ; 1       ; 0         ; 0    ; 0            ; 0 (0)        ; 0 (0)             ; 0 (0)            ; |ax301_top|wb_tpu_accel:wb_tpu_inst|tpu_accel:u_tpu|systolic_array_4x4:sa_inst|pe:pe_3_3|lpm_mult:Mult0                                                                                                                                                              ; lpm_mult                 ; work         ;
;                   |mult_73t:auto_generated|                                                      ; 0 (0)       ; 0 (0)                     ; 0 (0)         ; 0           ; 0    ; 1            ; 1       ; 0         ; 0    ; 0            ; 0 (0)        ; 0 (0)             ; 0 (0)            ; |ax301_top|wb_tpu_accel:wb_tpu_inst|tpu_accel:u_tpu|systolic_array_4x4:sa_inst|pe:pe_3_3|lpm_mult:Mult0|mult_73t:auto_generated                                                                                                                                      ; mult_73t                 ; work         ;
+--------------------------------------------------------------------------------------------------+-------------+---------------------------+---------------+-------------+------+--------------+---------+-----------+------+--------------+--------------+-------------------+------------------+----------------------------------------------------------------------------------------------------------------------------------------------------------------------------------------------------------------------------------------------------------------------+--------------------------+--------------+
Note: For table entries with two numbers listed, the numbers in parentheses indicate the number of resources of the given type used by the specific entity alone. The numbers listed outside of parentheses indicate the total resources of the given type used by the specific entity and all of its sub-entities in the hierarchy.


+-----------------------------------------------------------------------------------------------+
; Delay Chain Summary                                                                           ;
+----------+----------+---------------+---------------+-----------------------+----------+------+
; Name     ; Pin Type ; Pad to Core 0 ; Pad to Core 1 ; Pad to Input Register ; TCO      ; TCOE ;
+----------+----------+---------------+---------------+-----------------------+----------+------+
; TXD      ; Output   ; --            ; --            ; --                    ; --       ; --   ;
; LED[0]   ; Output   ; --            ; --            ; --                    ; --       ; --   ;
; LED[1]   ; Output   ; --            ; --            ; --                    ; --       ; --   ;
; LED[2]   ; Output   ; --            ; --            ; --                    ; --       ; --   ;
; LED[3]   ; Output   ; --            ; --            ; --                    ; --       ; --   ;
; S_CLK    ; Output   ; --            ; --            ; --                    ; --       ; --   ;
; S_CKE    ; Output   ; --            ; --            ; --                    ; --       ; --   ;
; S_NCS    ; Output   ; --            ; --            ; --                    ; (0) 0 ps ; --   ;
; S_NRAS   ; Output   ; --            ; --            ; --                    ; (0) 0 ps ; --   ;
; S_NCAS   ; Output   ; --            ; --            ; --                    ; (0) 0 ps ; --   ;
; S_NWE    ; Output   ; --            ; --            ; --                    ; (0) 0 ps ; --   ;
; S_BA[0]  ; Output   ; --            ; --            ; --                    ; (0) 0 ps ; --   ;
; S_BA[1]  ; Output   ; --            ; --            ; --                    ; (0) 0 ps ; --   ;
; S_A[0]   ; Output   ; --            ; --            ; --                    ; (0) 0 ps ; --   ;
; S_A[1]   ; Output   ; --            ; --            ; --                    ; (0) 0 ps ; --   ;
; S_A[2]   ; Output   ; --            ; --            ; --                    ; (0) 0 ps ; --   ;
; S_A[3]   ; Output   ; --            ; --            ; --                    ; (0) 0 ps ; --   ;
; S_A[4]   ; Output   ; --            ; --            ; --                    ; (0) 0 ps ; --   ;
; S_A[5]   ; Output   ; --            ; --            ; --                    ; (0) 0 ps ; --   ;
; S_A[6]   ; Output   ; --            ; --            ; --                    ; (0) 0 ps ; --   ;
; S_A[7]   ; Output   ; --            ; --            ; --                    ; (0) 0 ps ; --   ;
; S_A[8]   ; Output   ; --            ; --            ; --                    ; (0) 0 ps ; --   ;
; S_A[9]   ; Output   ; --            ; --            ; --                    ; (0) 0 ps ; --   ;
; S_A[10]  ; Output   ; --            ; --            ; --                    ; (0) 0 ps ; --   ;
; S_A[11]  ; Output   ; --            ; --            ; --                    ; (0) 0 ps ; --   ;
; S_A[12]  ; Output   ; --            ; --            ; --                    ; (0) 0 ps ; --   ;
; S_DQM[0] ; Output   ; --            ; --            ; --                    ; (0) 0 ps ; --   ;
; S_DQM[1] ; Output   ; --            ; --            ; --                    ; (0) 0 ps ; --   ;
; SD_CLK   ; Output   ; --            ; --            ; --                    ; --       ; --   ;
; SD_DI    ; Output   ; --            ; --            ; --                    ; --       ; --   ;
; SD_NCS   ; Output   ; --            ; --            ; --                    ; --       ; --   ;
; S_DB[0]  ; Bidir    ; --            ; (0) 0 ps      ; (0) 0 ps              ; (0) 0 ps ; --   ;
; S_DB[1]  ; Bidir    ; --            ; (0) 0 ps      ; (0) 0 ps              ; (0) 0 ps ; --   ;
; S_DB[2]  ; Bidir    ; --            ; (0) 0 ps      ; (0) 0 ps              ; (0) 0 ps ; --   ;
; S_DB[3]  ; Bidir    ; --            ; (0) 0 ps      ; (0) 0 ps              ; (0) 0 ps ; --   ;
; S_DB[4]  ; Bidir    ; --            ; (0) 0 ps      ; (0) 0 ps              ; (0) 0 ps ; --   ;
; S_DB[5]  ; Bidir    ; --            ; (0) 0 ps      ; (0) 0 ps              ; (0) 0 ps ; --   ;
; S_DB[6]  ; Bidir    ; --            ; (0) 0 ps      ; (0) 0 ps              ; (0) 0 ps ; --   ;
; S_DB[7]  ; Bidir    ; --            ; (0) 0 ps      ; (0) 0 ps              ; (0) 0 ps ; --   ;
; S_DB[8]  ; Bidir    ; --            ; (0) 0 ps      ; (0) 0 ps              ; (0) 0 ps ; --   ;
; S_DB[9]  ; Bidir    ; --            ; (0) 0 ps      ; (0) 0 ps              ; (0) 0 ps ; --   ;
; S_DB[10] ; Bidir    ; --            ; (0) 0 ps      ; (0) 0 ps              ; (0) 0 ps ; --   ;
; S_DB[11] ; Bidir    ; --            ; (0) 0 ps      ; (0) 0 ps              ; (0) 0 ps ; --   ;
; S_DB[12] ; Bidir    ; --            ; (0) 0 ps      ; (0) 0 ps              ; (0) 0 ps ; --   ;
; S_DB[13] ; Bidir    ; --            ; (0) 0 ps      ; (0) 0 ps              ; (0) 0 ps ; --   ;
; S_DB[14] ; Bidir    ; --            ; (0) 0 ps      ; (0) 0 ps              ; (0) 0 ps ; --   ;
; S_DB[15] ; Bidir    ; --            ; (0) 0 ps      ; (0) 0 ps              ; (0) 0 ps ; --   ;
; CLOCK    ; Input    ; (0) 0 ps      ; --            ; --                    ; --       ; --   ;
; KEY2     ; Input    ; (0) 0 ps      ; --            ; --                    ; --       ; --   ;
; SD_DO    ; Input    ; (6) 1314 ps   ; --            ; --                    ; --       ; --   ;
; RXD      ; Input    ; (0) 0 ps      ; --            ; --                    ; --       ; --   ;
+----------+----------+---------------+---------------+-----------------------+----------+------+


+-----------------------------------------------------------------------------------------------------------------------------------------------------+
; Pad To Core Delay Chain Fanout                                                                                                                      ;
+-----------------------------------------------------------------------------------------------------------------------+-------------------+---------+
; Source Pin / Fanout                                                                                                   ; Pad To Core Index ; Setting ;
+-----------------------------------------------------------------------------------------------------------------------+-------------------+---------+
; S_DB[0]                                                                                                               ;                   ;         ;
;      - wb_sdram_ctrl:wb_sdram_inst|sdram_ctrl:u_sdram|data_lo[0]~feeder                                               ; 1                 ; 0       ;
; S_DB[1]                                                                                                               ;                   ;         ;
;      - wb_sdram_ctrl:wb_sdram_inst|sdram_ctrl:u_sdram|data_lo[1]~feeder                                               ; 1                 ; 0       ;
; S_DB[2]                                                                                                               ;                   ;         ;
;      - wb_sdram_ctrl:wb_sdram_inst|sdram_ctrl:u_sdram|data_lo[2]~feeder                                               ; 1                 ; 0       ;
; S_DB[3]                                                                                                               ;                   ;         ;
;      - wb_sdram_ctrl:wb_sdram_inst|sdram_ctrl:u_sdram|data_lo[3]~feeder                                               ; 1                 ; 0       ;
; S_DB[4]                                                                                                               ;                   ;         ;
;      - wb_sdram_ctrl:wb_sdram_inst|sdram_ctrl:u_sdram|data_lo[4]~feeder                                               ; 1                 ; 0       ;
; S_DB[5]                                                                                                               ;                   ;         ;
;      - wb_sdram_ctrl:wb_sdram_inst|sdram_ctrl:u_sdram|data_lo[5]~feeder                                               ; 1                 ; 0       ;
; S_DB[6]                                                                                                               ;                   ;         ;
;      - wb_sdram_ctrl:wb_sdram_inst|sdram_ctrl:u_sdram|data_lo[6]~feeder                                               ; 1                 ; 0       ;
; S_DB[7]                                                                                                               ;                   ;         ;
;      - wb_sdram_ctrl:wb_sdram_inst|sdram_ctrl:u_sdram|data_lo[7]~feeder                                               ; 1                 ; 0       ;
; S_DB[8]                                                                                                               ;                   ;         ;
;      - wb_sdram_ctrl:wb_sdram_inst|sdram_ctrl:u_sdram|data_lo[8]~feeder                                               ; 1                 ; 0       ;
; S_DB[9]                                                                                                               ;                   ;         ;
;      - wb_sdram_ctrl:wb_sdram_inst|sdram_ctrl:u_sdram|data_lo[9]~feeder                                               ; 1                 ; 0       ;
; S_DB[10]                                                                                                              ;                   ;         ;
;      - wb_sdram_ctrl:wb_sdram_inst|sdram_ctrl:u_sdram|data_lo[10]~feeder                                              ; 1                 ; 0       ;
; S_DB[11]                                                                                                              ;                   ;         ;
;      - wb_sdram_ctrl:wb_sdram_inst|sdram_ctrl:u_sdram|data_lo[11]~feeder                                              ; 1                 ; 0       ;
; S_DB[12]                                                                                                              ;                   ;         ;
;      - wb_sdram_ctrl:wb_sdram_inst|sdram_ctrl:u_sdram|data_lo[12]~feeder                                              ; 1                 ; 0       ;
; S_DB[13]                                                                                                              ;                   ;         ;
;      - wb_sdram_ctrl:wb_sdram_inst|sdram_ctrl:u_sdram|data_lo[13]~feeder                                              ; 1                 ; 0       ;
; S_DB[14]                                                                                                              ;                   ;         ;
;      - wb_sdram_ctrl:wb_sdram_inst|sdram_ctrl:u_sdram|data_lo[14]~feeder                                              ; 1                 ; 0       ;
; S_DB[15]                                                                                                              ;                   ;         ;
;      - wb_sdram_ctrl:wb_sdram_inst|sdram_ctrl:u_sdram|data_lo[15]~feeder                                              ; 1                 ; 0       ;
; CLOCK                                                                                                                 ;                   ;         ;
; KEY2                                                                                                                  ;                   ;         ;
; SD_DO                                                                                                                 ;                   ;         ;
;      - neorv32_top:neorv32_top_inst|neorv32_spi:\io_system:neorv32_spi_enabled:neorv32_spi_inst|rtx_engine.sdi_sync~0 ; 0                 ; 6       ;
; RXD                                                                                                                   ;                   ;         ;
+-----------------------------------------------------------------------------------------------------------------------+-------------------+---------+


+--------------------------------------------------------------------------------------------------------------------------------------------------------------------------------------------------------------------------------------------------------------------------------------------------------------------------------------------------------------------+
; Control Signals                                                                                                                                                                                                                                                                                                                                                    ;
+-------------------------------------------------------------------------------------------------------------------------------------------------------------------------------------------------------------------------+--------------------+---------+----------------------------+--------+----------------------+------------------+---------------------------+
; Name                                                                                                                                                                                                                    ; Location           ; Fan-Out ; Usage                      ; Global ; Global Resource Used ; Global Line Name ; Enable Signal Source Name ;
+-------------------------------------------------------------------------------------------------------------------------------------------------------------------------------------------------------------------------+--------------------+---------+----------------------------+--------+----------------------+------------------+---------------------------+
; CLOCK                                                                                                                                                                                                                   ; PIN_E1             ; 3124    ; Clock                      ; yes    ; Global Clock         ; GCLK2            ; --                        ;
; neorv32_top:neorv32_top_inst|neorv32_bus_amo_rmw:\atomics:neorv32_bus_amo_rmw_enabled:neorv32_bus_amo_rmw_inst|Selector0~2                                                                                              ; LCCOMB_X17_Y9_N6   ; 39      ; Clock enable               ; no     ; --                   ; --               ; --                        ;
; neorv32_top:neorv32_top_inst|neorv32_bus_amo_rmw:\atomics:neorv32_bus_amo_rmw_enabled:neorv32_bus_amo_rmw_inst|alu_res[29]~34                                                                                           ; LCCOMB_X18_Y10_N14 ; 31      ; Sync. load                 ; no     ; --                   ; --               ; --                        ;
; neorv32_top:neorv32_top_inst|neorv32_bus_amo_rmw:\atomics:neorv32_bus_amo_rmw_enabled:neorv32_bus_amo_rmw_inst|arbiter.state.S_READ_WAIT                                                                                ; FF_X17_Y9_N21      ; 35      ; Clock enable               ; no     ; --                   ; --               ; --                        ;
; neorv32_top:neorv32_top_inst|neorv32_bus_gateway:neorv32_bus_gateway_inst|c_req_o.stb                                                                                                                                   ; LCCOMB_X13_Y8_N22  ; 53      ; Clock enable               ; no     ; --                   ; --               ; --                        ;
; neorv32_top:neorv32_top_inst|neorv32_bus_gateway:neorv32_bus_gateway_inst|keeper.cnt[9]~39                                                                                                                              ; LCCOMB_X14_Y9_N30  ; 13      ; Sync. clear                ; no     ; --                   ; --               ; --                        ;
; neorv32_top:neorv32_top_inst|neorv32_bus_gateway:neorv32_bus_gateway_inst|keeper.state[0]~2                                                                                                                             ; LCCOMB_X14_Y9_N8   ; 2       ; Clock enable               ; no     ; --                   ; --               ; --                        ;
; neorv32_top:neorv32_top_inst|neorv32_bus_gateway:neorv32_bus_gateway_inst|keeper.state[1]                                                                                                                               ; FF_X14_Y9_N29      ; 23      ; Clock enable               ; no     ; --                   ; --               ; --                        ;
; neorv32_top:neorv32_top_inst|neorv32_bus_io_switch:\io_system:neorv32_bus_io_switch_inst|dev_00_req_o.stb~0                                                                                                             ; LCCOMB_X12_Y10_N20 ; 4       ; Clock enable               ; no     ; --                   ; --               ; --                        ;
; neorv32_top:neorv32_top_inst|neorv32_bus_switch:\core_complex_gen:0:neorv32_core_bus_switch_inst|state.S_IDLE                                                                                                           ; FF_X16_Y9_N1       ; 11      ; Clock enable               ; no     ; --                   ; --               ; --                        ;
; neorv32_top:neorv32_top_inst|neorv32_cache:\core_complex_gen:0:neorv32_icache_enabled:neorv32_icache_inst|Decoder0~0                                                                                                    ; LCCOMB_X9_Y11_N22  ; 25      ; Clock enable               ; no     ; --                   ; --               ; --                        ;
; neorv32_top:neorv32_top_inst|neorv32_cache:\core_complex_gen:0:neorv32_icache_enabled:neorv32_icache_inst|Decoder0~1                                                                                                    ; LCCOMB_X9_Y11_N14  ; 25      ; Clock enable               ; no     ; --                   ; --               ; --                        ;
; neorv32_top:neorv32_top_inst|neorv32_cache:\core_complex_gen:0:neorv32_icache_enabled:neorv32_icache_inst|Decoder0~2                                                                                                    ; LCCOMB_X9_Y11_N26  ; 25      ; Clock enable               ; no     ; --                   ; --               ; --                        ;
; neorv32_top:neorv32_top_inst|neorv32_cache:\core_complex_gen:0:neorv32_icache_enabled:neorv32_icache_inst|Decoder0~3                                                                                                    ; LCCOMB_X9_Y11_N30  ; 25      ; Clock enable               ; no     ; --                   ; --               ; --                        ;
; neorv32_top:neorv32_top_inst|neorv32_cache:\core_complex_gen:0:neorv32_icache_enabled:neorv32_icache_inst|WideOr6~0                                                                                                     ; LCCOMB_X17_Y11_N24 ; 2       ; Clock enable               ; no     ; --                   ; --               ; --                        ;
; neorv32_top:neorv32_top_inst|neorv32_cache:\core_complex_gen:0:neorv32_icache_enabled:neorv32_icache_inst|ctrl.state.S_CHECK                                                                                            ; FF_X17_Y11_N13     ; 32      ; Clock enable               ; no     ; --                   ; --               ; --                        ;
; neorv32_top:neorv32_top_inst|neorv32_cache:\core_complex_gen:0:neorv32_icache_enabled:neorv32_icache_inst|ctrl.state.S_IDLE                                                                                             ; FF_X17_Y11_N9      ; 6       ; Sync. clear                ; no     ; --                   ; --               ; --                        ;
; neorv32_top:neorv32_top_inst|neorv32_cache:\core_complex_gen:0:neorv32_icache_enabled:neorv32_icache_inst|ctrl.state.S_UPDATE_WAIT                                                                                      ; FF_X16_Y11_N23     ; 74      ; Write enable               ; no     ; --                   ; --               ; --                        ;
; neorv32_top:neorv32_top_inst|neorv32_clint:\io_system:neorv32_clint_enabled:neorv32_clint_inst|mtime_we[1]~3                                                                                                            ; LCCOMB_X6_Y6_N28   ; 32      ; Sync. load                 ; no     ; --                   ; --               ; --                        ;
; neorv32_top:neorv32_top_inst|neorv32_clint:\io_system:neorv32_clint_enabled:neorv32_clint_inst|mtimecmp_we[0][0]~2                                                                                                      ; LCCOMB_X6_Y6_N6    ; 32      ; Clock enable               ; no     ; --                   ; --               ; --                        ;
; neorv32_top:neorv32_top_inst|neorv32_clint:\io_system:neorv32_clint_enabled:neorv32_clint_inst|mtimecmp_we[0][1]~1                                                                                                      ; LCCOMB_X10_Y6_N24  ; 32      ; Clock enable               ; no     ; --                   ; --               ; --                        ;
; neorv32_top:neorv32_top_inst|neorv32_cpu:\core_complex_gen:0:neorv32_cpu_inst|neorv32_cpu_alu:neorv32_cpu_alu_inst|neorv32_cpu_alu_muldiv:\neorv32_cpu_alu_muldiv_enabled:neorv32_cpu_alu_muldiv_inst|ctrl.state.S_BUSY ; FF_X28_Y17_N23     ; 7       ; Sync. load                 ; no     ; --                   ; --               ; --                        ;
; neorv32_top:neorv32_top_inst|neorv32_cpu:\core_complex_gen:0:neorv32_cpu_inst|neorv32_cpu_alu:neorv32_cpu_alu_inst|neorv32_cpu_alu_muldiv:\neorv32_cpu_alu_muldiv_enabled:neorv32_cpu_alu_muldiv_inst|div.rema[3]~0     ; LCCOMB_X28_Y17_N6  ; 64      ; Clock enable               ; no     ; --                   ; --               ; --                        ;
; neorv32_top:neorv32_top_inst|neorv32_cpu:\core_complex_gen:0:neorv32_cpu_inst|neorv32_cpu_alu:neorv32_cpu_alu_inst|neorv32_cpu_alu_muldiv:\neorv32_cpu_alu_muldiv_enabled:neorv32_cpu_alu_muldiv_inst|div.start         ; LCCOMB_X26_Y15_N14 ; 65      ; Sync. load                 ; no     ; --                   ; --               ; --                        ;
; neorv32_top:neorv32_top_inst|neorv32_cpu:\core_complex_gen:0:neorv32_cpu_inst|neorv32_cpu_alu:neorv32_cpu_alu_inst|neorv32_cpu_alu_muldiv:\neorv32_cpu_alu_muldiv_enabled:neorv32_cpu_alu_muldiv_inst|mul.res[6]~1      ; LCCOMB_X28_Y16_N28 ; 63      ; Clock enable               ; no     ; --                   ; --               ; --                        ;
; neorv32_top:neorv32_top_inst|neorv32_cpu:\core_complex_gen:0:neorv32_cpu_inst|neorv32_cpu_alu:neorv32_cpu_alu_inst|neorv32_cpu_alu_muldiv:\neorv32_cpu_alu_muldiv_enabled:neorv32_cpu_alu_muldiv_inst|mul.start         ; LCCOMB_X28_Y16_N2  ; 33      ; Sync. load                 ; no     ; --                   ; --               ; --                        ;
; neorv32_top:neorv32_top_inst|neorv32_cpu:\core_complex_gen:0:neorv32_cpu_inst|neorv32_cpu_alu:neorv32_cpu_alu_inst|neorv32_cpu_alu_shifter:neorv32_cpu_alu_shifter_inst|serial.cnt[1]~5                                 ; LCCOMB_X17_Y15_N10 ; 36      ; Clock enable               ; no     ; --                   ; --               ; --                        ;
; neorv32_top:neorv32_top_inst|neorv32_cpu:\core_complex_gen:0:neorv32_cpu_inst|neorv32_cpu_alu:neorv32_cpu_alu_inst|neorv32_cpu_alu_shifter:neorv32_cpu_alu_shifter_inst|valid_cmd~4                                     ; LCCOMB_X17_Y15_N18 ; 39      ; Sync. load                 ; no     ; --                   ; --               ; --                        ;
; neorv32_top:neorv32_top_inst|neorv32_cpu:\core_complex_gen:0:neorv32_cpu_inst|neorv32_cpu_control:neorv32_cpu_control_inst|Selector44~0                                                                                 ; LCCOMB_X17_Y17_N2  ; 31      ; Clock enable               ; no     ; --                   ; --               ; --                        ;
; neorv32_top:neorv32_top_inst|neorv32_cpu:\core_complex_gen:0:neorv32_cpu_inst|neorv32_cpu_control:neorv32_cpu_control_inst|csr.mcounteren[0]~0                                                                          ; LCCOMB_X8_Y18_N6   ; 2       ; Clock enable               ; no     ; --                   ; --               ; --                        ;
; neorv32_top:neorv32_top_inst|neorv32_cpu:\core_complex_gen:0:neorv32_cpu_inst|neorv32_cpu_control:neorv32_cpu_control_inst|csr.mie_firq[8]~0                                                                            ; LCCOMB_X10_Y19_N30 ; 19      ; Clock enable               ; no     ; --                   ; --               ; --                        ;
; neorv32_top:neorv32_top_inst|neorv32_cpu:\core_complex_gen:0:neorv32_cpu_inst|neorv32_cpu_control:neorv32_cpu_control_inst|csr.mscratch[0]~0                                                                            ; LCCOMB_X11_Y19_N14 ; 32      ; Clock enable               ; no     ; --                   ; --               ; --                        ;
; neorv32_top:neorv32_top_inst|neorv32_cpu:\core_complex_gen:0:neorv32_cpu_inst|neorv32_cpu_control:neorv32_cpu_control_inst|csr.mstatus_mpie~0                                                                           ; LCCOMB_X11_Y19_N0  ; 2       ; Clock enable               ; no     ; --                   ; --               ; --                        ;
; neorv32_top:neorv32_top_inst|neorv32_cpu:\core_complex_gen:0:neorv32_cpu_inst|neorv32_cpu_control:neorv32_cpu_control_inst|csr.mtval[3]~0                                                                               ; LCCOMB_X17_Y20_N14 ; 70      ; Clock enable               ; no     ; --                   ; --               ; --                        ;
; neorv32_top:neorv32_top_inst|neorv32_cpu:\core_complex_gen:0:neorv32_cpu_inst|neorv32_cpu_control:neorv32_cpu_control_inst|csr.mtvec[0]~0                                                                               ; LCCOMB_X14_Y18_N18 ; 31      ; Clock enable               ; no     ; --                   ; --               ; --                        ;
; neorv32_top:neorv32_top_inst|neorv32_cpu:\core_complex_gen:0:neorv32_cpu_inst|neorv32_cpu_control:neorv32_cpu_control_inst|csr~0                                                                                        ; LCCOMB_X14_Y20_N16 ; 31      ; Clock enable               ; no     ; --                   ; --               ; --                        ;
; neorv32_top:neorv32_top_inst|neorv32_cpu:\core_complex_gen:0:neorv32_cpu_inst|neorv32_cpu_control:neorv32_cpu_control_inst|ctrl.csr_addr[11]~1                                                                          ; LCCOMB_X11_Y15_N28 ; 12      ; Clock enable               ; no     ; --                   ; --               ; --                        ;
; neorv32_top:neorv32_top_inst|neorv32_cpu:\core_complex_gen:0:neorv32_cpu_inst|neorv32_cpu_control:neorv32_cpu_control_inst|ctrl.csr_re                                                                                  ; FF_X16_Y16_N1      ; 36      ; Sync. clear                ; no     ; --                   ; --               ; --                        ;
; neorv32_top:neorv32_top_inst|neorv32_cpu:\core_complex_gen:0:neorv32_cpu_inst|neorv32_cpu_control:neorv32_cpu_control_inst|ctrl.csr_we                                                                                  ; FF_X16_Y17_N19     ; 52      ; Sync. load                 ; no     ; --                   ; --               ; --                        ;
; neorv32_top:neorv32_top_inst|neorv32_cpu:\core_complex_gen:0:neorv32_cpu_inst|neorv32_cpu_control:neorv32_cpu_control_inst|ctrl.lsu_rd~4                                                                                ; LCCOMB_X16_Y16_N6  ; 2       ; Clock enable               ; no     ; --                   ; --               ; --                        ;
; neorv32_top:neorv32_top_inst|neorv32_cpu:\core_complex_gen:0:neorv32_cpu_inst|neorv32_cpu_control:neorv32_cpu_control_inst|exec.ir[13]                                                                                  ; FF_X12_Y14_N3      ; 145     ; Sync. load                 ; no     ; --                   ; --               ; --                        ;
; neorv32_top:neorv32_top_inst|neorv32_cpu:\core_complex_gen:0:neorv32_cpu_inst|neorv32_cpu_control:neorv32_cpu_control_inst|exec.ir[28]                                                                                  ; FF_X10_Y16_N19     ; 15      ; Sync. clear                ; no     ; --                   ; --               ; --                        ;
; neorv32_top:neorv32_top_inst|neorv32_cpu:\core_complex_gen:0:neorv32_cpu_inst|neorv32_cpu_control:neorv32_cpu_control_inst|exec.ir[30]                                                                                  ; FF_X13_Y15_N5      ; 13      ; Sync. clear                ; no     ; --                   ; --               ; --                        ;
; neorv32_top:neorv32_top_inst|neorv32_cpu:\core_complex_gen:0:neorv32_cpu_inst|neorv32_cpu_control:neorv32_cpu_control_inst|exec.state.S_ALU_WAIT                                                                        ; FF_X19_Y15_N5      ; 18      ; Sync. clear                ; no     ; --                   ; --               ; --                        ;
; neorv32_top:neorv32_top_inst|neorv32_cpu:\core_complex_gen:0:neorv32_cpu_inst|neorv32_cpu_control:neorv32_cpu_control_inst|exec.state.S_DISPATCH                                                                        ; FF_X14_Y13_N13     ; 42      ; Sync. clear, Sync. load    ; no     ; --                   ; --               ; --                        ;
; neorv32_top:neorv32_top_inst|neorv32_cpu:\core_complex_gen:0:neorv32_cpu_inst|neorv32_cpu_control:neorv32_cpu_control_inst|exec.state.S_EXECUTE                                                                         ; FF_X14_Y13_N1      ; 16      ; Sync. clear                ; no     ; --                   ; --               ; --                        ;
; neorv32_top:neorv32_top_inst|neorv32_cpu:\core_complex_gen:0:neorv32_cpu_inst|neorv32_cpu_control:neorv32_cpu_control_inst|exec.state.S_MEM_REQ                                                                         ; FF_X16_Y16_N13     ; 79      ; Clock enable               ; no     ; --                   ; --               ; --                        ;
; neorv32_top:neorv32_top_inst|neorv32_cpu:\core_complex_gen:0:neorv32_cpu_inst|neorv32_cpu_control:neorv32_cpu_control_inst|exec.state.S_MEM_RSP                                                                         ; FF_X19_Y15_N1      ; 40      ; Sync. clear                ; no     ; --                   ; --               ; --                        ;
; neorv32_top:neorv32_top_inst|neorv32_cpu:\core_complex_gen:0:neorv32_cpu_inst|neorv32_cpu_control:neorv32_cpu_control_inst|exec.state.S_TRAP_ENTER                                                                      ; FF_X14_Y13_N15     ; 55      ; Sync. clear                ; no     ; --                   ; --               ; --                        ;
; neorv32_top:neorv32_top_inst|neorv32_cpu:\core_complex_gen:0:neorv32_cpu_inst|neorv32_cpu_control:neorv32_cpu_control_inst|exec.state.S_TRAP_EXIT                                                                       ; FF_X14_Y16_N21     ; 45      ; Sync. load                 ; no     ; --                   ; --               ; --                        ;
; neorv32_top:neorv32_top_inst|neorv32_cpu:\core_complex_gen:0:neorv32_cpu_inst|neorv32_cpu_control:neorv32_cpu_control_inst|trap.instr_be~2                                                                              ; LCCOMB_X14_Y13_N28 ; 66      ; Clock enable               ; no     ; --                   ; --               ; --                        ;
; neorv32_top:neorv32_top_inst|neorv32_cpu:\core_complex_gen:0:neorv32_cpu_inst|neorv32_cpu_counters:\cnts_enabled:neorv32_cpu_counters_inst|cnt_inhibit~0                                                                ; LCCOMB_X8_Y17_N24  ; 2       ; Clock enable               ; no     ; --                   ; --               ; --                        ;
; neorv32_top:neorv32_top_inst|neorv32_cpu:\core_complex_gen:0:neorv32_cpu_inst|neorv32_cpu_counters:\cnts_enabled:neorv32_cpu_counters_inst|cnt_we[0][0]~5                                                               ; LCCOMB_X7_Y21_N22  ; 32      ; Sync. load                 ; no     ; --                   ; --               ; --                        ;
; neorv32_top:neorv32_top_inst|neorv32_cpu:\core_complex_gen:0:neorv32_cpu_inst|neorv32_cpu_counters:\cnts_enabled:neorv32_cpu_counters_inst|cnt_we[0][1]~4                                                               ; LCCOMB_X7_Y21_N2   ; 32      ; Sync. load                 ; no     ; --                   ; --               ; --                        ;
; neorv32_top:neorv32_top_inst|neorv32_cpu:\core_complex_gen:0:neorv32_cpu_inst|neorv32_cpu_counters:\cnts_enabled:neorv32_cpu_counters_inst|cnt_we[2][1]~2                                                               ; LCCOMB_X7_Y21_N24  ; 32      ; Sync. load                 ; no     ; --                   ; --               ; --                        ;
; neorv32_top:neorv32_top_inst|neorv32_cpu:\core_complex_gen:0:neorv32_cpu_inst|neorv32_cpu_frontend:neorv32_cpu_frontend_inst|fetch.addr[17]~38                                                                          ; LCCOMB_X17_Y13_N22 ; 30      ; Clock enable               ; no     ; --                   ; --               ; --                        ;
; neorv32_top:neorv32_top_inst|neorv32_cpu:\core_complex_gen:0:neorv32_cpu_inst|neorv32_cpu_frontend:neorv32_cpu_frontend_inst|fetch.state.S_PENDING                                                                      ; FF_X18_Y13_N7      ; 42      ; Sync. load                 ; no     ; --                   ; --               ; --                        ;
; neorv32_top:neorv32_top_inst|neorv32_cpu:\core_complex_gen:0:neorv32_cpu_inst|neorv32_cpu_frontend:neorv32_cpu_frontend_inst|issue_valid~1                                                                              ; LCCOMB_X13_Y14_N14 ; 40      ; Sync. load                 ; no     ; --                   ; --               ; --                        ;
; neorv32_top:neorv32_top_inst|neorv32_cpu:\core_complex_gen:0:neorv32_cpu_inst|neorv32_cpu_frontend:neorv32_cpu_frontend_inst|neorv32_cpu_frontend_ipb:\prefetch_buffer:0:ipb_inst|ipb~58                                ; LCCOMB_X17_Y13_N10 ; 17      ; Clock enable               ; no     ; --                   ; --               ; --                        ;
; neorv32_top:neorv32_top_inst|neorv32_cpu:\core_complex_gen:0:neorv32_cpu_inst|neorv32_cpu_frontend:neorv32_cpu_frontend_inst|neorv32_cpu_frontend_ipb:\prefetch_buffer:0:ipb_inst|ipb~59                                ; LCCOMB_X17_Y13_N2  ; 17      ; Clock enable               ; no     ; --                   ; --               ; --                        ;
; neorv32_top:neorv32_top_inst|neorv32_cpu:\core_complex_gen:0:neorv32_cpu_inst|neorv32_cpu_frontend:neorv32_cpu_frontend_inst|neorv32_cpu_frontend_ipb:\prefetch_buffer:0:ipb_inst|r_pnt[0]~1                            ; LCCOMB_X17_Y13_N28 ; 2       ; Clock enable               ; no     ; --                   ; --               ; --                        ;
; neorv32_top:neorv32_top_inst|neorv32_cpu:\core_complex_gen:0:neorv32_cpu_inst|neorv32_cpu_frontend:neorv32_cpu_frontend_inst|neorv32_cpu_frontend_ipb:\prefetch_buffer:0:ipb_inst|w_pnt[0]~4                            ; LCCOMB_X17_Y13_N0  ; 2       ; Clock enable               ; no     ; --                   ; --               ; --                        ;
; neorv32_top:neorv32_top_inst|neorv32_cpu:\core_complex_gen:0:neorv32_cpu_inst|neorv32_cpu_frontend:neorv32_cpu_frontend_inst|neorv32_cpu_frontend_ipb:\prefetch_buffer:1:ipb_inst|ipb~58                                ; LCCOMB_X18_Y13_N16 ; 17      ; Clock enable               ; no     ; --                   ; --               ; --                        ;
; neorv32_top:neorv32_top_inst|neorv32_cpu:\core_complex_gen:0:neorv32_cpu_inst|neorv32_cpu_frontend:neorv32_cpu_frontend_inst|neorv32_cpu_frontend_ipb:\prefetch_buffer:1:ipb_inst|ipb~59                                ; LCCOMB_X18_Y13_N10 ; 17      ; Clock enable               ; no     ; --                   ; --               ; --                        ;
; neorv32_top:neorv32_top_inst|neorv32_cpu:\core_complex_gen:0:neorv32_cpu_inst|neorv32_cpu_frontend:neorv32_cpu_frontend_inst|neorv32_cpu_frontend_ipb:\prefetch_buffer:1:ipb_inst|r_pnt[1]~1                            ; LCCOMB_X19_Y13_N18 ; 2       ; Clock enable               ; no     ; --                   ; --               ; --                        ;
; neorv32_top:neorv32_top_inst|neorv32_cpu:\core_complex_gen:0:neorv32_cpu_inst|neorv32_cpu_frontend:neorv32_cpu_frontend_inst|neorv32_cpu_frontend_ipb:\prefetch_buffer:1:ipb_inst|w_pnt[1]~1                            ; LCCOMB_X19_Y13_N4  ; 2       ; Clock enable               ; no     ; --                   ; --               ; --                        ;
; neorv32_top:neorv32_top_inst|neorv32_cpu:\core_complex_gen:0:neorv32_cpu_inst|neorv32_cpu_regfile:neorv32_cpu_regfile_inst|rf_we~1                                                                                      ; LCCOMB_X22_Y14_N14 ; 2       ; Write enable               ; no     ; --                   ; --               ; --                        ;
; neorv32_top:neorv32_top_inst|neorv32_dmem:\memory_system:neorv32_dmem_enabled:neorv32_dmem_inst|ben[0]~0                                                                                                                ; LCCOMB_X21_Y6_N6   ; 2       ; Clock enable               ; no     ; --                   ; --               ; --                        ;
; neorv32_top:neorv32_top_inst|neorv32_dmem:\memory_system:neorv32_dmem_enabled:neorv32_dmem_inst|ben[1]~3                                                                                                                ; LCCOMB_X21_Y6_N30  ; 2       ; Clock enable               ; no     ; --                   ; --               ; --                        ;
; neorv32_top:neorv32_top_inst|neorv32_dmem:\memory_system:neorv32_dmem_enabled:neorv32_dmem_inst|ben[2]~2                                                                                                                ; LCCOMB_X17_Y6_N14  ; 2       ; Clock enable               ; no     ; --                   ; --               ; --                        ;
; neorv32_top:neorv32_top_inst|neorv32_dmem:\memory_system:neorv32_dmem_enabled:neorv32_dmem_inst|ben[3]~1                                                                                                                ; LCCOMB_X17_Y6_N28  ; 2       ; Clock enable               ; no     ; --                   ; --               ; --                        ;
; neorv32_top:neorv32_top_inst|neorv32_dmem:\memory_system:neorv32_dmem_enabled:neorv32_dmem_inst|neorv32_dmem_ram:dmem_ram_inst|neorv32_prim_spram:\ram_gen:0:ram_inst|spram~20                                          ; LCCOMB_X21_Y6_N0   ; 2       ; Clock enable, Write enable ; no     ; --                   ; --               ; --                        ;
; neorv32_top:neorv32_top_inst|neorv32_dmem:\memory_system:neorv32_dmem_enabled:neorv32_dmem_inst|neorv32_dmem_ram:dmem_ram_inst|neorv32_prim_spram:\ram_gen:1:ram_inst|spram~20                                          ; LCCOMB_X21_Y6_N16  ; 2       ; Clock enable, Write enable ; no     ; --                   ; --               ; --                        ;
; neorv32_top:neorv32_top_inst|neorv32_dmem:\memory_system:neorv32_dmem_enabled:neorv32_dmem_inst|neorv32_dmem_ram:dmem_ram_inst|neorv32_prim_spram:\ram_gen:2:ram_inst|spram~20                                          ; LCCOMB_X17_Y6_N30  ; 2       ; Clock enable, Write enable ; no     ; --                   ; --               ; --                        ;
; neorv32_top:neorv32_top_inst|neorv32_dmem:\memory_system:neorv32_dmem_enabled:neorv32_dmem_inst|neorv32_dmem_ram:dmem_ram_inst|neorv32_prim_spram:\ram_gen:3:ram_inst|spram~20                                          ; LCCOMB_X17_Y6_N0   ; 2       ; Clock enable, Write enable ; no     ; --                   ; --               ; --                        ;
; neorv32_top:neorv32_top_inst|neorv32_gpio:\io_system:neorv32_gpio_enabled:neorv32_gpio_inst|irq_en[0]~0                                                                                                                 ; LCCOMB_X10_Y8_N4   ; 4       ; Clock enable               ; no     ; --                   ; --               ; --                        ;
; neorv32_top:neorv32_top_inst|neorv32_gpio:\io_system:neorv32_gpio_enabled:neorv32_gpio_inst|irq_pol[0]~0                                                                                                                ; LCCOMB_X11_Y8_N0   ; 4       ; Clock enable               ; no     ; --                   ; --               ; --                        ;
; neorv32_top:neorv32_top_inst|neorv32_gpio:\io_system:neorv32_gpio_enabled:neorv32_gpio_inst|irq_typ[0]~1                                                                                                                ; LCCOMB_X11_Y8_N26  ; 4       ; Clock enable               ; no     ; --                   ; --               ; --                        ;
; neorv32_top:neorv32_top_inst|neorv32_gpio:\io_system:neorv32_gpio_enabled:neorv32_gpio_inst|port_out[0]~0                                                                                                               ; LCCOMB_X10_Y7_N6   ; 4       ; Clock enable               ; no     ; --                   ; --               ; --                        ;
; neorv32_top:neorv32_top_inst|neorv32_imem:\memory_system:neorv32_imem_enabled:neorv32_imem_inst|ben[0]~0                                                                                                                ; LCCOMB_X21_Y6_N8   ; 2       ; Clock enable               ; no     ; --                   ; --               ; --                        ;
; neorv32_top:neorv32_top_inst|neorv32_imem:\memory_system:neorv32_imem_enabled:neorv32_imem_inst|ben[1]~3                                                                                                                ; LCCOMB_X21_Y6_N26  ; 2       ; Clock enable               ; no     ; --                   ; --               ; --                        ;
; neorv32_top:neorv32_top_inst|neorv32_imem:\memory_system:neorv32_imem_enabled:neorv32_imem_inst|ben[2]~2                                                                                                                ; LCCOMB_X17_Y6_N26  ; 2       ; Clock enable               ; no     ; --                   ; --               ; --                        ;
; neorv32_top:neorv32_top_inst|neorv32_imem:\memory_system:neorv32_imem_enabled:neorv32_imem_inst|ben[3]~1                                                                                                                ; LCCOMB_X17_Y6_N16  ; 2       ; Clock enable               ; no     ; --                   ; --               ; --                        ;
; neorv32_top:neorv32_top_inst|neorv32_imem:\memory_system:neorv32_imem_enabled:neorv32_imem_inst|neorv32_imem_ram:\imem_ram:imem_ram_inst|neorv32_prim_spram:\ram_gen:0:ram_inst|spram~20                                ; LCCOMB_X21_Y6_N20  ; 2       ; Clock enable, Write enable ; no     ; --                   ; --               ; --                        ;
; neorv32_top:neorv32_top_inst|neorv32_imem:\memory_system:neorv32_imem_enabled:neorv32_imem_inst|neorv32_imem_ram:\imem_ram:imem_ram_inst|neorv32_prim_spram:\ram_gen:1:ram_inst|spram~20                                ; LCCOMB_X21_Y6_N28  ; 2       ; Clock enable, Write enable ; no     ; --                   ; --               ; --                        ;
; neorv32_top:neorv32_top_inst|neorv32_imem:\memory_system:neorv32_imem_enabled:neorv32_imem_inst|neorv32_imem_ram:\imem_ram:imem_ram_inst|neorv32_prim_spram:\ram_gen:2:ram_inst|spram~20                                ; LCCOMB_X17_Y6_N10  ; 2       ; Clock enable, Write enable ; no     ; --                   ; --               ; --                        ;
; neorv32_top:neorv32_top_inst|neorv32_imem:\memory_system:neorv32_imem_enabled:neorv32_imem_inst|neorv32_imem_ram:\imem_ram:imem_ram_inst|neorv32_prim_spram:\ram_gen:3:ram_inst|spram~20                                ; LCCOMB_X21_Y6_N18  ; 2       ; Clock enable, Write enable ; no     ; --                   ; --               ; --                        ;
; neorv32_top:neorv32_top_inst|neorv32_spi:\io_system:neorv32_spi_enabled:neorv32_spi_inst|cdiv_cnt[3]~2                                                                                                                  ; LCCOMB_X6_Y8_N20   ; 4       ; Clock enable               ; no     ; --                   ; --               ; --                        ;
; neorv32_top:neorv32_top_inst|neorv32_spi:\io_system:neorv32_spi_enabled:neorv32_spi_inst|ctrl.cpol~0                                                                                                                    ; LCCOMB_X9_Y6_N0    ; 10      ; Clock enable               ; no     ; --                   ; --               ; --                        ;
; neorv32_top:neorv32_top_inst|neorv32_spi:\io_system:neorv32_spi_enabled:neorv32_spi_inst|neorv32_prim_fifo:rx_fifo_inst|we                                                                                              ; LCCOMB_X8_Y8_N4    ; 8       ; Clock enable               ; no     ; --                   ; --               ; --                        ;
; neorv32_top:neorv32_top_inst|neorv32_spi:\io_system:neorv32_spi_enabled:neorv32_spi_inst|neorv32_prim_fifo:tx_fifo_inst|we~5                                                                                            ; LCCOMB_X10_Y9_N22  ; 10      ; Clock enable               ; no     ; --                   ; --               ; --                        ;
; neorv32_top:neorv32_top_inst|neorv32_spi:\io_system:neorv32_spi_enabled:neorv32_spi_inst|rtx_engine.bitcnt[0]~12                                                                                                        ; LCCOMB_X10_Y9_N14  ; 4       ; Clock enable               ; no     ; --                   ; --               ; --                        ;
; neorv32_top:neorv32_top_inst|neorv32_spi:\io_system:neorv32_spi_enabled:neorv32_spi_inst|rtx_engine.cs_ctrl[0]~0                                                                                                        ; LCCOMB_X9_Y9_N2    ; 4       ; Clock enable               ; no     ; --                   ; --               ; --                        ;
; neorv32_top:neorv32_top_inst|neorv32_spi:\io_system:neorv32_spi_enabled:neorv32_spi_inst|rtx_engine.sreg[4]~1                                                                                                           ; LCCOMB_X9_Y9_N0    ; 8       ; Clock enable               ; no     ; --                   ; --               ; --                        ;
; neorv32_top:neorv32_top_inst|neorv32_spi:\io_system:neorv32_spi_enabled:neorv32_spi_inst|rtx_engine.state[1]                                                                                                            ; FF_X10_Y9_N27      ; 22      ; Sync. clear                ; no     ; --                   ; --               ; --                        ;
; neorv32_top:neorv32_top_inst|neorv32_sys_reset:\soc_generators:neorv32_sys_reset_inst|rstn_sys_o                                                                                                                        ; FF_X33_Y10_N3      ; 1687    ; Async. clear               ; yes    ; Global Clock         ; GCLK8            ; --                        ;
; neorv32_top:neorv32_top_inst|neorv32_sysinfo:\io_system:neorv32_sysinfo_inst|sysinfo_clk~0                                                                                                                              ; LCCOMB_X9_Y7_N20   ; 32      ; Clock enable               ; no     ; --                   ; --               ; --                        ;
; neorv32_top:neorv32_top_inst|neorv32_uart:\io_system:neorv32_uart0_enabled:neorv32_uart0_inst|Mux0~4                                                                                                                    ; LCCOMB_X7_Y8_N12   ; 13      ; Clock enable               ; no     ; --                   ; --               ; --                        ;
; neorv32_top:neorv32_top_inst|neorv32_uart:\io_system:neorv32_uart0_enabled:neorv32_uart0_inst|ctrl.enable                                                                                                               ; FF_X7_Y8_N31       ; 20      ; Sync. clear                ; no     ; --                   ; --               ; --                        ;
; neorv32_top:neorv32_top_inst|neorv32_uart:\io_system:neorv32_uart0_enabled:neorv32_uart0_inst|ctrl.prsc[2]~0                                                                                                            ; LCCOMB_X8_Y5_N18   ; 19      ; Clock enable               ; no     ; --                   ; --               ; --                        ;
; neorv32_top:neorv32_top_inst|neorv32_uart:\io_system:neorv32_uart0_enabled:neorv32_uart0_inst|neorv32_prim_fifo:rx_engine_fifo_inst|fifo~60                                                                             ; LCCOMB_X3_Y7_N0    ; 8       ; Clock enable               ; no     ; --                   ; --               ; --                        ;
; neorv32_top:neorv32_top_inst|neorv32_uart:\io_system:neorv32_uart0_enabled:neorv32_uart0_inst|neorv32_prim_fifo:rx_engine_fifo_inst|fifo~61                                                                             ; LCCOMB_X4_Y7_N16   ; 8       ; Clock enable               ; no     ; --                   ; --               ; --                        ;
; neorv32_top:neorv32_top_inst|neorv32_uart:\io_system:neorv32_uart0_enabled:neorv32_uart0_inst|neorv32_prim_fifo:rx_engine_fifo_inst|fifo~62                                                                             ; LCCOMB_X4_Y7_N6    ; 8       ; Clock enable               ; no     ; --                   ; --               ; --                        ;
; neorv32_top:neorv32_top_inst|neorv32_uart:\io_system:neorv32_uart0_enabled:neorv32_uart0_inst|neorv32_prim_fifo:rx_engine_fifo_inst|fifo~63                                                                             ; LCCOMB_X4_Y7_N4    ; 8       ; Clock enable               ; no     ; --                   ; --               ; --                        ;
; neorv32_top:neorv32_top_inst|neorv32_uart:\io_system:neorv32_uart0_enabled:neorv32_uart0_inst|neorv32_prim_fifo:rx_engine_fifo_inst|r_pnt[1]~0                                                                          ; LCCOMB_X6_Y7_N18   ; 3       ; Clock enable               ; no     ; --                   ; --               ; --                        ;
; neorv32_top:neorv32_top_inst|neorv32_uart:\io_system:neorv32_uart0_enabled:neorv32_uart0_inst|neorv32_prim_fifo:rx_engine_fifo_inst|w_pnt[1]~1                                                                          ; LCCOMB_X4_Y7_N22   ; 1       ; Clock enable               ; no     ; --                   ; --               ; --                        ;
; neorv32_top:neorv32_top_inst|neorv32_uart:\io_system:neorv32_uart0_enabled:neorv32_uart0_inst|neorv32_prim_fifo:tx_engine_fifo_inst|fifo~47                                                                             ; LCCOMB_X2_Y8_N22   ; 8       ; Clock enable               ; no     ; --                   ; --               ; --                        ;
; neorv32_top:neorv32_top_inst|neorv32_uart:\io_system:neorv32_uart0_enabled:neorv32_uart0_inst|neorv32_prim_fifo:tx_engine_fifo_inst|fifo~48                                                                             ; LCCOMB_X2_Y8_N14   ; 8       ; Clock enable               ; no     ; --                   ; --               ; --                        ;
; neorv32_top:neorv32_top_inst|neorv32_uart:\io_system:neorv32_uart0_enabled:neorv32_uart0_inst|neorv32_prim_fifo:tx_engine_fifo_inst|fifo~49                                                                             ; LCCOMB_X2_Y8_N16   ; 8       ; Clock enable               ; no     ; --                   ; --               ; --                        ;
; neorv32_top:neorv32_top_inst|neorv32_uart:\io_system:neorv32_uart0_enabled:neorv32_uart0_inst|neorv32_prim_fifo:tx_engine_fifo_inst|fifo~50                                                                             ; LCCOMB_X2_Y8_N0    ; 8       ; Clock enable               ; no     ; --                   ; --               ; --                        ;
; neorv32_top:neorv32_top_inst|neorv32_uart:\io_system:neorv32_uart0_enabled:neorv32_uart0_inst|neorv32_prim_fifo:tx_engine_fifo_inst|r_pnt[1]~0                                                                          ; LCCOMB_X2_Y8_N20   ; 2       ; Clock enable               ; no     ; --                   ; --               ; --                        ;
; neorv32_top:neorv32_top_inst|neorv32_uart:\io_system:neorv32_uart0_enabled:neorv32_uart0_inst|neorv32_prim_fifo:tx_engine_fifo_inst|w_pnt[0]~0                                                                          ; LCCOMB_X9_Y7_N0    ; 3       ; Clock enable               ; no     ; --                   ; --               ; --                        ;
; neorv32_top:neorv32_top_inst|neorv32_uart:\io_system:neorv32_uart0_enabled:neorv32_uart0_inst|rx_engine.baudcnt[5]~0                                                                                                    ; LCCOMB_X3_Y8_N16   ; 9       ; Clock enable               ; no     ; --                   ; --               ; --                        ;
; neorv32_top:neorv32_top_inst|neorv32_uart:\io_system:neorv32_uart0_enabled:neorv32_uart0_inst|rx_engine.bitcnt[3]~0                                                                                                     ; LCCOMB_X3_Y6_N20   ; 4       ; Clock enable               ; no     ; --                   ; --               ; --                        ;
; neorv32_top:neorv32_top_inst|neorv32_uart:\io_system:neorv32_uart0_enabled:neorv32_uart0_inst|rx_engine.sreg[8]~0                                                                                                       ; LCCOMB_X3_Y7_N22   ; 9       ; Clock enable               ; no     ; --                   ; --               ; --                        ;
; neorv32_top:neorv32_top_inst|neorv32_uart:\io_system:neorv32_uart0_enabled:neorv32_uart0_inst|rx_engine.state[0]                                                                                                        ; FF_X3_Y6_N11       ; 20      ; Sync. clear, Sync. load    ; no     ; --                   ; --               ; --                        ;
; neorv32_top:neorv32_top_inst|neorv32_uart:\io_system:neorv32_uart0_enabled:neorv32_uart0_inst|tx_engine.baudcnt[0]~12                                                                                                   ; LCCOMB_X4_Y9_N12   ; 10      ; Sync. load                 ; no     ; --                   ; --               ; --                        ;
; neorv32_top:neorv32_top_inst|neorv32_uart:\io_system:neorv32_uart0_enabled:neorv32_uart0_inst|tx_engine.baudcnt[0]~13                                                                                                   ; LCCOMB_X4_Y9_N6    ; 10      ; Clock enable               ; no     ; --                   ; --               ; --                        ;
; neorv32_top:neorv32_top_inst|neorv32_uart:\io_system:neorv32_uart0_enabled:neorv32_uart0_inst|tx_engine.bitcnt[3]~0                                                                                                     ; LCCOMB_X4_Y9_N0    ; 12      ; Clock enable               ; no     ; --                   ; --               ; --                        ;
; neorv32_top:neorv32_top_inst|neorv32_uart:\io_system:neorv32_uart0_enabled:neorv32_uart0_inst|tx_engine.state[0]                                                                                                        ; FF_X6_Y9_N27       ; 21      ; Sync. clear, Sync. load    ; no     ; --                   ; --               ; --                        ;
; neorv32_top:neorv32_top_inst|neorv32_uart:\io_system:neorv32_uart0_enabled:neorv32_uart0_inst|tx_engine.state[1]                                                                                                        ; FF_X3_Y7_N5        ; 12      ; Clock enable               ; no     ; --                   ; --               ; --                        ;
; neorv32_top:neorv32_top_inst|neorv32_xbus:\memory_system:neorv32_xbus_enabled:neorv32_xbus_inst|pending                                                                                                                 ; FF_X14_Y9_N11      ; 36      ; Clock enable               ; no     ; --                   ; --               ; --                        ;
; rstn_int                                                                                                                                                                                                                ; LCCOMB_X26_Y7_N24  ; 1097    ; Async. clear, Async. load  ; yes    ; Global Clock         ; GCLK7            ; --                        ;
; rstn_int                                                                                                                                                                                                                ; LCCOMB_X26_Y7_N24  ; 6       ; Clock enable               ; no     ; --                   ; --               ; --                        ;
; wb_sdram_ctrl:wb_sdram_inst|sdram_ctrl:u_sdram|LessThan0~2                                                                                                                                                              ; LCCOMB_X12_Y2_N0   ; 10      ; Sync. clear                ; no     ; --                   ; --               ; --                        ;
; wb_sdram_ctrl:wb_sdram_inst|sdram_ctrl:u_sdram|WideOr1~1                                                                                                                                                                ; LCCOMB_X13_Y4_N6   ; 5       ; Clock enable               ; no     ; --                   ; --               ; --                        ;
; wb_sdram_ctrl:wb_sdram_inst|sdram_ctrl:u_sdram|WideOr27~0                                                                                                                                                               ; LCCOMB_X13_Y4_N14  ; 14      ; Clock enable               ; no     ; --                   ; --               ; --                        ;
; wb_sdram_ctrl:wb_sdram_inst|sdram_ctrl:u_sdram|cnt[11]~8                                                                                                                                                                ; LCCOMB_X17_Y2_N16  ; 13      ; Clock enable               ; no     ; --                   ; --               ; --                        ;
; wb_sdram_ctrl:wb_sdram_inst|sdram_ctrl:u_sdram|dq_oe                                                                                                                                                                    ; FF_X16_Y2_N29      ; 17      ; Output enable              ; no     ; --                   ; --               ; --                        ;
; wb_sdram_ctrl:wb_sdram_inst|sdram_ctrl:u_sdram|initialized                                                                                                                                                              ; FF_X12_Y2_N5       ; 12      ; Clock enable               ; no     ; --                   ; --               ; --                        ;
; wb_sdram_ctrl:wb_sdram_inst|sdram_ctrl:u_sdram|is_write~0                                                                                                                                                               ; LCCOMB_X13_Y2_N4   ; 60      ; Clock enable               ; no     ; --                   ; --               ; --                        ;
; wb_sdram_ctrl:wb_sdram_inst|sdram_ctrl:u_sdram|state.S_RD_CAP0                                                                                                                                                          ; FF_X16_Y2_N3       ; 18      ; Clock enable               ; no     ; --                   ; --               ; --                        ;
; wb_sdram_ctrl:wb_sdram_inst|sdram_ctrl:u_sdram|state.S_RD_CAP1                                                                                                                                                          ; FF_X16_Y2_N11      ; 34      ; Clock enable               ; no     ; --                   ; --               ; --                        ;
; wb_sdram_ctrl:wb_sdram_inst|sdram_ctrl:u_sdram|state.S_REF_AR                                                                                                                                                           ; FF_X14_Y2_N5       ; 3       ; Sync. clear                ; no     ; --                   ; --               ; --                        ;
; wb_sdram_ctrl:wb_sdram_inst|sdram_ctrl:u_sdram|state.S_WR_CMD1                                                                                                                                                          ; FF_X16_Y2_N23      ; 40      ; Sync. load                 ; no     ; --                   ; --               ; --                        ;
; wb_sdram_ctrl:wb_sdram_inst|xbus_ack~0                                                                                                                                                                                  ; LCCOMB_X13_Y2_N22  ; 33      ; Clock enable               ; no     ; --                   ; --               ; --                        ;
; wb_tpu_accel:wb_tpu_inst|always0~0                                                                                                                                                                                      ; LCCOMB_X26_Y6_N6   ; 33      ; Clock enable               ; no     ; --                   ; --               ; --                        ;
; wb_tpu_accel:wb_tpu_inst|tpu_accel:u_tpu|acc[0][15]~138                                                                                                                                                                 ; LCCOMB_X26_Y9_N12  ; 32      ; Clock enable               ; no     ; --                   ; --               ; --                        ;
; wb_tpu_accel:wb_tpu_inst|tpu_accel:u_tpu|acc[1][18]~132                                                                                                                                                                 ; LCCOMB_X26_Y9_N18  ; 32      ; Clock enable               ; no     ; --                   ; --               ; --                        ;
; wb_tpu_accel:wb_tpu_inst|tpu_accel:u_tpu|acc[2][2]~135                                                                                                                                                                  ; LCCOMB_X26_Y9_N6   ; 32      ; Clock enable               ; no     ; --                   ; --               ; --                        ;
; wb_tpu_accel:wb_tpu_inst|tpu_accel:u_tpu|acc[3][23]~141                                                                                                                                                                 ; LCCOMB_X26_Y9_N30  ; 32      ; Clock enable               ; no     ; --                   ; --               ; --                        ;
; wb_tpu_accel:wb_tpu_inst|tpu_accel:u_tpu|acc~131                                                                                                                                                                        ; LCCOMB_X26_Y6_N18  ; 128     ; Sync. clear                ; no     ; --                   ; --               ; --                        ;
; wb_tpu_accel:wb_tpu_inst|tpu_accel:u_tpu|bulk_phase~7                                                                                                                                                                   ; LCCOMB_X23_Y6_N0   ; 28      ; Clock enable               ; no     ; --                   ; --               ; --                        ;
; wb_tpu_accel:wb_tpu_inst|tpu_accel:u_tpu|compute_cnt[1]~5                                                                                                                                                               ; LCCOMB_X26_Y9_N28  ; 4       ; Clock enable               ; no     ; --                   ; --               ; --                        ;
; wb_tpu_accel:wb_tpu_inst|tpu_accel:u_tpu|sa_w_col_sel[1]~3                                                                                                                                                              ; LCCOMB_X23_Y6_N20  ; 2       ; Clock enable               ; no     ; --                   ; --               ; --                        ;
; wb_tpu_accel:wb_tpu_inst|tpu_accel:u_tpu|sa_w_row_sel[1]~1                                                                                                                                                              ; LCCOMB_X23_Y6_N18  ; 10      ; Clock enable               ; no     ; --                   ; --               ; --                        ;
; wb_tpu_accel:wb_tpu_inst|tpu_accel:u_tpu|systolic_array_4x4:sa_inst|comb~25                                                                                                                                             ; LCCOMB_X25_Y8_N8   ; 2       ; Clock enable               ; no     ; --                   ; --               ; --                        ;
; wb_tpu_accel:wb_tpu_inst|tpu_accel:u_tpu|systolic_array_4x4:sa_inst|comb~28                                                                                                                                             ; LCCOMB_X25_Y8_N22  ; 2       ; Clock enable               ; no     ; --                   ; --               ; --                        ;
; wb_tpu_accel:wb_tpu_inst|tpu_accel:u_tpu|systolic_array_4x4:sa_inst|comb~30                                                                                                                                             ; LCCOMB_X25_Y8_N30  ; 2       ; Clock enable               ; no     ; --                   ; --               ; --                        ;
; wb_tpu_accel:wb_tpu_inst|tpu_accel:u_tpu|systolic_array_4x4:sa_inst|comb~32                                                                                                                                             ; LCCOMB_X25_Y8_N28  ; 2       ; Clock enable               ; no     ; --                   ; --               ; --                        ;
; wb_tpu_accel:wb_tpu_inst|tpu_accel:u_tpu|systolic_array_4x4:sa_inst|comb~33                                                                                                                                             ; LCCOMB_X25_Y8_N18  ; 2       ; Clock enable               ; no     ; --                   ; --               ; --                        ;
; wb_tpu_accel:wb_tpu_inst|tpu_accel:u_tpu|systolic_array_4x4:sa_inst|comb~35                                                                                                                                             ; LCCOMB_X25_Y8_N0   ; 2       ; Clock enable               ; no     ; --                   ; --               ; --                        ;
; wb_tpu_accel:wb_tpu_inst|tpu_accel:u_tpu|systolic_array_4x4:sa_inst|comb~36                                                                                                                                             ; LCCOMB_X25_Y8_N20  ; 2       ; Clock enable               ; no     ; --                   ; --               ; --                        ;
; wb_tpu_accel:wb_tpu_inst|tpu_accel:u_tpu|systolic_array_4x4:sa_inst|comb~37                                                                                                                                             ; LCCOMB_X25_Y8_N6   ; 2       ; Clock enable               ; no     ; --                   ; --               ; --                        ;
; wb_tpu_accel:wb_tpu_inst|tpu_accel:u_tpu|systolic_array_4x4:sa_inst|comb~38                                                                                                                                             ; LCCOMB_X25_Y8_N16  ; 1       ; Clock enable               ; no     ; --                   ; --               ; --                        ;
; wb_tpu_accel:wb_tpu_inst|tpu_accel:u_tpu|systolic_array_4x4:sa_inst|comb~39                                                                                                                                             ; LCCOMB_X25_Y8_N24  ; 1       ; Clock enable               ; no     ; --                   ; --               ; --                        ;
; wb_tpu_accel:wb_tpu_inst|tpu_accel:u_tpu|systolic_array_4x4:sa_inst|comb~40                                                                                                                                             ; LCCOMB_X25_Y8_N2   ; 8       ; Clock enable               ; no     ; --                   ; --               ; --                        ;
; wb_tpu_accel:wb_tpu_inst|tpu_accel:u_tpu|systolic_array_4x4:sa_inst|comb~41                                                                                                                                             ; LCCOMB_X26_Y8_N8   ; 1       ; Clock enable               ; no     ; --                   ; --               ; --                        ;
; wb_tpu_accel:wb_tpu_inst|tpu_accel:u_tpu|systolic_array_4x4:sa_inst|comb~42                                                                                                                                             ; LCCOMB_X25_Y8_N12  ; 1       ; Clock enable               ; no     ; --                   ; --               ; --                        ;
; wb_tpu_accel:wb_tpu_inst|tpu_accel:u_tpu|systolic_array_4x4:sa_inst|comb~43                                                                                                                                             ; LCCOMB_X28_Y8_N10  ; 1       ; Clock enable               ; no     ; --                   ; --               ; --                        ;
; wb_tpu_accel:wb_tpu_inst|tpu_accel:u_tpu|systolic_array_4x4:sa_inst|comb~44                                                                                                                                             ; LCCOMB_X28_Y8_N24  ; 1       ; Clock enable               ; no     ; --                   ; --               ; --                        ;
; wb_tpu_accel:wb_tpu_inst|tpu_accel:u_tpu|systolic_array_4x4:sa_inst|comb~45                                                                                                                                             ; LCCOMB_X28_Y8_N26  ; 1       ; Clock enable               ; no     ; --                   ; --               ; --                        ;
; wb_tpu_accel:wb_tpu_inst|tpu_accel:u_tpu|systolic_array_4x4:sa_inst|pe:pe_0_0|psum_out[31]~2                                                                                                                            ; LCCOMB_X26_Y8_N0   ; 40      ; Clock enable               ; no     ; --                   ; --               ; --                        ;
; wb_tpu_accel:wb_tpu_inst|tpu_accel:u_tpu|systolic_array_4x4:sa_inst|pe:pe_0_1|psum_out[31]~98                                                                                                                           ; LCCOMB_X26_Y8_N12  ; 40      ; Clock enable               ; no     ; --                   ; --               ; --                        ;
; wb_tpu_accel:wb_tpu_inst|tpu_accel:u_tpu|systolic_array_4x4:sa_inst|pe:pe_0_2|psum_out[31]~98                                                                                                                           ; LCCOMB_X26_Y8_N26  ; 40      ; Clock enable               ; no     ; --                   ; --               ; --                        ;
; wb_tpu_accel:wb_tpu_inst|tpu_accel:u_tpu|systolic_array_4x4:sa_inst|pe:pe_0_3|psum_out[31]~98                                                                                                                           ; LCCOMB_X26_Y8_N30  ; 40      ; Clock enable               ; no     ; --                   ; --               ; --                        ;
; wb_tpu_accel:wb_tpu_inst|tpu_accel:u_tpu|systolic_array_4x4:sa_inst|pe:pe_1_0|psum_out[31]~0                                                                                                                            ; LCCOMB_X21_Y8_N28  ; 40      ; Clock enable               ; no     ; --                   ; --               ; --                        ;
; wb_tpu_accel:wb_tpu_inst|tpu_accel:u_tpu|systolic_array_4x4:sa_inst|pe:pe_1_1|psum_out[31]~34                                                                                                                           ; LCCOMB_X24_Y8_N0   ; 40      ; Clock enable               ; no     ; --                   ; --               ; --                        ;
; wb_tpu_accel:wb_tpu_inst|tpu_accel:u_tpu|systolic_array_4x4:sa_inst|pe:pe_1_2|psum_out[31]~34                                                                                                                           ; LCCOMB_X21_Y6_N2   ; 40      ; Clock enable               ; no     ; --                   ; --               ; --                        ;
; wb_tpu_accel:wb_tpu_inst|tpu_accel:u_tpu|systolic_array_4x4:sa_inst|pe:pe_1_3|psum_out[31]~34                                                                                                                           ; LCCOMB_X25_Y8_N10  ; 40      ; Clock enable               ; no     ; --                   ; --               ; --                        ;
; wb_tpu_accel:wb_tpu_inst|tpu_accel:u_tpu|systolic_array_4x4:sa_inst|pe:pe_2_0|psum_out[31]~2                                                                                                                            ; LCCOMB_X26_Y8_N14  ; 40      ; Clock enable               ; no     ; --                   ; --               ; --                        ;
; wb_tpu_accel:wb_tpu_inst|tpu_accel:u_tpu|systolic_array_4x4:sa_inst|pe:pe_2_1|psum_out[31]~98                                                                                                                           ; LCCOMB_X26_Y8_N24  ; 40      ; Clock enable               ; no     ; --                   ; --               ; --                        ;
; wb_tpu_accel:wb_tpu_inst|tpu_accel:u_tpu|systolic_array_4x4:sa_inst|pe:pe_2_2|psum_out[31]~98                                                                                                                           ; LCCOMB_X28_Y8_N18  ; 40      ; Clock enable               ; no     ; --                   ; --               ; --                        ;
; wb_tpu_accel:wb_tpu_inst|tpu_accel:u_tpu|systolic_array_4x4:sa_inst|pe:pe_2_3|psum_out[31]~98                                                                                                                           ; LCCOMB_X28_Y8_N8   ; 40      ; Clock enable               ; no     ; --                   ; --               ; --                        ;
; wb_tpu_accel:wb_tpu_inst|tpu_accel:u_tpu|systolic_array_4x4:sa_inst|pe:pe_3_0|psum_out[31]~0                                                                                                                            ; LCCOMB_X21_Y8_N22  ; 32      ; Clock enable               ; no     ; --                   ; --               ; --                        ;
; wb_tpu_accel:wb_tpu_inst|tpu_accel:u_tpu|systolic_array_4x4:sa_inst|pe:pe_3_1|psum_out[31]~34                                                                                                                           ; LCCOMB_X25_Y8_N26  ; 32      ; Clock enable               ; no     ; --                   ; --               ; --                        ;
; wb_tpu_accel:wb_tpu_inst|tpu_accel:u_tpu|systolic_array_4x4:sa_inst|pe:pe_3_2|psum_out[31]~34                                                                                                                           ; LCCOMB_X24_Y5_N4   ; 32      ; Clock enable               ; no     ; --                   ; --               ; --                        ;
; wb_tpu_accel:wb_tpu_inst|tpu_accel:u_tpu|systolic_array_4x4:sa_inst|pe:pe_3_3|psum_out[31]~34                                                                                                                           ; LCCOMB_X24_Y5_N30  ; 32      ; Clock enable               ; no     ; --                   ; --               ; --                        ;
; wb_tpu_accel:wb_tpu_inst|tpu_accel:u_tpu|w_addr_row[1]~6                                                                                                                                                                ; LCCOMB_X22_Y6_N18  ; 2       ; Clock enable               ; no     ; --                   ; --               ; --                        ;
; wb_tpu_accel:wb_tpu_inst|tpu_accel:u_tpu|w_addr_row~4                                                                                                                                                                   ; LCCOMB_X22_Y6_N4   ; 5       ; Clock enable               ; no     ; --                   ; --               ; --                        ;
; wb_tpu_accel:wb_tpu_inst|tpu_accel:u_tpu|x_in_reg[31]~4                                                                                                                                                                 ; LCCOMB_X26_Y7_N26  ; 32      ; Clock enable               ; no     ; --                   ; --               ; --                        ;
+-------------------------------------------------------------------------------------------------------------------------------------------------------------------------------------------------------------------------+--------------------+---------+----------------------------+--------+----------------------+------------------+---------------------------+


+---------------------------------------------------------------------------------------------------------------------------------------------------------------------------------------------------------------------------------------------+
; Global & Other Fast Signals                                                                                                                                                                                                                 ;
+--------------------------------------------------------------------------------------------------+-------------------+---------+--------------------------------------+----------------------+------------------+---------------------------+
; Name                                                                                             ; Location          ; Fan-Out ; Fan-Out Using Intentional Clock Skew ; Global Resource Used ; Global Line Name ; Enable Signal Source Name ;
+--------------------------------------------------------------------------------------------------+-------------------+---------+--------------------------------------+----------------------+------------------+---------------------------+
; CLOCK                                                                                            ; PIN_E1            ; 3124    ; 20                                   ; Global Clock         ; GCLK2            ; --                        ;
; neorv32_top:neorv32_top_inst|neorv32_sys_reset:\soc_generators:neorv32_sys_reset_inst|rstn_sys_o ; FF_X33_Y10_N3     ; 1687    ; 0                                    ; Global Clock         ; GCLK8            ; --                        ;
; rstn_int                                                                                         ; LCCOMB_X26_Y7_N24 ; 1097    ; 0                                    ; Global Clock         ; GCLK7            ; --                        ;
+--------------------------------------------------------------------------------------------------+-------------------+---------+--------------------------------------+----------------------+------------------+---------------------------+


+---------------------------------------------------------------------------------------------------------------------------------------------------------------------------------------------------------------------------------------------------------------------------------------------------------------------------------------------------------------------------------------------------------------------------------------------------------------------------------------------------------------------------------------------------------------------------------------------------------------------------------------------------------------------------------------------------------------------------------------------------------------------------------------------------------------------------------------------------------------------------+
; Fitter RAM Summary                                                                                                                                                                                                                                                                                                                                                                                                                                                                                                                                                                                                                                                                                                                                                                                                                                                        ;
+----------------------------------------------------------------------------------------------------------------------------------------------------------------------------------------------------------------------------------------------------------------------+------+------------------+--------------+--------------+--------------+--------------+--------------+------------------------+-------------------------+------------------------+-------------------------+-------+-----------------------------+-----------------------------+-----------------------------+-----------------------------+---------------------+------+--------------------------------+--------------------------------------------------------------+----------------------+------------------------+------------------------+----------+------------------------+---------------+
; Name                                                                                                                                                                                                                                                                 ; Type ; Mode             ; Clock Mode   ; Port A Depth ; Port A Width ; Port B Depth ; Port B Width ; Port A Input Registers ; Port A Output Registers ; Port B Input Registers ; Port B Output Registers ; Size  ; Implementation Port A Depth ; Implementation Port A Width ; Implementation Port B Depth ; Implementation Port B Width ; Implementation Bits ; M9Ks ; MIF                            ; Location                                                     ; Mixed Width RDW Mode ; Port A RDW Mode        ; Port B RDW Mode        ; ECC Mode ; ECC Pipeline Registers ; Fits in MLABs ;
+----------------------------------------------------------------------------------------------------------------------------------------------------------------------------------------------------------------------------------------------------------------------+------+------------------+--------------+--------------+--------------+--------------+--------------+------------------------+-------------------------+------------------------+-------------------------+-------+-----------------------------+-----------------------------+-----------------------------+-----------------------------+---------------------+------+--------------------------------+--------------------------------------------------------------+----------------------+------------------------+------------------------+----------+------------------------+---------------+
; neorv32_top:neorv32_top_inst|neorv32_bootrom:\io_system:neorv32_bootrom_enabled:neorv32_boot_rom_inst|neorv32_bootrom_rom:bootrom_rom_inst|altsyncram:Mux26_rtl_0|altsyncram_ct01:auto_generated|ALTSYNCRAM                                                          ; AUTO ; ROM              ; Single Clock ; 1024         ; 32           ; --           ; --           ; yes                    ; no                      ; --                     ; --                      ; 32768 ; 1024                        ; 32                          ; --                          ; --                          ; 32768               ; 4    ; neorv32_tpu.ax301_top0.rtl.mif ; M9K_X15_Y10_N0, M9K_X15_Y8_N0, M9K_X15_Y9_N0, M9K_X15_Y11_N0 ; Don't care           ; New data with NBE Read ; New data with NBE Read ; Off      ; No                     ; No - Unknown  ;
; neorv32_top:neorv32_top_inst|neorv32_cache:\core_complex_gen:0:neorv32_icache_enabled:neorv32_icache_inst|neorv32_cache_ram:neorv32_cache_ram_inst|neorv32_prim_spram:\data_ram_gen:0:data_ram_inst|altsyncram:spram_rtl_0|altsyncram_pa81:auto_generated|ALTSYNCRAM ; AUTO ; Single Port      ; Single Clock ; 64           ; 8            ; --           ; --           ; yes                    ; no                      ; --                     ; --                      ; 512   ; 64                          ; 8                           ; --                          ; --                          ; 512                 ; 1    ; None                           ; M9K_X15_Y12_N0                                               ; Don't care           ; Old data               ; New data with NBE Read ; Off      ; No                     ; No - Unknown  ;
; neorv32_top:neorv32_top_inst|neorv32_cache:\core_complex_gen:0:neorv32_icache_enabled:neorv32_icache_inst|neorv32_cache_ram:neorv32_cache_ram_inst|neorv32_prim_spram:\data_ram_gen:1:data_ram_inst|altsyncram:spram_rtl_0|altsyncram_pa81:auto_generated|ALTSYNCRAM ; AUTO ; Single Port      ; Single Clock ; 64           ; 8            ; --           ; --           ; yes                    ; no                      ; --                     ; --                      ; 512   ; 64                          ; 8                           ; --                          ; --                          ; 512                 ; 1    ; None                           ; M9K_X15_Y12_N0                                               ; Don't care           ; Old data               ; New data with NBE Read ; Off      ; No                     ; No - Unknown  ;
; neorv32_top:neorv32_top_inst|neorv32_cache:\core_complex_gen:0:neorv32_icache_enabled:neorv32_icache_inst|neorv32_cache_ram:neorv32_cache_ram_inst|neorv32_prim_spram:\data_ram_gen:2:data_ram_inst|altsyncram:spram_rtl_0|altsyncram_pa81:auto_generated|ALTSYNCRAM ; AUTO ; Single Port      ; Single Clock ; 64           ; 8            ; --           ; --           ; yes                    ; no                      ; --                     ; --                      ; 512   ; 64                          ; 8                           ; --                          ; --                          ; 512                 ; 1    ; None                           ; M9K_X15_Y12_N0                                               ; Don't care           ; Old data               ; New data with NBE Read ; Off      ; No                     ; No - Unknown  ;
; neorv32_top:neorv32_top_inst|neorv32_cache:\core_complex_gen:0:neorv32_icache_enabled:neorv32_icache_inst|neorv32_cache_ram:neorv32_cache_ram_inst|neorv32_prim_spram:\data_ram_gen:3:data_ram_inst|altsyncram:spram_rtl_0|altsyncram_pa81:auto_generated|ALTSYNCRAM ; AUTO ; Single Port      ; Single Clock ; 64           ; 8            ; --           ; --           ; yes                    ; no                      ; --                     ; --                      ; 512   ; 64                          ; 8                           ; --                          ; --                          ; 512                 ; 1    ; None                           ; M9K_X15_Y12_N0                                               ; Don't care           ; Old data               ; New data with NBE Read ; Off      ; No                     ; No - Unknown  ;
; neorv32_top:neorv32_top_inst|neorv32_cpu:\core_complex_gen:0:neorv32_cpu_inst|neorv32_cpu_regfile:neorv32_cpu_regfile_inst|altsyncram:regfile_rtl_0|altsyncram_icu1:auto_generated|ALTSYNCRAM                                                                        ; AUTO ; True Dual Port   ; Single Clock ; 32           ; 32           ; 32           ; 32           ; yes                    ; no                      ; yes                    ; no                      ; 1024  ; 32                          ; 32                          ; 32                          ; 32                          ; 1024                ; 2    ; None                           ; M9K_X27_Y18_N0, M9K_X27_Y17_N0                               ; Old data             ; Old data               ; New data with NBE Read ; Off      ; No                     ; No - Unknown  ;
; neorv32_top:neorv32_top_inst|neorv32_dmem:\memory_system:neorv32_dmem_enabled:neorv32_dmem_inst|neorv32_dmem_ram:dmem_ram_inst|neorv32_prim_spram:\ram_gen:0:ram_inst|altsyncram:spram_rtl_0|altsyncram_mvd1:auto_generated|ALTSYNCRAM                               ; AUTO ; Simple Dual Port ; Single Clock ; 2048         ; 8            ; 2048         ; 8            ; yes                    ; no                      ; yes                    ; no                      ; 16384 ; 2048                        ; 8                           ; 2048                        ; 8                           ; 16384               ; 2    ; None                           ; M9K_X27_Y6_N0, M9K_X27_Y2_N0                                 ; Don't care           ; New data with NBE Read ; New data with NBE Read ; Off      ; No                     ; No - Unknown  ;
; neorv32_top:neorv32_top_inst|neorv32_dmem:\memory_system:neorv32_dmem_enabled:neorv32_dmem_inst|neorv32_dmem_ram:dmem_ram_inst|neorv32_prim_spram:\ram_gen:1:ram_inst|altsyncram:spram_rtl_0|altsyncram_mvd1:auto_generated|ALTSYNCRAM                               ; AUTO ; Simple Dual Port ; Single Clock ; 2048         ; 8            ; 2048         ; 8            ; yes                    ; no                      ; yes                    ; no                      ; 16384 ; 2048                        ; 8                           ; 2048                        ; 8                           ; 16384               ; 2    ; None                           ; M9K_X27_Y7_N0, M9K_X27_Y4_N0                                 ; Don't care           ; New data with NBE Read ; New data with NBE Read ; Off      ; No                     ; No - Unknown  ;
; neorv32_top:neorv32_top_inst|neorv32_dmem:\memory_system:neorv32_dmem_enabled:neorv32_dmem_inst|neorv32_dmem_ram:dmem_ram_inst|neorv32_prim_spram:\ram_gen:2:ram_inst|altsyncram:spram_rtl_0|altsyncram_mvd1:auto_generated|ALTSYNCRAM                               ; AUTO ; Simple Dual Port ; Single Clock ; 2048         ; 8            ; 2048         ; 8            ; yes                    ; no                      ; yes                    ; no                      ; 16384 ; 2048                        ; 8                           ; 2048                        ; 8                           ; 16384               ; 2    ; None                           ; M9K_X15_Y1_N0, M9K_X15_Y3_N0                                 ; Don't care           ; New data with NBE Read ; New data with NBE Read ; Off      ; No                     ; No - Unknown  ;
; neorv32_top:neorv32_top_inst|neorv32_dmem:\memory_system:neorv32_dmem_enabled:neorv32_dmem_inst|neorv32_dmem_ram:dmem_ram_inst|neorv32_prim_spram:\ram_gen:3:ram_inst|altsyncram:spram_rtl_0|altsyncram_mvd1:auto_generated|ALTSYNCRAM                               ; AUTO ; Simple Dual Port ; Single Clock ; 2048         ; 8            ; 2048         ; 8            ; yes                    ; no                      ; yes                    ; no                      ; 16384 ; 2048                        ; 8                           ; 2048                        ; 8                           ; 16384               ; 2    ; None                           ; M9K_X15_Y6_N0, M9K_X15_Y7_N0                                 ; Don't care           ; New data with NBE Read ; New data with NBE Read ; Off      ; No                     ; No - Unknown  ;
; neorv32_top:neorv32_top_inst|neorv32_imem:\memory_system:neorv32_imem_enabled:neorv32_imem_inst|neorv32_imem_ram:\imem_ram:imem_ram_inst|neorv32_prim_spram:\ram_gen:0:ram_inst|altsyncram:spram_rtl_0|altsyncram_mvd1:auto_generated|ALTSYNCRAM                     ; AUTO ; Simple Dual Port ; Single Clock ; 2048         ; 8            ; 2048         ; 8            ; yes                    ; no                      ; yes                    ; no                      ; 16384 ; 2048                        ; 8                           ; 2048                        ; 8                           ; 16384               ; 2    ; None                           ; M9K_X27_Y9_N0, M9K_X27_Y10_N0                                ; Don't care           ; New data with NBE Read ; New data with NBE Read ; Off      ; No                     ; No - Unknown  ;
; neorv32_top:neorv32_top_inst|neorv32_imem:\memory_system:neorv32_imem_enabled:neorv32_imem_inst|neorv32_imem_ram:\imem_ram:imem_ram_inst|neorv32_prim_spram:\ram_gen:1:ram_inst|altsyncram:spram_rtl_0|altsyncram_mvd1:auto_generated|ALTSYNCRAM                     ; AUTO ; Simple Dual Port ; Single Clock ; 2048         ; 8            ; 2048         ; 8            ; yes                    ; no                      ; yes                    ; no                      ; 16384 ; 2048                        ; 8                           ; 2048                        ; 8                           ; 16384               ; 2    ; None                           ; M9K_X27_Y8_N0, M9K_X27_Y5_N0                                 ; Don't care           ; New data with NBE Read ; New data with NBE Read ; Off      ; No                     ; No - Unknown  ;
; neorv32_top:neorv32_top_inst|neorv32_imem:\memory_system:neorv32_imem_enabled:neorv32_imem_inst|neorv32_imem_ram:\imem_ram:imem_ram_inst|neorv32_prim_spram:\ram_gen:2:ram_inst|altsyncram:spram_rtl_0|altsyncram_mvd1:auto_generated|ALTSYNCRAM                     ; AUTO ; Simple Dual Port ; Single Clock ; 2048         ; 8            ; 2048         ; 8            ; yes                    ; no                      ; yes                    ; no                      ; 16384 ; 2048                        ; 8                           ; 2048                        ; 8                           ; 16384               ; 2    ; None                           ; M9K_X15_Y5_N0, M9K_X15_Y4_N0                                 ; Don't care           ; New data with NBE Read ; New data with NBE Read ; Off      ; No                     ; No - Unknown  ;
; neorv32_top:neorv32_top_inst|neorv32_imem:\memory_system:neorv32_imem_enabled:neorv32_imem_inst|neorv32_imem_ram:\imem_ram:imem_ram_inst|neorv32_prim_spram:\ram_gen:3:ram_inst|altsyncram:spram_rtl_0|altsyncram_mvd1:auto_generated|ALTSYNCRAM                     ; AUTO ; Simple Dual Port ; Single Clock ; 2048         ; 8            ; 2048         ; 8            ; yes                    ; no                      ; yes                    ; no                      ; 16384 ; 2048                        ; 8                           ; 2048                        ; 8                           ; 16384               ; 2    ; None                           ; M9K_X15_Y2_N0, M9K_X27_Y3_N0                                 ; Don't care           ; New data with NBE Read ; New data with NBE Read ; Off      ; No                     ; No - Unknown  ;
+----------------------------------------------------------------------------------------------------------------------------------------------------------------------------------------------------------------------------------------------------------------------+------+------------------+--------------+--------------+--------------+--------------+--------------+------------------------+-------------------------+------------------------+-------------------------+-------+-----------------------------+-----------------------------+-----------------------------+-----------------------------+---------------------+------+--------------------------------+--------------------------------------------------------------+----------------------+------------------------+------------------------+----------+------------------------+---------------+
Note: Fitter may spread logical memories into multiple blocks to improve timing. The actual required RAM blocks can be found in the Fitter Resource Usage section.


RAM content values are presented in the following format: (Binary) (Octal) (Decimal) (Hexadecimal) 
+------------------------------------------------------------------------------------------------------------------------------------------------------------------------------------------------------------------------------------------------------------------+
; |ax301_top|neorv32_top:neorv32_top_inst|neorv32_bootrom:\io_system:neorv32_bootrom_enabled:neorv32_boot_rom_inst|neorv32_bootrom_rom:bootrom_rom_inst|altsyncram:Mux26_rtl_0|altsyncram_ct01:auto_generated|ALTSYNCRAM                                           ;
+------------------------------------------------------------------------------------------------------------------------------------------------------------------------------------------------------------------------------------------------------------------+
;   Addr   ;              +0              ;              +1              ;              +2              ;              +3              ;              +4              ;              +5              ;              +6              ;              +7              ;
+----------+------------------------------+------------------------------+------------------------------+------------------------------+------------------------------+------------------------------+------------------------------+------------------------------+
;0;(11110001010000000010000011110011) (-1657757415) (-247455501) (-14-11-15-13-150-13)    ;(10000000001000000000001000111010) (-1325325762) (-2145385926) (-7-15-13-15-15-13-12-6)   ;(00001111101100100000001000110010) (1754401062) (263324210) (FB20232)   ;(11111111000000100111000100110010) (-77307316) (-16617166) (-15-13-8-14-12-14)   ;(10000000001000000000000110111010) (-1325326162) (-2145386054) (-7-15-13-15-15-14-4-6)   ;(01111111000000011000000110110010) (1257849718) (2130805170) (7F0181B2)   ;(00000000000000000010001010111011) (21273) (8891) (22BB)   ;(10000000000000101000001010110010) (-1334825572) (-2147319118) (-7-15-15-13-7-13-4-14)   ;
;8;(00110000000000101001000001110011) (1705542867) (805474419) (30029073)    ;(00000000000000000000001100111010) (1472) (826) (33A)   ;(00001110110000110000001100110010) (1660601462) (247661362) (EC30332)   ;(00110000010100110001000001110011) (1729642867) (810750067) (30531073)   ;(00110000010000000001000001110011) (1725042867) (809504883) (30401073)   ;(00000000000000000001001110111010) (11672) (5050) (13BA)   ;(11110110000000111000001110110010) (-1177076116) (-167541838) (-9-15-12-7-12-4-14)   ;(10000000001000000000010000111010) (-1325324762) (-2145385414) (-7-15-13-15-15-11-12-6)   ;
;16;(11111100010001000000010000110010) (-356775716) (-62651342) (-3-11-11-15-11-12-14)    ;(10000000001000000000010010111010) (-1325324562) (-2145385286) (-7-15-13-15-15-11-4-6)   ;(11111011110001001000010010110010) (-416675516) (-71007054) (-4-3-11-7-11-4-14)   ;(10000000001000000000010100111010) (-1325324362) (-2145385158) (-7-15-13-15-15-10-12-6)   ;(11111011010001010000010100110010) (-456575316) (-79362766) (-4-11-10-15-10-12-14)   ;(10000000001000000000010110111010) (-1325324162) (-2145385030) (-7-15-13-15-15-10-4-6)   ;(11111011100001011000010110110010) (-436475116) (-75135566) (-4-7-10-7-10-4-14)   ;(00000000000000000000011000110010) (3062) (1586) (632)   ;
;24;(00000000000000000000011010110010) (3262) (1714) (6B2)    ;(00000000000000000000011100110010) (3462) (1842) (732)   ;(00000000000000000000011110110010) (3662) (1970) (7B2)   ;(00000100000000001000001001110001) (400101161) (67142257) (4008271)   ;(00000000000000000000011110111010) (3672) (1978) (7BA)   ;(00000001110001111000011110110010) (161703662) (29853618) (1C787B2)   ;(00110000010101111001000001110011) (1730742867) (811044979) (30579073)   ;(00110000010001000101000001110011) (1726082867) (809783411) (30445073)   ;
;32;(00110000000001000110000001110011) (1706092867) (805593203) (30046073)    ;(00010000010100000000000001110011) (2024000163) (273678451) (10500073)   ;(11111111110111111111000001111101) (-10007603) (-2101123) (-200-15-8-3)   ;(00000000000000000000011110111010) (3672) (1978) (7BA)   ;(00001000010001111000011110110010) (1021703662) (138905522) (84787B2)   ;(00110000010101111001000001110011) (1730742867) (811044979) (30579073)   ;(11111111111101000100011100111011) (-2734305) (-768197) (-11-11-8-12-5)   ;(00000000100001110010000100110000) (41620460) (8855856) (872130)   ;
;40;(00000000110001110010011000110000) (61623060) (13051440) (C72630)    ;(11111111111101000000011100111011) (-2774305) (-784581) (-11-15-8-12-5)   ;(00000000000001110010001000110001) (1621061) (467505) (72231)   ;(00000011100000000000000001111101) (340000175) (58720381) (380007D)   ;(00000000100000111000111001110001) (40707161) (8621681) (838E71)   ;(00000000100101000101110001110001) (45056161) (9722993) (945C71)   ;(00000000000000111010011110110000) (723660) (239536) (3A7B0)   ;(00000000111101000010000000110001) (75020061) (15999025) (F42031)   ;
;48;(00000000010000111000001110110010) (20701662) (4424626) (4383B2)    ;(00000000010001000000010000110010) (21002062) (4457522) (440432)   ;(11111110110111111111000001111101) (-110007603) (-18878339) (-1-200-15-8-3)   ;(00000000101101010101100001110001) (55254161) (11884657) (B55871)   ;(00000000000001010010000000110001) (1220061) (335921) (52031)   ;(00000000010001010000010100110010) (21202462) (4523314) (450532)   ;(11111111010111111111000001111101) (-50007603) (-10489731) (-1000-15-8-3)   ;(00000000000000000000011000111010) (3072) (1594) (63A)   ;
;56;(01111110000001100000011000110010) (1158952118) (2114324018) (7E060632)    ;(00001111111100000000000000111100) (1774000074) (267386940) (FF0003C)   ;(00000000000000000001000000111100) (10074) (4156) (103C)   ;(00000000000000000000010100110010) (2462) (1330) (532)   ;(00000000000000000000010110110010) (2662) (1458) (5B2)   ;(00000000000001100000000011111001) (1400371) (393465) (600F9)   ;(00110000000001000111000001110011) (1706102867) (805597299) (30047073)   ;(00110000010000000001000001110011) (1725042867) (809504883) (30401073)   ;
;64;(00000000000000000000010110111010) (2672) (1466) (5BA)    ;(00000001000001011000010110110010) (101302662) (17139122) (10585B2)   ;(00110000010101011001000001110011) (1730342867) (810913907) (30559073)   ;(00110100000001010001000001110011) (2106242867) (872747123) (34051073)   ;(00010000010100000000000001110011) (2024000163) (273678451) (10500073)   ;(11111111110111111111000001111101) (-10007603) (-2101123) (-200-15-8-3)   ;(00000000000000000000010100110010) (2462) (1330) (532)   ;(00000000000000001000000001111001) (100171) (32889) (8079)   ;
;72;(11111111111111100000011110111011) (-374105) (-129093) (-1-15-8-4-5)    ;(00000000100001111010011110110000) (41723660) (8890288) (87A7B0)   ;(00000000000000000000010100110010) (2462) (1330) (532)   ;(00000000111001111001011100110010) (71713462) (15177522) (E79732)   ;(00000000000001110101111001110001) (1657161) (482929) (75E71)   ;(11111111111101010000011110111011) (-2574105) (-718917) (-10-15-8-4-5)   ;(00000000000001111010011100110000) (1723460) (501552) (7A730)   ;(00000000111101110001011010110010) (75613262) (16193202) (F716B2)   ;
;80;(11111110000001101101110011110001) (-176221417) (-33104655) (-1-15-9-2-30-15)    ;(00000000010001111010010100110000) (21722460) (4695344) (47A530)   ;(00001111111101010111010100110010) (1775272462) (267744562) (FF57532)   ;(00000000000000001000000001111001) (100171) (32889) (8079)   ;(11111111000000010000000100110010) (-77577316) (-16711374) (-15-14-15-14-12-14)   ;(00000000100000010010010000110001) (40222061) (8463409) (812431)   ;(00000000100100010010001000110001) (44221061) (9511473) (912231)   ;(00000000000100010010011000110001) (4223061) (1123889) (112631)   ;
;88;(00000000000001010000010010110010) (1202262) (328882) (504B2)    ;(00000000000000000000010000110010) (2062) (1074) (432)   ;(11111011100111111111000011111101) (-430007403) (-73404163) (-4-600-150-3)   ;(00000000010001000000011110110010) (21003662) (4458418) (4407B2)   ;(00000000001001111000011110110011) (11703663) (2590643) (2787B3)   ;(11111110101001111000111000110001) (-126070717) (-22573519) (-1-5-8-7-1-12-15)   ;(00000000000101000000010000110010) (5002062) (1311794) (140432)   ;(00000000010000000000011110110010) (20003662) (4196274) (4007B2)   ;
;96;(11111110111101000001010011110001) (-102765417) (-17558287) (-10-11-14-110-15)    ;(00000000000000010010011110110000) (223660) (75696) (127B0)   ;(00000000110000010010000010110000) (60220260) (12656816) (C120B0)   ;(00000000100000010010010000110000) (40222060) (8463408) (812430)   ;(00000000111101001010000000110001) (75120061) (16031793) (F4A031)   ;(00000000000000000000010100110010) (2462) (1330) (532)   ;(00000000010000010010010010110000) (20222260) (4269232) (4124B0)   ;(00000001000000010000000100110010) (100200462) (16843058) (1010132)   ;
;104;(00000000000000001000000001111001) (100171) (32889) (8079)    ;(11111111111111100000011110111011) (-374105) (-129093) (-1-15-8-4-5)   ;(00000000100001111010011110110000) (41723660) (8890288) (87A7B0)   ;(00000000111001111001011100110010) (71713462) (15177522) (E79732)   ;(00000010000001110101110001110001) (201656161) (34036849) (2075C71)   ;(00000000101000000000011110110010) (50003662) (10487730) (A007B2)   ;(00000000111101010001111001110001) (75217161) (16064113) (F51E71)   ;(11111111111101010000011110111011) (-2574105) (-718917) (-10-15-8-4-5)   ;
;112;(00000000000001111010011100110000) (1723460) (501552) (7A730)    ;(00000000110001110001011010110010) (61613262) (13047474) (C716B2)   ;(11111110000001101101110011110001) (-176221417) (-33104655) (-1-15-9-2-30-15)   ;(00000000110100000000011100110010) (64003462) (13633330) (D00732)   ;(00000000111001111010001000110001) (71721061) (15180337) (E7A231)   ;(11111111111101010000011110111011) (-2574105) (-718917) (-10-15-8-4-5)   ;(00000000000001111010011100110000) (1723460) (501552) (7A730)   ;(00000000110001110001011010110010) (61613262) (13047474) (C716B2)   ;
;120;(11111110000001101101110011110001) (-176221417) (-33104655) (-1-15-9-2-30-15)    ;(00000000101001111010001000110001) (51721061) (10986033) (A7A231)   ;(00000000000000001000000001111001) (100171) (32889) (8079)   ;(11111111100000010000000100110010) (-37577316) (-8322766) (-7-14-15-14-12-14)   ;(00000000100000010010000000110001) (40220061) (8462385) (812031)   ;(00000000000100010010001000110001) (4221061) (1122865) (112231)   ;(00000000000001010000010000110010) (1202062) (328754) (50432)   ;(00000000000001000100010100110000) (1042460) (279856) (44530)   ;
;128;(00000000000001010001101001110001) (1215161) (334449) (51A71)    ;(00000000010000010010000010110000) (20220260) (4268208) (4120B0)   ;(00000000000000010010010000110000) (222060) (74800) (12430)   ;(00000000100000010000000100110010) (40200462) (8454450) (810132)   ;(00000000000000001000000001111001) (100171) (32889) (8079)   ;(00000000000101000000010000110010) (5002062) (1311794) (140432)   ;(11111000110111111111000011111101) (-710007403) (-119541507) (-7-200-150-3)   ;(11111110000111111111000001111101) (-170007603) (-31461251) (-1-1400-15-8-3)   ;
;136;(11111101010000010000000100110010) (-257577316) (-46071502) (-2-11-14-15-14-12-14)    ;(00000010100000010010001000110001) (240221061) (42017329) (2812231)   ;(00000010100100010010000000110001) (244220061) (43065393) (2912031)   ;(00000010000100010010010000110001) (204222061) (34677809) (2112431)   ;(10000000000000000000010010111011) (-1335324561) (-2147482437) (-7-15-15-15-15-11-4-5)   ;(00000000000001011000010000110010) (1302062) (361522) (58432)   ;(00000000000001001010010000110001) (1122061) (304177) (4A431)   ;(00000000000001010000000011111001) (1200371) (327929) (500F9)   ;
;144;(00000010000001010000011001110001) (201203161) (33883761) (2050671)    ;(11111111111000000001010100111011) (-7765305) (-2091717) (-1-15-14-10-12-5)   ;(11010000100001010000010100110010) (-1441608020) (-796588750) (-2-15-7-10-15-10-12-14)   ;(11111010000111111111000011111101) (-570007403) (-98569987) (-5-1400-150-3)   ;(00000000000100000000011110110010) (4003662) (1050546) (1007B2)   ;(00000010100000010010000010110000) (240220260) (42016944) (28120B0)   ;(00000010010000010010010000110000) (220222060) (37823536) (2412430)   ;(00000010000000010010010010110000) (200222260) (33629360) (20124B0)   ;
;152;(00000000000001111000010100110010) (1702462) (492850) (78532)    ;(00000010110000010000000100110010) (260200462) (46203186) (2C10132)   ;(00000000000000001000000001111001) (100171) (32889) (8079)   ;(00000001000000010000010100110010) (100202462) (16844082) (1010532)   ;(00000000000001000000000011111001) (1000371) (262393) (400F9)   ;(00000000101000010010000000110001) (50220061) (10559537) (A12031)   ;(00000001010000010000010100110010) (120202462) (21038386) (1410532)   ;(00000000000001000000000011111001) (1000371) (262393) (400F9)   ;
;160;(00000000101000010010001000110001) (50221061) (10560049) (A12231)    ;(00000001100000010000010100110010) (140202462) (25232690) (1810532)   ;(00000000000001000000000011111001) (1000371) (262393) (400F9)   ;(00000000101000010010010000110001) (50222061) (10560561) (A12431)   ;(00000001110000010000010100110010) (160202462) (29426994) (1C10532)   ;(00000000000001000000000011111001) (1000371) (262393) (400F9)   ;(00000001010000010010011100110000) (120223460) (21047088) (1412730)   ;(10000000000000000000011110111011) (-1335323161) (-2147481669) (-7-15-15-15-15-8-4-5)   ;
;168;(00000000111001111010001000110001) (71721061) (15180337) (E7A231)    ;(00000001000000010010011100110000) (100223460) (16852784) (1012730)   ;(00100001010011110100011110111011) (-171323623) (558843835) (214F47BB)   ;(01010100111001111000011110110010) (324220014) (1424459698) (54E787B2)   ;(00000000111101110000100001110001) (75604161) (16189553) (F70871)   ;(11111111111000000001010100111011) (-7765305) (-2091717) (-1-15-14-10-12-5)   ;(11010001110001010000010100110010) (-1321608020) (-775617230) (-2-14-3-10-15-10-12-14)   ;(11111001000111111111000001111101) (-670007603) (-115347331) (-6-1400-15-8-3)   ;
;176;(00000000010000010010011100110000) (20223460) (4269872) (412730)    ;(00000000000000010010011110110000) (223660) (75696) (127B0)   ;(00000000000000010010011000110001) (223061) (75313) (12631)   ;(00000000111001111110011110110011) (71763663) (15198131) (E7E7B3)   ;(00000000100000010010011100110000) (40223460) (8464176) (812730)   ;(00000000111001111110011110110011) (71763663) (15198131) (E7E7B3)   ;(00000000101001111110011110110011) (51763663) (11003827) (A7E7B3)   ;(00000000000000000000011100110010) (3462) (1842) (732)   ;
;184;(00000001100000010010011010110000) (140223260) (25241264) (18126B0)    ;(00000100110101110111000001110001) (465670161) (81227889) (4D77071)   ;(11110100000001111001111011110001) (-1376060417) (-200827151) (-11-15-8-6-10-15)   ;(00000000110000010000010100110010) (60202462) (12649778) (C10532)   ;(00000000111000010010000000110001) (70220061) (14753841) (E12031)   ;(00000000000001000000000011111001) (1000371) (262393) (400F9)   ;(00000001110000010010011010110000) (160223260) (29435568) (1C126B0)   ;(00000000110000010010011000110000) (60223060) (12658224) (C12630)   ;
;192;(00000000000000010010011100110000) (223460) (75568) (12730)    ;(00000000000001010000011110110010) (1203662) (329650) (507B2)   ;(00000000110001101000011010110011) (61503263) (13010611) (C686B3)   ;(00000000110100010010111000110001) (64227061) (13708849) (D12E31)   ;(00000001010000010010011010110000) (120223260) (21046960) (14126B0)   ;(00000000110101110000011010110011) (65603263) (14091955) (D706B3)   ;(00000000110001101010000000110001) (61520061) (13017137) (C6A031)   ;(00000000010001110000011100110010) (21603462) (4654898) (470732)   ;
;200;(11111100000111111111000001111101) (-370007603) (-65015683) (-3-1400-15-8-3)    ;(11110010000001111001000011110001) (-1576067417) (-234385167) (-13-15-8-6-150-15)   ;(00000001110000010010011000110000) (160223060) (29435440) (1C12630)   ;(11111111111100000000011100110010) (-3774316) (-1046734) (-15-15-8-12-14)   ;(00000000111001100000100001110001) (71404161) (15075441) (E60871)   ;(11111111111000000001010100111011) (-7765305) (-2091717) (-1-15-14-10-12-5)   ;(11010011000001010000010100110010) (-1181608020) (-754645710) (-2-12-15-10-15-10-12-14)   ;(11110001000111111111000001111101) (-1670007603) (-249565059) (-14-1400-15-8-3)   ;
;208;(11111111111000000001010100111011) (-7765305) (-2091717) (-1-15-14-10-12-5)    ;(11010100010001010000010100110010) (-1061608020) (-733674190) (-2-11-11-10-15-10-12-14)   ;(00000000111100010010000000110001) (74220061) (15802417) (F12031)   ;(00000000110101001010010000110001) (65122061) (13935665) (D4A431)   ;(11101001110111111111000011111101) (1684959893) (-371199747) (-1-6-200-150-3)   ;(00001111111100000000000000111100) (1774000074) (267386940) (FF0003C)   ;(00000000000000010010011110110000) (223660) (75696) (127B0)   ;(11101111100111111111000001111101) (-2030007603) (-274730883) (-10-600-15-8-3)   ;
;216;(11111111010000010000000100110010) (-57577316) (-12517070) (-11-14-15-14-12-14)    ;(00000000100100010010000000110001) (44220061) (9510961) (912031)   ;(00000000000001010000010010110010) (1202262) (328882) (504B2)   ;(00000011000000000000010100110010) (300002462) (50332978) (3000532)   ;(00000000000100010010010000110001) (4222061) (1123377) (112431)   ;(00000000100000010010001000110001) (40221061) (8462897) (812231)   ;(11100010110111111111000011111101) (784959893) (-488640259) (-1-13-200-150-3)   ;(00000111100000000000010100110010) (740002462) (125830450) (7800532)   ;
;224;(11100010010111111111000011111101) (744959893) (-497028867) (-1-13-1000-150-3)    ;(00000001110000000000010000110010) (160002062) (29361202) (1C00432)   ;(00000000100001001101011100110011) (41153463) (8705843) (84D733)   ;(11111111111000000001011110111011) (-7764105) (-2091077) (-1-15-14-8-4-5)   ;(00000000111101110111011100110010) (75673462) (16217906) (F77732)   ;(11111000010001111000011110110010) (-756074116) (-129529934) (-7-11-8-7-8-4-14)   ;(00000000111001111000011110110011) (71703663) (15173555) (E787B3)   ;(00000000000001111100010100110000) (1742460) (509232) (7C530)   ;
;232;(11111111110001000000010000110010) (-16775716) (-3931086) (-3-11-15-11-12-14)    ;(11100000000111111111000011111101) (524959893) (-534777603) (-1-15-1400-150-3)   ;(11111111110000000000011110110010) (-17774116) (-4192334) (-3-15-15-8-4-14)   ;(11111100111101000001111011110001) (-302760417) (-51110159) (-30-11-14-10-15)   ;(00000000100000010010000010110000) (40220260) (8462512) (8120B0)   ;(00000000010000010010010000110000) (20222060) (4269104) (412430)   ;(00000000000000010010010010110000) (222260) (74928) (124B0)   ;(00000000110000010000000100110010) (60200462) (12648754) (C10132)   ;
;240;(00000000000000001000000001111001) (100171) (32889) (8079)    ;(11111111111101001100011110111011) (-2634105) (-735301) (-11-3-8-4-5)   ;(11111111110001111010010110110000) (-16055120) (-3693136) (-3-8-5-10-50)   ;(11111111100001111010010100110000) (-36055320) (-7887568) (-7-8-5-10-130)   ;(11111111110001111010011100110000) (-16054320) (-3692752) (-3-8-5-8-130)   ;(11111110111001011001101011110001) (-106462417) (-18507023) (-1-1-10-6-50-15)   ;(00000000000000001000000001111001) (100171) (32889) (8079)   ;(11111111111110000000011100111011) (-1774305) (-522437) (-7-15-8-12-5)   ;
;248;(00000000000001110010011110110000) (1623660) (468912) (727B0)    ;(00000000110101111001011010110010) (65713262) (14128818) (D796B2)   ;(11111110000001101100110011110001) (-176231417) (-33108751) (-1-15-9-3-30-15)   ;(10000000000000000000011110111011) (-1335323161) (-2147481669) (-7-15-15-15-15-8-4-5)   ;(00000000100001111000011110110010) (41703662) (8882098) (8787B2)   ;(00000000111101110010001000110001) (75621061) (16196145) (F72231)   ;(00000000000000001000000001111001) (100171) (32889) (8079)   ;(11111111111110000000011110111011) (-1774105) (-522309) (-7-15-8-4-5)   ;
;256;(00000000000001111010011100110000) (1723460) (501552) (7A730)    ;(00000000110101110001011010110010) (65613262) (14096050) (D716B2)   ;(11111110000001101100110011110001) (-176231417) (-33108751) (-1-15-9-3-30-15)   ;(10000000000000000000011100111011) (-1335323361) (-2147481797) (-7-15-15-15-15-8-12-5)   ;(00000000111001111010001000110001) (71721061) (15180337) (E7A231)   ;(00000000000000001000000001111001) (100171) (32889) (8079)   ;(11111111111110000000011110111011) (-1774105) (-522309) (-7-15-8-4-5)   ;(00000000101001111010001000110001) (51721061) (10986033) (A7A231)   ;
;264;(00000000000001111010011100110000) (1723460) (501552) (7A730)    ;(11111110000001110100111011110001) (-176130417) (-33075471) (-1-15-8-11-10-15)   ;(00000000010001111010010100110000) (21722460) (4695344) (47A530)   ;(00001111111101010111010100110010) (1775272462) (267744562) (FF57532)   ;(00000000000000001000000001111001) (100171) (32889) (8079)   ;(11111111100000010000000100110010) (-37577316) (-8322766) (-7-14-15-14-12-14)   ;(00000000000100010010001000110001) (4221061) (1122865) (112231)   ;(00000000101000010010000000110001) (50220061) (10559537) (A12031)   ;
;272;(11111001110111111111000011111101) (-610007403) (-102764291) (-6-200-150-3)    ;(00000000000000010010010100110000) (222460) (75056) (12530)   ;(11111101000111111111000011111101) (-270007403) (-48238339) (-2-1400-150-3)   ;(00000000010000010010000010110000) (20220260) (4268208) (4120B0)   ;(00000000100000010000000100110010) (40200462) (8454450) (810132)   ;(11111010100111111111000001111101) (-530007603) (-90181507) (-5-600-15-8-3)   ;(11111111100000010000000100110010) (-37577316) (-8322766) (-7-14-15-14-12-14)   ;(00000000000100010010001000110001) (4221061) (1122865) (112231)   ;
;280;(11110111110111111111000011111101) (-1010007403) (-136318723) (-8-200-150-3)    ;(00000000010100000000010100110010) (24002462) (5244210) (500532)   ;(11111011000111111111000011111101) (-470007403) (-81792771) (-4-1400-150-3)   ;(00000000000000000000010100110010) (2462) (1330) (532)   ;(11111010100111111111000011111101) (-530007403) (-90181379) (-5-600-150-3)   ;(00000000101000010010000000110001) (50220061) (10559537) (A12031)   ;(11111000010111111111000011111101) (-750007403) (-127930115) (-7-1000-150-3)   ;(00000000010000010010000010110000) (20220260) (4268208) (4120B0)   ;
;288;(00000000000000010010010100110000) (222460) (75056) (12530)    ;(00000000100000010000000100110010) (40200462) (8454450) (810132)   ;(00000000000000001000000001111001) (100171) (32889) (8079)   ;(11111111111111100000011110111011) (-374105) (-129093) (-1-15-8-4-5)   ;(00000000100001111010011110110000) (41723660) (8890288) (87A7B0)   ;(00000000000100000000010100110010) (4002462) (1049906) (100532)   ;(00000000110101111001011100110010) (65713462) (14128946) (D79732)   ;(00000110000001110101010001110001) (601652161) (101143665) (6075471)   ;
;296;(11111111110000010000000100110010) (-17577316) (-4128462) (-3-14-15-14-12-14)    ;(00000000000100010010000000110001) (4220061) (1122353) (112031)   ;(11111111111110000000011110111011) (-1774105) (-522309) (-7-15-8-4-5)   ;(00000000000001111010000000110001) (1720061) (499761) (7A031)   ;(00000001100100000000011100110010) (144003462) (26216242) (1900732)   ;(00000000111001111010000000110001) (71720061) (15179825) (E7A031)   ;(00001010101100000000010100110010) (1254002462) (179307826) (AB00532)   ;(10000000000000000000011110111011) (-1335323161) (-2147481669) (-7-15-15-15-15-8-4-5)   ;
;304;(00000000010000000000011100111011) (20003473) (4196155) (40073B)    ;(00000000111001111010000000110001) (71720061) (15179825) (E7A031)   ;(11110110110111111111000011111101) (-1110007403) (-153095939) (-9-200-150-3)   ;(00000000011000000000010100110010) (30002462) (6292786) (600532)   ;(11110110010111111111000011111101) (-1150007403) (-161484547) (-9-1000-150-3)   ;(11111000010111111111000011111101) (-750007403) (-127930115) (-7-1000-150-3)   ;(00000000001001010111011110110010) (11273662) (2455474) (2577B2)   ;(11111111111100000000010100110010) (-3775316) (-1047246) (-15-15-10-12-14)   ;
;312;(00000000000001111000110001110001) (1706161) (494705) (78C71)    ;(00000000010000000000010100110010) (20002462) (4195634) (400532)   ;(11110100110111111111000011111101) (-1310007403) (-186650371) (-11-200-150-3)   ;(11110110110111111111000011111101) (-1110007403) (-153095939) (-9-200-150-3)   ;(00000001111001010001011110110010) (171213662) (31791026) (1E517B2)   ;(01000001111101111101010100110010) (-1971731186) (1106761010) (41F7D532)   ;(00000000000000010010000010110000) (220260) (73904) (120B0)   ;(00000000010000010000000100110010) (20200462) (4260146) (410132)   ;
;320;(00000000000000001000000001111001) (100171) (32889) (8079)    ;(00000000000000001000000001111001) (100171) (32889) (8079)   ;(11111111100000010000000100110010) (-37577316) (-8322766) (-7-14-15-14-12-14)   ;(10000000000000000000011110111011) (-1335323161) (-2147481669) (-7-15-15-15-15-8-4-5)   ;(00000000100000010010000000110001) (40220061) (8462385) (812031)   ;(00000000000001111010010000110000) (1722060) (500784) (7A430)   ;(00000000000100010010001000110001) (4221061) (1122865) (112231)   ;(00000001000001000101010100110010) (101052462) (17061170) (1045532)   ;
;328;(00001111111101010111010100110010) (1775272462) (267744562) (FF57532)    ;(11101111010111111111000011111101) (-2050007403) (-278925059) (-10-1000-150-3)   ;(00000000100001000101010100110010) (41052462) (8672562) (845532)   ;(00001111111101010111010100110010) (1775272462) (267744562) (FF57532)   ;(11101110100111111111000011111101) (-2130007403) (-291507971) (-1-1-600-150-3)   ;(00001111111101000111010100110010) (1775072462) (267679026) (FF47532)   ;(00000000000000010010010000110000) (222060) (74800) (12430)   ;(00000000010000010010000010110000) (20220260) (4268208) (4120B0)   ;
;336;(00000000100000010000000100110010) (40200462) (8454450) (810132)    ;(11101101010111111111000001111101) (2044959693) (-312479619) (-1-2-1000-15-8-3)   ;(11111111000000010000000100110010) (-77577316) (-16711374) (-15-14-15-14-12-14)   ;(00000000000100010010011000110001) (4223061) (1123889) (112631)   ;(00000000100000010010010000110001) (40222061) (8463409) (812431)   ;(00000000100100010010001000110001) (44221061) (9511473) (912231)   ;(00000000000001010000010010110010) (1202262) (328882) (504B2)   ;(11101000000111111111000011111101) (1524959893) (-400559875) (-1-7-1400-150-3)   ;
;344;(00000000001100000000010100110010) (14002462) (3147058) (300532)    ;(11101011010111111111000011111101) (1844959893) (-346033923) (-1-4-1000-150-3)   ;(11111010000111111111000011111101) (-570007403) (-98569987) (-5-1400-150-3)   ;(00000000000000000000010000110010) (2062) (1074) (432)   ;(00000000000000000000010100110010) (2462) (1330) (532)   ;(11101010010111111111000011111101) (1744959893) (-362811139) (-1-5-1000-150-3)   ;(00000000010001000000011110110010) (21003662) (4458418) (4407B2)   ;(00000000001001111000011110110011) (11703663) (2590643) (2787B3)   ;
;352;(11111110101001111000111000110001) (-126070717) (-22573519) (-1-5-8-7-1-12-15)    ;(00000000000101000000010000110010) (5002062) (1311794) (140432)   ;(00000000010000000000011110110010) (20003662) (4196274) (4007B2)   ;(11111110111101000001001011110001) (-102766417) (-17558799) (-10-11-14-130-15)   ;(11100110110111111111000011111101) (1184959893) (-421531395) (-1-9-200-150-3)   ;(00000000000000010010011110110000) (223660) (75696) (127B0)   ;(10000000000000000000011100111011) (-1335323361) (-2147481797) (-7-15-15-15-15-8-12-5)   ;(00000000110000010010000010110000) (60220260) (12656816) (C120B0)   ;
;360;(00000000111101001010000000110001) (75120061) (16031793) (F4A031)    ;(00000000000001110010011110110000) (1623660) (468912) (727B0)   ;(00000000010000010010010010110000) (20222260) (4269232) (4124B0)   ;(00000000000000000000010100110010) (2462) (1330) (532)   ;(00000000100001111000011110110011) (41703663) (8882099) (8787B3)   ;(00000000100000010010010000110000) (40222060) (8463408) (812430)   ;(00000000111101110010000000110001) (75620061) (16195633) (F72031)   ;(00000001000000010000000100110010) (100200462) (16843058) (1010132)   ;
;368;(00000000000000001000000001111001) (100171) (32889) (8079)    ;(11111111010000010000000100110010) (-57577316) (-12517070) (-11-14-15-14-12-14)   ;(00000000010000000000011110111011) (20003673) (4196283) (4007BB)   ;(00000000100100010010000000110001) (44220061) (9510961) (912031)   ;(10000000000000000000010010111011) (-1335324561) (-2147482437) (-7-15-15-15-15-11-4-5)   ;(00000000111101001010000000110001) (75120061) (16031793) (F4A031)   ;(10000000000000000000011110111011) (-1335323161) (-2147481669) (-7-15-15-15-15-8-4-5)   ;(00000000100000010010001000110001) (40221061) (8462897) (812231)   ;
;376;(00000000101001111101010000110000) (51752060) (10998832) (A7D430)    ;(00000000000100010010010000110001) (4222061) (1123377) (112431)   ;(00000000000101000000010000110010) (5002062) (1311794) (140432)   ;(00000000011000000000010100110010) (30002462) (6292786) (600532)   ;(11100100010111111111000011111101) (944959893) (-463474435) (-1-11-1000-150-3)   ;(11011110100111111111000011111101) (164959893) (-559943427) (-2-1-600-150-3)   ;(00001101100000000000010100110010) (1540002462) (226493746) (D800532)   ;(11111111111101000000010000110010) (-2775716) (-785358) (-11-15-11-12-14)   ;
;384;(11100001100111111111000011111101) (664959893) (-509611779) (-1-14-600-150-3)    ;(11110000010111111111000011111101) (-1750007403) (-262147843) (-15-1000-150-3)   ;(11011111010111111111000011111101) (244959893) (-547360515) (-20-1000-150-3)   ;(11100100110111111111000011111101) (984959893) (-455085827) (-1-11-200-150-3)   ;(00000000000101010111010100110010) (5272462) (1406258) (157532)   ;(11111110000001010001110011110001) (-176561417) (-33219343) (-1-15-10-14-30-15)   ;(00000000000001001010011110110000) (1123660) (305072) (4A7B0)   ;(00000000000000010000011100111011) (203473) (67387) (1073B)   ;
;392;(00000000111001111000011110110011) (71703663) (15173555) (E787B3)    ;(00000000111101001010000000110001) (75120061) (16031793) (F4A031)   ;(11111100000001000001001011110001) (-376766417) (-66841871) (-3-15-11-14-130-15)   ;(00000000100000010010000010110000) (40220260) (8462512) (8120B0)   ;(00000000010000010010010000110000) (20222060) (4269104) (412430)   ;(00000000010000000000011110111011) (20003673) (4196283) (4007BB)   ;(00000000111101001010000000110001) (75120061) (16031793) (F4A031)   ;(00000000000000010010010010110000) (222260) (74928) (124B0)   ;
;400;(00000000110000010000000100110010) (60200462) (12648754) (C10132)    ;(00000000000000001000000001111001) (100171) (32889) (8079)   ;(11111111010000010000000100110010) (-57577316) (-12517070) (-11-14-15-14-12-14)   ;(00000000100000010010001000110001) (40221061) (8462897) (812231)   ;(00000000000100010010010000110001) (4222061) (1123377) (112431)   ;(00000000101000010010000000110001) (50220061) (10559537) (A12031)   ;(00000000000000000000010000110010) (2062) (1074) (432)   ;(00000000011000000000010100110010) (30002462) (6292786) (600532)   ;
;408;(11011101010111111111000011111101) (44959893) (-580914947) (-2-2-1000-150-3)    ;(11010111100111111111000011111101) (-735040107) (-677383939) (-2-8-600-150-3)   ;(00000000001000000000010100110010) (10002462) (2098482) (200532)   ;(11011010110111111111000011111101) (-215040107) (-622857987) (-2-5-200-150-3)   ;(11101001100111111111000011111101) (1664959893) (-375394051) (-1-6-600-150-3)   ;(00000000010001000000011110110010) (21003662) (4458418) (4407B2)   ;(00000000001001111000011110110011) (11703663) (2590643) (2787B3)   ;(11111111110001111100010100110000) (-16035320) (-3685072) (-3-8-3-10-130)   ;
;416;(11011001100111111111000011111101) (-335040107) (-643829507) (-2-6-600-150-3)    ;(11010111100111111111000011111101) (-735040107) (-677383939) (-2-8-600-150-3)   ;(11011101000111111111000011111101) (24959893) (-585109251) (-2-2-1400-150-3)   ;(00000000000101010111010100110010) (5272462) (1406258) (157532)   ;(11111110000001010001110011110001) (-176561417) (-33219343) (-1-15-10-14-30-15)   ;(10000000000000000000011100111011) (-1335323361) (-2147481797) (-7-15-15-15-15-8-12-5)   ;(00000000000001110010011110110000) (1623660) (468912) (727B0)   ;(00000000000101000000010000110010) (5002062) (1311794) (140432)   ;
;424;(00000000000101111000011110110010) (5703662) (1542066) (1787B2)    ;(00000000111101110010000000110001) (75620061) (16195633) (F72031)   ;(00000000010000000000011110110010) (20003662) (4196274) (4007B2)   ;(11111010111101000001100011110001) (-502763417) (-84666127) (-50-11-14-70-15)   ;(00000000100000010010000010110000) (40220260) (8462512) (8120B0)   ;(00000000010000010010010000110000) (20222060) (4269104) (412430)   ;(00000000110000010000000100110010) (60200462) (12648754) (C10132)   ;(00000000000000001000000001111001) (100171) (32889) (8079)   ;
;432;(11111101010000010000000100110010) (-257577316) (-46071502) (-2-11-14-15-14-12-14)    ;(00000010000100010010010000110001) (204222061) (34677809) (2112431)   ;(00000010010100010010001000110001) (224221061) (38871601) (2512231)   ;(00000010011000010010000000110001) (230220061) (39919665) (2612031)   ;(00000000011100010010111000110001) (34227061) (7417393) (712E31)   ;(00000000100000010010110000110001) (40226061) (8465457) (812C31)   ;(00000000101000010010101000110001) (50225061) (10562097) (A12A31)   ;(00000000101100010010100000110001) (54224061) (11610161) (B12831)   ;
;440;(00000000110000010010011000110001) (60223061) (12658225) (C12631)    ;(00000000110100010010010000110001) (64222061) (13706289) (D12431)   ;(00000000111000010010001000110001) (70221061) (14754353) (E12231)   ;(00000000111100010010000000110001) (74220061) (15802417) (F12031)   ;(00110100001000000010010001110011) (2115054867) (874521715) (34202473)   ;(10000000000000000000011110111011) (-1335323161) (-2147481669) (-7-15-15-15-15-8-4-5)   ;(00000000011101111000011110110010) (35703662) (7833522) (7787B2)   ;(11111111111111100000011100111011) (-374305) (-129221) (-1-15-8-12-5)   ;
;448;(00001000111101000001111001110001) (1075017161) (150216305) (8F41E71)    ;(00000000100001110010011110110000) (41623660) (8857520) (8727B0)   ;(00000001000001111001011100110010) (101713462) (17274674) (1079732)   ;(00000000000001110101101001110001) (1655161) (481905) (75A71)   ;(11111111111111000000011100111011) (-774305) (-260293) (-3-15-8-12-5)   ;(00000000010001110010011110110000) (21623660) (4663216) (4727B0)   ;(00000000000101111100011110110010) (5743662) (1558450) (17C7B2)   ;(00000000111101110010001000110001) (75621061) (16196145) (F72231)   ;
;456;(11111111111111100000010000111011) (-375705) (-129989) (-1-15-11-12-5)    ;(00000000100001000010011110110000) (41023660) (8660912) (8427B0)   ;(00000000111101111001011100110010) (75713462) (16226098) (F79732)   ;(00000010000001110101111001110001) (201657161) (34037361) (2075E71)   ;(11001001010111111111000011111101) (1939927189) (-916459267) (-3-6-1000-150-3)   ;(00000000000001000010011110110000) (1023660) (272304) (427B0)   ;(00000000001001111101011110110010) (11753662) (2611122) (27D7B2)   ;(00000000101001111000010100110011) (51702463) (10978611) (A78533)   ;
;464;(00000000111101010011011110110011) (75233663) (16070579) (F537B3)    ;(00000000101101111000011110110011) (55703663) (12027827) (B787B3)   ;(11110001010000000010011101110011) (-1657754215) (-247453837) (-14-11-15-13-8-8-13)   ;(11111111111101000100011010111011) (-2734505) (-768325) (-11-11-9-4-5)   ;(00000000001101110001011100110010) (15613462) (3610418) (371732)   ;(00000000110101110000011100110011) (65603463) (14092083) (D70733)   ;(11111111111100000000011010110010) (-3774516) (-1046862) (-15-15-9-4-14)   ;(00000000110101110010000000110001) (65620061) (14098481) (D72031)   ;
;472;(00000000111101110010001000110001) (75621061) (16196145) (F72231)    ;(00000000101001110010000000110001) (51620061) (10952753) (A72031)   ;(00000001100000010010010000110000) (140222060) (25240624) (1812430)   ;(00000010100000010010000010110000) (240220260) (42016944) (28120B0)   ;(00000010010000010010001010110000) (220221260) (37823152) (24122B0)   ;(00000010000000010010001100110000) (200221460) (33628976) (2012330)   ;(00000001110000010010001110110000) (160221660) (29434800) (1C123B0)   ;(00000001010000010010010100110000) (120222460) (21046576) (1412530)   ;
;480;(00000001000000010010010110110000) (100222660) (16852400) (10125B0)    ;(00000000110000010010011000110000) (60223060) (12658224) (C12630)   ;(00000000100000010010011010110000) (40223260) (8464048) (8126B0)   ;(00000000010000010010011100110000) (20223460) (4269872) (412730)   ;(00000000000000010010011110110000) (223660) (75696) (127B0)   ;(00000010110000010000000100110010) (260200462) (46203186) (2C10132)   ;(00110000001000000000000001110011) (1715032867) (807403635) (30200073)   ;(00000000100001110010011110110000) (41623660) (8857520) (8727B0)   ;
;488;(00000000111001111001011100110010) (71713462) (15177522) (E79732)    ;(00000100000001110101101001110001) (401655161) (67590769) (4075A71)   ;(11111111111000000001010100111011) (-7765305) (-2091717) (-1-15-14-10-12-5)   ;(11010100100001010000010100110010) (-1041608020) (-729479886) (-2-11-7-10-15-10-12-14)   ;(10100011110111111111000011111101) (-1262523755) (-1545604867) (-5-12-200-150-3)   ;(00000000000001000000010100110010) (1002462) (263474) (40532)   ;(10111010100111111111000011111101) (1617476245) (-1163923203) (-4-5-600-150-3)   ;(00000010000000000000010100110010) (200002462) (33555762) (2000532)   ;
;496;(10011110010111111111000011111101) (-2002523755) (-1637879555) (-6-1-1000-150-3)    ;(00110100000100000010010101110011) (2109055267) (873473395) (34102573)   ;(10111001100111111111000011111101) (1517476245) (-1180700419) (-4-6-600-150-3)   ;(00000010000000000000010100110010) (200002462) (33555762) (2000532)   ;(10011101010111111111000011111101) (-2102523755) (-1654656771) (-6-2-1000-150-3)   ;(00110100101000000010010101110011) (-2139912029) (882910579) (34A02573)   ;(10111000100111111111000011111101) (1417476245) (-1197477635) (-4-7-600-150-3)   ;(00000010000000000000010100110010) (200002462) (33555762) (2000532)   ;
;504;(10011100010111111111000011111101) (2092443541) (-1671433987) (-6-3-1000-150-3)    ;(00110100001100000010010101110011) (2119055267) (875570547) (34302573)   ;(10110111100111111111000011111101) (1117476245) (-1214254851) (-4-8-600-150-3)   ;(11111111111000000001010100111011) (-7765305) (-2091717) (-1-15-14-10-12-5)   ;(11010110010001010000010100110010) (-861608020) (-700119758) (-2-9-11-10-15-10-12-14)   ;(10011111100111111111000011111101) (-1882523755) (-1616908035) (-60-600-150-3)   ;(11111111111111100000011110111011) (-374105) (-129093) (-1-15-8-4-5)   ;(00000000100001111010011110110000) (41723660) (8890288) (87A7B0)   ;
;512;(00000001000001111001011100110010) (101713462) (17274674) (1079732)    ;(00000000000001110101100001110001) (1654161) (481393) (75871)   ;(11111111111111000000011110111011) (-774105) (-260165) (-3-15-8-4-5)   ;(00000000000100000000011100110010) (4003462) (1050418) (100732)   ;(00000000111001111010001000110001) (71721061) (15180337) (E7A231)   ;(10001111110111111111000001111101) (432443341) (-1881149315) (-70-200-15-8-3)   ;(10000000000000000000011110111011) (-1335323161) (-2147481669) (-7-15-15-15-15-8-4-5)   ;(00000000100001111010011110110000) (41723660) (8890288) (87A7B0)   ;
;520;(11111111100000010000000100110010) (-37577316) (-8322766) (-7-14-15-14-12-14)    ;(00000000000100010010001000110001) (4221061) (1122865) (112231)   ;(00000000100000010010000000110001) (40220061) (8462385) (812031)   ;(00000000000001111001111001110001) (1717161) (499313) (79E71)   ;(11111111111000000001010100111011) (-7765305) (-2091717) (-1-15-14-10-12-5)   ;(11010110110001010000010100110010) (-821608020) (-691731150) (-2-9-3-10-15-10-12-14)   ;(10011011010111111111000011111101) (1992443541) (-1688211203) (-6-4-1000-150-3)   ;(10001110010111111111000011111101) (292443541) (-1906315011) (-7-1-1000-150-3)   ;
;528;(00000111100100000000011110110010) (744003662) (126879666) (79007B2)    ;(00000110111101010001010001110001) (675212161) (116724849) (6F51471)   ;(10000000000000000000011110111011) (-1335323161) (-2147481669) (-7-15-15-15-15-8-4-5)   ;(00000000010001111010010000110000) (21722060) (4695088) (47A430)   ;(00000000000000000010011110111011) (23673) (10171) (27BB)   ;(10000000000001111000011110110010) (-1333623172) (-2146990158) (-7-15-15-8-7-8-4-14)   ;(00110000000001111001000001110011) (1706742867) (805802099) (30079073)   ;(11111111111111100000011110111011) (-374105) (-129093) (-1-15-8-4-5)   ;
;536;(00000000100001111010011110110000) (41723660) (8890288) (87A7B0)    ;(00000001000001111001011100110010) (101713462) (17274674) (1079732)   ;(00000000000001110101011001110001) (1653161) (480881) (75671)   ;(11111111111111000000011110111011) (-774105) (-260165) (-3-15-8-4-5)   ;(00000000000001111010001000110001) (1721061) (500273) (7A231)   ;(11111111111000000001010100111011) (-7765305) (-2091717) (-1-15-14-10-12-5)   ;(11011001000001010000010100110010) (-381608020) (-653982414) (-2-6-15-10-15-10-12-14)   ;(10010111000111111111000011111101) (1372443541) (-1759514371) (-6-8-1400-150-3)   ;
;544;(00000000000001000000010100110010) (1002462) (263474) (40532)    ;(10101101110111111111000011111101) (-62523755) (-1377832707) (-5-2-200-150-3)   ;(11111111111000000001010100111011) (-7765305) (-2091717) (-1-15-14-10-12-5)   ;(11011010000001010000010100110010) (-281608020) (-637205198) (-2-5-15-10-15-10-12-14)   ;(10010101110111111111000011111101) (1232443541) (-1780485891) (-6-10-200-150-3)   ;(11111111111101010000011100111011) (-2574305) (-719045) (-10-15-8-12-5)   ;(00000000000001110010011110110000) (1623660) (468912) (727B0)   ;(11111110000001111100111011110001) (-176030417) (-33042703) (-1-15-8-3-10-15)   ;
;552;(00000000000000000001000000111100) (10074) (4156) (103C)    ;(00110100000101000001000001110011) (2110042867) (873730163) (34141073)   ;(00110000001000000000000001110011) (1715032867) (807403635) (30200073)   ;(00000000010000010010000010110000) (20220260) (4268208) (4120B0)   ;(00000000000000010010010000110000) (222060) (74800) (12430)   ;(00000000100000010000000100110010) (40200462) (8454450) (810132)   ;(00000000000000001000000001111001) (100171) (32889) (8079)   ;(11111110010000010000000100110010) (-157577316) (-29294286) (-1-11-14-15-14-12-14)   ;
;560;(11111111111000000000011110111011) (-7774105) (-2095173) (-1-15-15-8-4-5)    ;(00000000000100010010110000110001) (4226061) (1125425) (112C31)   ;(00000000100000010010101000110001) (40225061) (8464945) (812A31)   ;(00000000100100010010100000110001) (44224061) (9513009) (912831)   ;(01101100000001111000011110110010) (-1040747282) (1812432818) (6C0787B2)   ;(00110000010101111001000001110011) (1730742867) (811044979) (30579073)   ;(11111111111111100000011110111011) (-374105) (-129093) (-1-15-8-4-5)   ;(00000000100001111010011110110000) (41723660) (8890288) (87A7B0)   ;
;568;(00000001000001111001011100110010) (101713462) (17274674) (1079732)    ;(00000000000001110101101001110001) (1655161) (481905) (75A71)   ;(11111111111111000000011110111011) (-774105) (-260165) (-3-15-8-4-5)   ;(00000000000100000000011100110010) (4003462) (1050418) (100732)   ;(00000000111001111010010000110001) (71722061) (15180849) (E7A431)   ;(00000000111001111010001000110001) (71721061) (15180337) (E7A231)   ;(11111111111111100000011110111011) (-374105) (-129093) (-1-15-8-4-5)   ;(00000000100001111010011100110000) (41723460) (8890160) (87A730)   ;
;576;(00000000111001110001011010110010) (71613262) (15144626) (E716B2)    ;(00000100000001101101110001110001) (401556161) (67558513) (406DC71)   ;(11111111111101010000011100111011) (-2574305) (-719045) (-10-15-8-12-5)   ;(00000000000001110010000000110001) (1620061) (466993) (72031)   ;(11111111111111110111011000111011) (-104705) (-35269) (-8-9-12-5)   ;(00000000000000001001011100111011) (113473) (38715) (973B)   ;(00000000000001111010011010110000) (1723260) (501424) (7A6B0)   ;(01011111111101110000011100110010) (1628119814) (1610024754) (5FF70732)   ;
;584;(00000000000000000000011110110010) (3662) (1970) (7B2)    ;(10100000000001100000011000110010) (-1628891068) (-1610217934) (-5-15-15-9-15-9-12-14)   ;(00010010110101110110011001110001) (-2029304135) (316106353) (12D76671)   ;(00000000000000000000011100110010) (3462) (1842) (732)   ;(00111111111000000000011000110010) (-819931530) (1071646258) (3FE00632)   ;(00010010111101100110011001110001) (-2019504135) (318137969) (12F66671)   ;(11111111111101111000011110110010) (-2074116) (-555086) (-8-7-8-4-14)   ;(00111111111101111111011110110010) (-814160930) (1073215410) (3FF7F7B2)   ;
;592;(00000000001101110001011100110010) (15613462) (3610418) (371732)    ;(00000001100001110111011100110010) (141673462) (25655090) (1877732)   ;(00000000011001111001011110110010) (31713662) (6789042) (6797B2)   ;(00000000111001111110011110110011) (71763663) (15198131) (E7E7B3)   ;(00000000000101111110011110110010) (5763662) (1566642) (17E7B2)   ;(11111111111101010000011100111011) (-2574305) (-719045) (-10-15-8-12-5)   ;(00000000111101110010000000110001) (75620061) (16195633) (F72031)   ;(11111111111111100000011110111011) (-374105) (-129093) (-1-15-8-4-5)   ;
;600;(00000000100001111010011100110000) (41723460) (8890160) (87A730)    ;(00000000111101110001011010110010) (75613262) (16193202) (F716B2)   ;(00000010000001101101101001110001) (201555161) (34003569) (206DA71)   ;(11111111111101001100011100111011) (-2634305) (-735429) (-11-3-8-12-5)   ;(11111110000001110010110000110001) (-176151717) (-33084367) (-1-15-8-13-3-12-15)   ;(11111110000001110010111000110001) (-176150717) (-33083855) (-1-15-8-13-1-12-15)   ;(00000000000001111010011110110000) (1723660) (501680) (7A7B0)   ;(11111111111101000100011100111011) (-2734305) (-768197) (-11-11-8-12-5)   ;
;608;(00000000001001111101011110110010) (11753662) (2611122) (27D7B2)    ;(00000000111101110010000000110001) (75620061) (16195633) (F72031)   ;(00000000000001110010001000110001) (1621061) (467505) (72231)   ;(00001000000000000000011110110010) (1000003662) (134219698) (80007B2)   ;(00110000010001111001000001110011) (1726742867) (809996403) (30479073)   ;(00000000100000000000011110110010) (40003662) (8390578) (8007B2)   ;(00110000000001111010000001110011) (1706752867) (805806195) (3007A073)   ;(11111111111000000001010100111011) (-7765305) (-2091717) (-1-15-14-10-12-5)   ;
;616;(11011010100001010000010100110010) (-241608020) (-628816590) (-2-5-7-10-15-10-12-14)    ;(10000100100111111111000011111101) (-887556459) (-2069892867) (-7-11-600-150-3)   ;(11111111111000000001010100111011) (-7765305) (-2091717) (-1-15-14-10-12-5)   ;(11011101010001010000010100110010) (38391980) (-582679246) (-2-2-11-10-15-10-12-14)   ;(10000011110111111111000011111101) (-967556459) (-2082475779) (-7-12-200-150-3)   ;(11111111111111100000010000111011) (-375705) (-129989) (-1-15-11-12-5)   ;(00000000100001000010011110110000) (41023660) (8660912) (8427B0)   ;(00000000111101111001011100110010) (75713462) (16226098) (F79732)   ;
;624;(00001100000001110101100001110001) (1401654161) (201807985) (C075871)    ;(11111111111000000001010100111011) (-7765305) (-2091717) (-1-15-14-10-12-5)   ;(11011110000001010000010100110010) (118391980) (-570096334) (-2-1-15-10-15-10-12-14)   ;(10000010000111111111000011111101) (-1127556459) (-2111835907) (-7-13-1400-150-3)   ;(10011111010111111111000011111101) (-1902523755) (-1621102339) (-60-1000-150-3)   ;(00000000000001000010010000110000) (1022060) (271408) (42430)   ;(00000000001101000001010000110010) (15012062) (3413042) (341432)   ;(00000000101001000000010010110011) (51002263) (10749107) (A404B3)   ;
;632;(00000000100001001011010000110011) (41132063) (8696883) (84B433)    ;(00000000101101000000010000110011) (55002063) (11797555) (B40433)   ;(11111111111111100000011110111011) (-374105) (-129093) (-1-15-8-4-5)   ;(00000000100001111010011110110000) (41723660) (8890288) (87A7B0)   ;(00000000111001111001011100110010) (71713462) (15177522) (E79732)   ;(00001000000001110101011001110001) (1001653161) (134698609) (8075671)   ;(11111111111101010000011110111011) (-2574105) (-718917) (-10-15-8-4-5)   ;(00000000000001111010011100110000) (1723460) (501552) (7A730)   ;
;640;(00000000111101110001011010110010) (75613262) (16193202) (F716B2)    ;(00000110000001101101111001110001) (601557161) (101113457) (606DE71)   ;(11111111111000000001010100111011) (-7765305) (-2091717) (-1-15-14-10-12-5)   ;(00000000010001111010011110110000) (21723660) (4695984) (47A7B0)   ;(11100000010001010000010100110010) (538391980) (-532347598) (-1-15-11-10-15-10-12-14)   ;(11111101100011111111000011111101) (-234007403) (-40898307) (-2-700-150-3)   ;(11111111111000000001010100111011) (-7765305) (-2091717) (-1-15-14-10-12-5)   ;(11100011100001010000010100110010) (858391980) (-477821646) (-1-12-7-10-15-10-12-14)   ;
;648;(11111100110011111111000011111101) (-314007403) (-53481219) (-3-300-150-3)    ;(11111111111000000001010100111011) (-7765305) (-2091717) (-1-15-14-10-12-5)   ;(11100100110001010000010100110010) (978391980) (-456850126) (-1-11-3-10-15-10-12-14)   ;(11111100000011111111000011111101) (-374007403) (-66064131) (-3-1500-150-3)   ;(11101111000011111111000011111101) (-2074007403) (-284167939) (-10-1500-150-3)   ;(00000000000001010000010000110010) (1202062) (328754) (50432)   ;(11110110110011111111000011111101) (-1114007403) (-154144515) (-9-300-150-3)   ;(00000000101000000000010100110010) (50002462) (10487090) (A00532)   ;
;656;(11110110010011111111000011111101) (-1154007403) (-162533123) (-9-1100-150-3)    ;(00000111001000000000011110110010) (710003662) (119539634) (72007B2)   ;(00000110111101000001111001110001) (675017161) (116661873) (6F41E71)   ;(11111111111000000000001010111011) (-7776505) (-2096453) (-1-15-15-13-4-5)   ;(00000000000000101000000001111001) (500171) (163961) (28079)   ;(00000000110001101000011010110011) (61503263) (13010611) (C686B3)   ;(00000000000101111000011110110010) (5703662) (1542066) (1787B2)   ;(11101100110111111111000001111101) (1984959693) (-320868227) (-1-3-200-15-8-3)   ;
;664;(11111111111001110000011010110010) (-6174516) (-1636686) (-1-8-15-9-4-14)    ;(11111111110101101111011010110010) (-12204516) (-2689358) (-2-90-9-4-14)   ;(00000000000001101001100001110001) (1514161) (432241) (69871)   ;(00000000001101111101011110110010) (15753662) (3659698) (37D7B2)   ;(00000000000101110000011100110010) (5603462) (1509170) (170732)   ;(11101100000111111111000001111101) (1924959693) (-333451139) (-1-3-1400-15-8-3)   ;(00000000000101111101011110110010) (5753662) (1562546) (17D7B2)   ;(11111111010111111111000001111101) (-50007603) (-10489731) (-1000-15-8-3)   ;
;672;(10010100010111111111000011111101) (1092443541) (-1805651715) (-6-11-1000-150-3)    ;(11110110100001011110001011110001) (-1136416417) (-158997775) (-9-7-10-1-130-15)   ;(00000000101101000001010001110001) (55012161) (11801713) (B41471)   ;(11110100100101010110111011110001) (-1332510417) (-191533327) (-11-6-10-9-10-15)   ;(00000000101000000000010100110010) (50002462) (10487090) (A00532)   ;(11110001000011111111000011111101) (-1674007403) (-250613507) (-14-1500-150-3)   ;(11111111111000000001010100111011) (-7765305) (-2091717) (-1-15-14-10-12-5)   ;(11100001000001010000010100110010) (618391980) (-519764686) (-1-14-15-10-15-10-12-14)   ;
;680;(11110100110011111111000011111101) (-1314007403) (-187698947) (-11-300-150-3)    ;(11111111111000000000010110111011) (-7775105) (-2095685) (-1-15-15-10-4-5)   ;(11111111111000000000010100111011) (-7775305) (-2095813) (-1-15-15-10-12-5)   ;(01010100100001011000010110110010) (293819014) (1418036658) (548585B2)   ;(01001000110001010000010100110010) (-1086281186) (1220871474) (48C50532)   ;(11110110110011111111000011111101) (-1114007403) (-154144515) (-9-300-150-3)   ;(11110110000001010001000011110001) (-1176567417) (-167440143) (-9-15-10-14-150-15)   ;(11010101110111111111000011111101) (-915040107) (-706744067) (-2-10-200-150-3)   ;
;688;(11110101100111111111000001111101) (-1230007603) (-174067587) (-10-600-15-8-3)    ;(00000111010100000000011110110010) (724003662) (122685362) (75007B2)   ;(00000010111101000001011001110001) (275013161) (49550961) (2F41671)   ;(11111111111000000001010100111011) (-7765305) (-2091717) (-1-15-14-10-12-5)   ;(11100101010001010000010100110010) (1038391980) (-448461518) (-1-10-11-10-15-10-12-14)   ;(11110001100011111111000011111101) (-1634007403) (-242224899) (-14-700-150-3)   ;(11111111111000000000010110111011) (-7775105) (-2095685) (-1-15-15-10-4-5)   ;(11111111111000000000010100111011) (-7775305) (-2095813) (-1-15-15-10-12-5)   ;
;696;(00010101000001011000010110110010) (-1793664634) (352683442) (150585B2)    ;(00010001100001010000010100110010) (2141202462) (293930290) (11850532)   ;(11110011100011111111000011111101) (-1434007403) (-208670467) (-12-700-150-3)   ;(11110010000001010000110011110001) (-1576571417) (-234550031) (-13-15-10-15-30-15)   ;(00000000000100000000000001110011) (4000163) (1048691) (100073)   ;(00000110010100000000011110110010) (624003662) (105908146) (65007B2)   ;(00000000111101000001011001110001) (75013161) (15996529) (F41671)   ;(11010001110111111111000011111101) (-1315040107) (-773852931) (-2-14-200-150-3)   ;
;704;(11110010010111111111000001111101) (-1550007603) (-228593539) (-13-1000-15-8-3)    ;(00000111100000000000011110110010) (740003662) (125831090) (78007B2)   ;(11111110111101000000010011110001) (-102775417) (-17562383) (-10-11-15-110-15)   ;(00000110100000000000011110110010) (640003662) (109053874) (68007B2)   ;(00000000111101000001100001110001) (75014161) (15997041) (F41871)   ;(11111111111000000001010100111011) (-7765305) (-2091717) (-1-15-14-10-12-5)   ;(11100111010001010000010100110010) (1238391980) (-414907086) (-1-8-11-10-15-10-12-14)   ;(11110000010111111111000001111101) (-1750007603) (-262147971) (-15-1000-15-8-3)   ;
;712;(00000110100100000000011110110010) (644003662) (110102450) (69007B2)    ;(00001000111101000001011001110001) (1075013161) (150214257) (8F41671)   ;(11111111111000000001010100111011) (-7765305) (-2091717) (-1-15-14-10-12-5)   ;(11110000010001010000010100110010) (-1756575316) (-263912142) (-15-11-10-15-10-12-14)   ;(11101011110011111111000011111101) (1880959893) (-338693891) (-1-4-300-150-3)   ;(11110001001100000010010101110011) (-1663755215) (-248502925) (-14-12-15-13-10-8-13)   ;(10000010100111111111000011111101) (-1087556459) (-2103447299) (-7-13-600-150-3)   ;(11111111111000000001010100111011) (-7765305) (-2091717) (-1-15-14-10-12-5)   ;
;720;(11110000110001010000010100110010) (-1716575316) (-255523534) (-15-3-10-15-10-12-14)    ;(11101010100011111111000011111101) (1760959893) (-359665411) (-1-5-700-150-3)   ;(11111111111111100000010000111011) (-375705) (-129989) (-1-15-11-12-5)   ;(00000000000001000010010100110000) (1022460) (271664) (42530)   ;(10000001000111111111000011111101) (-1227556459) (-2128613123) (-7-14-1400-150-3)   ;(11111111111000000001010100111011) (-7765305) (-2091717) (-1-15-14-10-12-5)   ;(11110001010001010000010100110010) (-1656575316) (-247134926) (-14-11-10-15-10-12-14)   ;(11101001000011111111000011111101) (1620959893) (-384831235) (-1-6-1500-150-3)   ;
;728;(00110000000100000010010101110011) (1709055267) (806364531) (30102573)    ;(11111111110011111111000011111101) (-14007403) (-3149571) (-300-150-3)   ;(11111111111000000001010100111011) (-7765305) (-2091717) (-1-15-14-10-12-5)   ;(11110001110001010000010100110010) (-1616575316) (-238746318) (-14-3-10-15-10-12-14)   ;(11100111110011111111000011111101) (1280959893) (-405802755) (-1-8-300-150-3)   ;(11111100000000000010010101110011) (-377755215) (-67099277) (-3-15-15-13-10-8-13)   ;(11111110100011111111000011111101) (-134007403) (-24121091) (-1-700-150-3)   ;(11111111111000000001010100111011) (-7765305) (-2091717) (-1-15-14-10-12-5)   ;
;736;(11110010010001010000010100110010) (-1556575316) (-230357710) (-13-11-10-15-10-12-14)    ;(11100110100011111111000011111101) (1160959893) (-426774275) (-1-9-700-150-3)   ;(00000000100001000010010100110000) (41022460) (8660272) (842530)   ;(11111101010011111111000011111101) (-254007403) (-45092611) (-2-1100-150-3)   ;(11111111111000000001010100111011) (-7765305) (-2091717) (-1-15-14-10-12-5)   ;(11110010110001010000010100110010) (-1516575316) (-221969102) (-13-3-10-15-10-12-14)   ;(11100101010011111111000011111101) (1040959893) (-447745795) (-1-10-1100-150-3)   ;(00000000010001000010010100110000) (21022460) (4465968) (442530)   ;
;744;(11111100000011111111000011111101) (-374007403) (-66064131) (-3-1500-150-3)    ;(11111111111000000001010100111011) (-7765305) (-2091717) (-1-15-14-10-12-5)   ;(11011010010001010000010100110010) (-261608020) (-633010894) (-2-5-11-10-15-10-12-14)   ;(11100111010111111111000001111101) (1244959693) (-413142915) (-1-8-1000-15-8-3)   ;(00000111001100000000011110110010) (714003662) (120588210) (73007B2)   ;(00010010111101000001010001110001) (-2019955135) (317985905) (12F41471)   ;(10000000000000000000011110111011) (-1335323161) (-2147481669) (-7-15-15-15-15-8-4-5)   ;(00000000100001111010011110110000) (41723660) (8890288) (87A7B0)   ;
;752;(00000000111100010010000000110001) (74220061) (15802417) (F12031)    ;(00000000000001111001100001110001) (1714161) (497777) (79871)   ;(11111111111000000001010100111011) (-7765305) (-2091717) (-1-15-14-10-12-5)   ;(11110011010001010000010100110010) (-1456575316) (-213580494) (-12-11-10-15-10-12-14)   ;(11100101000111111111000001111101) (1024959693) (-450891651) (-1-10-1400-15-8-3)   ;(10001011100111111111000011111101) (12443541) (-1952452355) (-7-4-600-150-3)   ;(00000000000001010000100001110001) (1204161) (329841) (50871)   ;(11111111111000000001010100111011) (-7765305) (-2091717) (-1-15-14-10-12-5)   ;
;760;(11010000100001010000010100110010) (-1441608020) (-796588750) (-2-15-7-10-15-10-12-14)    ;(11100011110111111111000001111101) (884959693) (-471863171) (-1-12-200-15-8-3)   ;(10000000000000000000011110111011) (-1335323161) (-2147481669) (-7-15-15-15-15-8-4-5)   ;(00000000010001111010011110110000) (21723660) (4695984) (47A7B0)   ;(10000000000000000000010010111011) (-1335324561) (-2147482437) (-7-15-15-15-15-11-4-5)   ;(11111111111000000001010100111011) (-7765305) (-2091717) (-1-15-14-10-12-5)   ;(00000000111100010010001000110001) (74221061) (15802929) (F12231)   ;(00000000000001001010011110110000) (1123660) (305072) (4A7B0)   ;
;768;(11110100010001010000010100110010) (-1356575316) (-196803278) (-11-11-10-15-10-12-14)    ;(00000000111100010010010000110001) (74222061) (15803441) (F12431)   ;(11011110010011111111000011111101) (140959893) (-565186307) (-2-1-1100-150-3)   ;(00000000000000010010010100110000) (222460) (75056) (12530)   ;(11110101000011111111000011111101) (-1274007403) (-183504643) (-10-1500-150-3)   ;(11111111111000000001010100111011) (-7765305) (-2091717) (-1-15-14-10-12-5)   ;(11110100110001010000010100110010) (-1316575316) (-188414670) (-11-3-10-15-10-12-14)   ;(11011101000011111111000011111101) (20959893) (-586157827) (-2-2-1500-150-3)   ;
;776;(00000000010000010010010100110000) (20222460) (4269360) (412530)    ;(11110011110011111111000011111101) (-1414007403) (-204476163) (-12-300-150-3)   ;(11111111111000000001010100111011) (-7765305) (-2091717) (-1-15-14-10-12-5)   ;(11110101110001010000010100110010) (-1216575316) (-171637454) (-10-3-10-15-10-12-14)   ;(11011011110011111111000011111101) (-119040107) (-607129347) (-2-4-300-150-3)   ;(00000000100000010010010100110000) (40222460) (8463664) (812530)   ;(11110010100011111111000011111101) (-1534007403) (-225447683) (-13-700-150-3)   ;(11111111111000000001010100111011) (-7765305) (-2091717) (-1-15-14-10-12-5)   ;
;784;(11110110100001010000010100110010) (-1136575316) (-159054542) (-9-7-10-15-10-12-14)    ;(11011010100011111111000011111101) (-239040107) (-628100867) (-2-5-700-150-3)   ;(11001101100011111111000011111101) (-1939040107) (-846204675) (-3-2-700-150-3)   ;(00000111100100000000011100110010) (744003462) (126879538) (7900732)   ;(11011100111001010001101011110001) (-11595121) (-588965135) (-2-3-1-10-14-50-15)   ;(11111111111000000001010100111011) (-7765305) (-2091717) (-1-15-14-10-12-5)   ;(11110111010001010000010100110010) (-1056575316) (-146471630) (-8-11-10-15-10-12-14)   ;(11011001000011111111000011111101) (-379040107) (-653266691) (-2-6-1500-150-3)   ;
;792;(10010110010111111111000011111101) (1292443541) (-1772097283) (-6-9-1000-150-3)    ;(00001111111100000000000000111100) (1774000074) (267386940) (FF0003C)   ;(00000000000001001010011100110000) (1123460) (304944) (4A730)   ;(00000000010000010010010000110000) (20222060) (4269104) (412430)   ;(00000001000001110000011100110010) (101603462) (17237810) (1070732)   ;(00000000111001001010000000110001) (71120061) (14983217) (E4A031)   ;(00000000000000000000011100110010) (3462) (1842) (732)   ;(00000000010000010010011110110000) (20223660) (4270000) (4127B0)   ;
;800;(00000000111000010010011000110001) (70223061) (14755377) (E12631)    ;(00000000111001111000010100110011) (71702463) (15172915) (E78533)   ;(00000000000001010010010100110000) (1222460) (337200) (52530)   ;(00000000101001000000010000110011) (51002063) (10748979) (A40433)   ;(10011011100111111111000011111101) (2012443541) (-1684016899) (-6-4-600-150-3)   ;(00000000110000010010011100110000) (60223460) (12658480) (C12730)   ;(00000000000000010010011110110000) (223660) (75696) (127B0)   ;(00000000010001110000011100110010) (21603462) (4654898) (470732)   ;
;808;(11111100111101110110111011110001) (-302110417) (-50893071) (-30-8-9-10-15)    ;(00000000100000010010011110110000) (40223660) (8464304) (8127B0)   ;(00100001010011110100010100111011) (-171324823) (558843195) (214F453B)   ;(01010100111001010000010100110010) (323718814) (1424295218) (54E50532)   ;(00000000111101001010000000110001) (75120061) (16031793) (F4A031)   ;(10011001010111111111000011111101) (1792443541) (-1721765635) (-6-6-1000-150-3)   ;(00000000010000010010010100110000) (20222460) (4269360) (412530)   ;(10011000110111111111000011111101) (1732443541) (-1730154243) (-6-7-200-150-3)   ;
;816;(00000000000000010010010100110000) (222460) (75056) (12530)    ;(10011000010111111111000011111101) (1692443541) (-1738542851) (-6-7-1000-150-3)   ;(11111111111101000100010100110010) (-2735316) (-768718) (-11-11-10-12-14)   ;(10010111110111111111000011111101) (1432443541) (-1746931459) (-6-8-200-150-3)   ;(11111111111000000001010100111011) (-7765305) (-2091717) (-1-15-14-10-12-5)   ;(11010100010001010000010100110010) (-1061608020) (-733674190) (-2-11-11-10-15-10-12-14)   ;(11010100100111111111000001111101) (-1035040307) (-727715715) (-2-11-600-15-8-3)   ;(00000110110000000000011110110010) (660003662) (113248178) (6C007B2)   ;
;824;(11010100111101000001001011110001) (-1007799121) (-722201871) (-2-110-11-14-130-15)    ;(11111111111000000001010100111011) (-7765305) (-2091717) (-1-15-14-10-12-5)   ;(11100001000001010000010100110010) (618391980) (-519764686) (-1-14-15-10-15-10-12-14)   ;(11010000000011111111000011111101) (-1479040107) (-804261635) (-2-15-1500-150-3)   ;(11111111111000000000010110111011) (-7775105) (-2095685) (-1-15-15-10-4-5)   ;(11111111111000000000010100111011) (-7775305) (-2095813) (-1-15-15-10-12-5)   ;(01010100100001011000010110110010) (293819014) (1418036658) (548585B2)   ;(01001000110001010000010100110010) (-1086281186) (1220871474) (48C50532)   ;
;832;(11010010000011111111000011111101) (-1279040107) (-770707203) (-2-13-1500-150-3)    ;(11010010000111111111000001111101) (-1275040307) (-769658755) (-2-13-1400-15-8-3)   ;(01010010010100100100010100111000) (76958822) (1381123384) (52524538)   ;(01000100010111110101001001111100) (-1719832474) (1147097724) (445F527C)   ;(01000011010010010101011001101000) (-1825230498) (1128879720) (43495668)   ;(00000000000000000000101001101000) (5150) (2664) (A68)   ;(00000000000000000000000000000000) (0) (0) (00)   ;(01010010010100100100010100111000) (76958822) (1381123384) (52524538)   ;
;840;(01010011010111110101001001111100) (180167526) (1398755964) (535F527C)    ;(01000001010011100100011101100100) (-2024040104) (1095649124) (414E4764)   ;(01000101010100100101010101001010) (-1623031136) (1163023690) (4552554A)   ;(00000000000000000000000000010100) (24) (20) (14)   ;(01010010010100100100010100111000) (76958822) (1381123384) (52524538)   ;(01000011010111110101001001111100) (-1819832474) (1130320508) (435F527C)   ;(01001011010000110100010101000100) (-826841144) (1262699844) (4B434544)   ;(00001010010011010101010101110010) (1223252562) (172840306) (A4D5572)   ;
;848;(00000000000000000000000000000000) (0) (0) (00)    ;(00000000000010100100101101111100) (2445574) (674684) (A4B7C)   ;(01011011000110110000011100010100) (1159119776) (1528497940) (5B1B0714)   ;(00110001001100110011101100100011) (1819668147) (825441059) (31333B23)   ;(01010010010100100100010101101101) (76958907) (1381123437) (5252456D)   ;(01000101010111110101001001111100) (-1619832474) (1163874940) (455F527C)   ;(01010000010001010100001101000110) (-126242142) (1346716486) (50454346)   ;(01001110010011110100100101001010) (-523839136) (1313818954) (4E4F494A)   ;
;856;(00000000000000000000000000000001) (1) (1) (01)    ;(01101101001100000101101100110110) (-928395478) (1831885622) (6D305B36)   ;(00000000000000000000000000010100) (24) (20) (14)   ;(01100101001000000110111101011100) (-1932383410) (1696624476) (65206F5C)   ;(01110101011000110110010101000111) (88211563) (1969448263) (75636547)   ;(01101100011000100110000101001011) (-1011990431) (1818386763) (6C62614B)   ;(01000010001000000010111001101001) (-1937456497) (1109405289) (42202E69)   ;(00100000011101000110111101111101) (-259899721) (544501629) (20746F7D)   ;
;864;(01110111011110010110111001100001) (293816197) (2004446817) (77796E61)    ;(00100000001111110111100101100001) (-277292755) (541030753) (203F7961)   ;(01101110001011110111100100000101) (-828776539) (1848604933) (6E2F7905)   ;(00000000000000000000101000100101) (5045) (2597) (A25)   ;(01110100011011110110111101010000) (-8783424) (1953460048) (746F6F50)   ;(00100000011001110110111001100101) (-263300151) (543649381) (20676E65)   ;(01101101011011110111001001011001) (-908779813) (1836020313) (6D6F7259)   ;(00000000000000000000000000000001) (1) (1) (01)   ;
;872;(00001010001011100010111000011101) (1213427035) (170798621) (A2E2E1D)    ;(00000000000000000000000000010100) (24) (20) (14)   ;(01001110000010100000101000010100) (-545078624) (1309280788) (4E0A0A14)   ;(01010110010100100100111101101000) (476963902) (1448234856) (56524F68)   ;(01000010001000000011001000110011) (-1937452585) (1109406259) (42203233)   ;(01101100011101000110111101111101) (-1007383369) (1819570045) (6C746F7D)   ;(01100101011001000110000101111101) (-1911390369) (1701077373) (6564617D)   ;(01110101011000100000101001010011) (87954179) (1969359443) (75620A53)   ;
;880;(00111010011001000110110001100101) (-1358868447) (979659877) (3A646C65)    ;(01110010011000010100110100000001) (-212204543) (1918979329) (72614D01)   ;(00100000001110000011001000000001) (-278936295) (540553729) (20383201)   ;(00110110001100100011000000010011) (-1975504569) (909258771) (36323013)   ;(00000000000000000000101000010100) (5024) (2580) (A14)   ;(01101111011101000111010101100000) (-707378404) (1869903200) (6F747560)   ;(01101111011011110110001000101101) (-708789889) (1869570605) (6F6F622D)   ;(00000000000000000000000001001011) (113) (75) (4B)   ;
;888;(00100000011011100110100100000001) (-261502895) (544106753) (206E6901)    ;(00100000001011100111001100000111) (-281495889) (539915015) (202E7307)   ;(01110011011001010111001001000010) (-111179842) (1936028226) (73657242)   ;(01101110011000010010000001110011) (-812230781) (1851859059) (6E612073)   ;(01100101011010110010000001100111) (-1909830797) (1701519463) (656B2067)   ;(01101111011101000010000001100111) (-707430797) (1869881447) (6F742067)   ;(01101111011000100110000100000001) (-711990543) (1868718337) (6F626101)   ;(00001010001011100111010001010011) (1213472123) (170816595) (A2E7453)   ;
;896;(00000000000000000000000000000000) (0) (0) (00)    ;(01110010011011110110001001100000) (-208789804) (1919902304) (726F6260)   ;(00101110011001000110010101001011) (1336095217) (778331467) (2E64654B)   ;(00000000000000000000101000010100) (5024) (2580) (A14)   ;(01100100011000010110111101001100) (-2012183430) (1684107084) (64616F4C)   ;(00100000011001110110111001100101) (-263300151) (543649381) (20676E65)   ;(01101101011011110111001001011001) (-908779813) (1836020313) (6D6F7259)   ;(01001001010100000101001100000001) (-1023432247) (1230000897) (49505301)   ;
;904;(01100001011011000110011000000001) (1985579353) (1634493953) (616C6601)    ;(01000000001000000110100001110011) (-2137419485) (1075865715) (40206873)   ;(00110000001100000111100000000011) (1719106707) (808482819) (30307803)   ;(00110000001100000011000000001011) (1719062717) (808464395) (3030300B)   ;(00101110001011100011000000000011) (1318462707) (774778883) (2E2E3003)   ;(00000000000000000010000000011101) (20035) (8221) (201D)   ;(01100101011100000111100101001010) (-1908376432) (1701869898) (6570794A)   ;(00100111011010000010011100000001) (437056105) (661137153) (27682701)   ;
;912;(01110010011011110110011000000001) (-208787943) (1919903233) (726F6601)    ;(01101100011001010110100000000001) (-1011186943) (1818585089) (6C656801)   ;(00000000000010100010111001000011) (2427103) (667203) (A2E43)   ;(00111010010001000100110101110000) (-1368888032) (977554800) (3A444D70)   ;(00000000000000000010000000011111) (20037) (8223) (201F)   ;(01101001011000010111011101100000) (-1312177404) (1767995232) (69617760)   ;(01100111011011100110100101001011) (-1708986431) (1735289163) (676E694B)   ;(01101111011001010110111000000001) (-711183943) (1868918273) (6F656E01)   ;
;920;(00110010001100110111011001010011) (1919705827) (842233427) (32337653)    ;(01100101011110000110010101111110) (-1906388368) (1702389118) (6578657E)   ;(01101110011010010110001000011101) (-810189909) (1852400157) (6E69621D)   ;(00100000001011100010111000011101) (-281540261) (539897373) (202E2E1D)   ;(00000000000000000000000000000000) (0) (0) (00)   ;(01101001011000010111011001100000) (-1312177804) (1767994976) (69617660)   ;(01101100011000100110000101001101) (-1011990429) (1818386765) (6C62614D)   ;(01001101010000110010000001101001) (-626863497) (1296244841) (4D432069)   ;
;928;(00001010001110100111001101001000) (1216471510) (171602760) (A3A7348)    ;(01001000001000000011101001000101) (-1137448543) (1210071621) (48203A45)   ;(00001010011100000110110001101001) (1234066151) (175139945) (A706C69)   ;(01010011001000000011101001100101) (162551497) (1394621029) (53203A65)   ;(01100101011101000111001101100111) (-1907379397) (1702130535) (65747367)   ;(01101110011010010010000001101101) (-810230789) (1852383341) (6E69206D)   ;(01110010000010100110111101011001) (-239983413) (1913286489) (720A6F59)   ;(01100101010100100010000000010111) (-1918030917) (1699880983) (65522017)   ;
;936;(01110010011000010111010001110011) (-212178781) (1918989427) (72617473)    ;(00111010011101010000101001001011) (-1354729479) (980748875) (3A750A4B)   ;(01101100011100000101010100000001) (-1008398543) (1819301121) (6C705501)   ;(00100000011001000110000101111101) (-263906721) (543449469) (2064617D)   ;(00100000011000010110100101011011) (-264702763) (543254875) (2061695B)   ;(01010100010100100100000101101010) (276956904) (1414676842) (5452416A)   ;(00100000001110100110110000010100) (-278501272) (540699668) (203A6C14)   ;(00100000010010010101000001110010) (-272717134) (541675634) (20495072)   ;
;944;(01110011011000010110110001011001) (-112184813) (1935764569) (73616C59)    ;(00100000001011010010000001000101) (-281747191) (539828293) (202D2045)   ;(01100100011000010110111101001101) (-2012183429) (1684107085) (64616F4D)   ;(00100000001110100111001100010100) (-278495872) (540701460) (203A7314)   ;(00100000010010010101000001110010) (-272717134) (541675634) (20495072)   ;(01110011011000010110110001011001) (-112184813) (1935764569) (73616C59)   ;(00100000001011010010000001000101) (-281747191) (539828293) (202D2045)   ;(01100111011011110111001001000011) (-1708779841) (1735356995) (676F7243)   ;
;952;(00001010011011010110000101010011) (1233260523) (174940499) (A6D6153)    ;(01010011001000000011101001101001) (162551503) (1394621033) (53203A69)   ;(01110100011100100110000101001011) (-7990431) (1953653067) (7472614B)   ;(01100101011110000110010100000001) (-1906388543) (1702388993) (65786501)   ;(01100001011101000111010101110001) (1987588913) (1635022193) (61747571)   ;(00001010011001010110110001010001) (1231266121) (174419025) (A656C51)   ;(01000101001000000011101001000111) (-1637448541) (1159739975) (45203A47)   ;(00001010011101000110100101000111) (1235064507) (175401287) (A746947)   ;
;960;(00000000000000000000000000000000) (0) (0) (00)    ;(00111010010101100101011101000100) (-1364481088) (978736964) (3A565744)   ;(00000000000000000010000000000001) (20001) (8193) (2001)   ;(01001011010011000100001100010100) (-824442224) (1263289108) (4B4C4314)   ;(00000000001000000010000000010111) (10020027) (2105367) (202017)   ;(01010011010010010100110100010100) (174762776) (1397312788) (53494D14)   ;(00000000001000000011101001100000) (10035140) (2112096) (203A60)   ;(01010011010010010101100000010100) (174770376) (1397315604) (53495814)   ;
;968;(00000000001000000011101001100000) (10035140) (2112096) (203A60)    ;(01000011010011110101001100010100) (-1823832224) (1129272084) (434F5314)   ;(00000000001000000010000000010111) (10020027) (2105367) (202017)   ;(01010011010010010100110100010100) (174762776) (1397312788) (53494D14)   ;(00000000001000000011101001110000) (10035160) (2112112) (203A70)   ;(01100101001000000110111101011100) (-1932383410) (1696624476) (65206F5C)   ;(01110101011000110110010101000111) (88211563) (1969448263) (75636547)   ;(01101100011000100110000101001011) (-1011990431) (1818386763) (6C62614B)   ;
;976;(00000000000010100010111001101001) (2427151) (667241) (A2E69)    ;(01110100011010010111001001111010) (-10179772) (1953067642) (7469727A)   ;(00000000000000000010000001101001) (20151) (8297) (2069)   ;(01110100011110010110001000000001) (-6189943) (1954112001) (74796201)   ;(01100110001000000111001101101001) (-1832379393) (1713402729) (66207369)   ;(00100000011011010110111101010011) (-261699773) (544042835) (206D6F53)   ;(00000000000000000000000000000000) (0) (0) (00)   ;(00100000011011110111010000000001) (-261295295) (544175105) (206F7401)   ;
;984;(01110011011000010110110001011001) (-112184813) (1935764569) (73616C59)    ;(00000000010000000010000001000101) (20020105) (4202565) (402045)   ;(01111001001010000010000000111111) (669569133) (2032672831) (7928203F)   ;(00001010001010010110111000111101) (1212267075) (170487357) (A296E3D)   ;(00000000000000000000000000000000) (0) (0) (00)   ;(01110011011000010110110001011000) (-112184814) (1935764568) (73616C58)   ;(01100111011011100110100101000101) (-1708986439) (1735289157) (676E6945)   ;(00100000001011100010111000011101) (-281540261) (539897373) (202E2E1D)   ;
;992;(00000000000000000000000000000000) (0) (0) (00)    ;(00110011001100100011000100000011) (2019463107) (858927363) (33323103)   ;(00110111001101100011010100001011) (-1874502179) (926299403) (3736350B)   ;(01000010010000010011100100000111) (-1927249241) (1111570695) (42413907)   ;(01000110010001010100010001110000) (-1526241488) (1178944624) (46454470)   ;(00000000000000000000000000000000) (0) (0) (00)   ;(00000000000000000000000000000000) (0) (0) (00)   ;(00000000000000000000000000000000) (0) (0) (00)   ;
;1000;(00000000000000000000000000000000) (0) (0) (00)    ;(00000000000000000000000000000000) (0) (0) (00)   ;(00000000000000000000000000000000) (0) (0) (00)   ;(00000000000000000000000000000000) (0) (0) (00)   ;(00000000000000000000000000000000) (0) (0) (00)   ;(00000000000000000000000000000000) (0) (0) (00)   ;(00000000000000000000000000000000) (0) (0) (00)   ;(00000000000000000000000000000000) (0) (0) (00)   ;
;1008;(00000000000000000000000000000000) (0) (0) (00)    ;(00000000000000000000000000000000) (0) (0) (00)   ;(00000000000000000000000000000000) (0) (0) (00)   ;(00000000000000000000000000000000) (0) (0) (00)   ;(00000000000000000000000000000000) (0) (0) (00)   ;(00000000000000000000000000000000) (0) (0) (00)   ;(00000000000000000000000000000000) (0) (0) (00)   ;(00000000000000000000000000000000) (0) (0) (00)   ;
;1016;(00000000000000000000000000000000) (0) (0) (00)    ;(00000000000000000000000000000000) (0) (0) (00)   ;(00000000000000000000000000000000) (0) (0) (00)   ;(00000000000000000000000000000000) (0) (0) (00)   ;(00000000000000000000000000000000) (0) (0) (00)   ;(00000000000000000000000000000000) (0) (0) (00)   ;(00000000000000000000000000000000) (0) (0) (00)   ;(00000000000000000000000000000000) (0) (0) (00)   ;


+-----------------------------------------------------------------------------------------------+
; Fitter DSP Block Usage Summary                                                                ;
+---------------------------------------+-------------+---------------------+-------------------+
; Statistic                             ; Number Used ; Available per Block ; Maximum Available ;
+---------------------------------------+-------------+---------------------+-------------------+
; Simple Multipliers (9-bit)            ; 15          ; 2                   ; 46                ;
; Simple Multipliers (18-bit)           ; 0           ; 1                   ; 23                ;
; Embedded Multiplier Blocks            ; 15          ; --                  ; 23                ;
; Embedded Multiplier 9-bit elements    ; 15          ; 2                   ; 46                ;
; Signed Embedded Multipliers           ; 15          ; --                  ; --                ;
; Unsigned Embedded Multipliers         ; 0           ; --                  ; --                ;
; Mixed Sign Embedded Multipliers       ; 0           ; --                  ; --                ;
; Variable Sign Embedded Multipliers    ; 0           ; --                  ; --                ;
; Dedicated Input Shift Register Chains ; 0           ; --                  ; --                ;
+---------------------------------------+-------------+---------------------+-------------------+


+---------------------------------------------------------------------------------------------------------------------------------------------------------------------------------------------------------------------------------------------------------------------------------------------------------------------------------+
; DSP Block Details                                                                                                                                                                                                                                                                                                               ;
+-----------------------------------------------------------------------------------------------------------------------------------+---------------------------+--------------------+---------------------+--------------------------------+-----------------------+-----------------------+-------------------+-----------------+
; Name                                                                                                                              ; Mode                      ; Location           ; Sign Representation ; Has Input Shift Register Chain ; Data A Input Register ; Data B Input Register ; Pipeline Register ; Output Register ;
+-----------------------------------------------------------------------------------------------------------------------------------+---------------------------+--------------------+---------------------+--------------------------------+-----------------------+-----------------------+-------------------+-----------------+
; wb_tpu_accel:wb_tpu_inst|tpu_accel:u_tpu|systolic_array_4x4:sa_inst|pe:pe_1_3|lpm_mult:Mult0|mult_73t:auto_generated|mac_out2     ; Simple Multiplier (9-bit) ; DSPOUT_X20_Y1_N2   ;                     ; No                             ;                       ;                       ;                   ; no              ;
;    wb_tpu_accel:wb_tpu_inst|tpu_accel:u_tpu|systolic_array_4x4:sa_inst|pe:pe_1_3|lpm_mult:Mult0|mult_73t:auto_generated|mac_mult1 ;                           ; DSPMULT_X20_Y1_N0  ; Signed              ;                                ; yes                   ; no                    ; no                ;                 ;
; wb_tpu_accel:wb_tpu_inst|tpu_accel:u_tpu|systolic_array_4x4:sa_inst|pe:pe_0_3|lpm_mult:Mult0|mult_73t:auto_generated|mac_out2     ; Simple Multiplier (9-bit) ; DSPOUT_X20_Y7_N2   ;                     ; No                             ;                       ;                       ;                   ; no              ;
;    wb_tpu_accel:wb_tpu_inst|tpu_accel:u_tpu|systolic_array_4x4:sa_inst|pe:pe_0_3|lpm_mult:Mult0|mult_73t:auto_generated|mac_mult1 ;                           ; DSPMULT_X20_Y7_N0  ; Signed              ;                                ; yes                   ; no                    ; no                ;                 ;
; wb_tpu_accel:wb_tpu_inst|tpu_accel:u_tpu|systolic_array_4x4:sa_inst|pe:pe_3_3|lpm_mult:Mult0|mult_73t:auto_generated|mac_out2     ; Simple Multiplier (9-bit) ; DSPOUT_X20_Y5_N2   ;                     ; No                             ;                       ;                       ;                   ; no              ;
;    wb_tpu_accel:wb_tpu_inst|tpu_accel:u_tpu|systolic_array_4x4:sa_inst|pe:pe_3_3|lpm_mult:Mult0|mult_73t:auto_generated|mac_mult1 ;                           ; DSPMULT_X20_Y5_N0  ; Signed              ;                                ; yes                   ; no                    ; no                ;                 ;
; wb_tpu_accel:wb_tpu_inst|tpu_accel:u_tpu|systolic_array_4x4:sa_inst|pe:pe_1_2|lpm_mult:Mult0|mult_73t:auto_generated|mac_out2     ; Simple Multiplier (9-bit) ; DSPOUT_X20_Y3_N2   ;                     ; No                             ;                       ;                       ;                   ; no              ;
;    wb_tpu_accel:wb_tpu_inst|tpu_accel:u_tpu|systolic_array_4x4:sa_inst|pe:pe_1_2|lpm_mult:Mult0|mult_73t:auto_generated|mac_mult1 ;                           ; DSPMULT_X20_Y3_N0  ; Signed              ;                                ; yes                   ; no                    ; no                ;                 ;
; wb_tpu_accel:wb_tpu_inst|tpu_accel:u_tpu|systolic_array_4x4:sa_inst|pe:pe_2_2|lpm_mult:Mult0|mult_73t:auto_generated|mac_out2     ; Simple Multiplier (9-bit) ; DSPOUT_X20_Y10_N2  ;                     ; No                             ;                       ;                       ;                   ; no              ;
;    wb_tpu_accel:wb_tpu_inst|tpu_accel:u_tpu|systolic_array_4x4:sa_inst|pe:pe_2_2|lpm_mult:Mult0|mult_73t:auto_generated|mac_mult1 ;                           ; DSPMULT_X20_Y10_N0 ; Signed              ;                                ; yes                   ; no                    ; no                ;                 ;
; wb_tpu_accel:wb_tpu_inst|tpu_accel:u_tpu|systolic_array_4x4:sa_inst|pe:pe_0_2|lpm_mult:Mult0|mult_73t:auto_generated|mac_out2     ; Simple Multiplier (9-bit) ; DSPOUT_X20_Y11_N2  ;                     ; No                             ;                       ;                       ;                   ; no              ;
;    wb_tpu_accel:wb_tpu_inst|tpu_accel:u_tpu|systolic_array_4x4:sa_inst|pe:pe_0_2|lpm_mult:Mult0|mult_73t:auto_generated|mac_mult1 ;                           ; DSPMULT_X20_Y11_N0 ; Signed              ;                                ; yes                   ; no                    ; no                ;                 ;
; wb_tpu_accel:wb_tpu_inst|tpu_accel:u_tpu|systolic_array_4x4:sa_inst|pe:pe_3_2|lpm_mult:Mult0|mult_73t:auto_generated|mac_out2     ; Simple Multiplier (9-bit) ; DSPOUT_X20_Y6_N2   ;                     ; No                             ;                       ;                       ;                   ; no              ;
;    wb_tpu_accel:wb_tpu_inst|tpu_accel:u_tpu|systolic_array_4x4:sa_inst|pe:pe_3_2|lpm_mult:Mult0|mult_73t:auto_generated|mac_mult1 ;                           ; DSPMULT_X20_Y6_N0  ; Signed              ;                                ; yes                   ; no                    ; no                ;                 ;
; wb_tpu_accel:wb_tpu_inst|tpu_accel:u_tpu|systolic_array_4x4:sa_inst|pe:pe_1_1|lpm_mult:Mult0|mult_73t:auto_generated|mac_out2     ; Simple Multiplier (9-bit) ; DSPOUT_X20_Y4_N2   ;                     ; No                             ;                       ;                       ;                   ; no              ;
;    wb_tpu_accel:wb_tpu_inst|tpu_accel:u_tpu|systolic_array_4x4:sa_inst|pe:pe_1_1|lpm_mult:Mult0|mult_73t:auto_generated|mac_mult1 ;                           ; DSPMULT_X20_Y4_N0  ; Signed              ;                                ; yes                   ; no                    ; no                ;                 ;
; wb_tpu_accel:wb_tpu_inst|tpu_accel:u_tpu|systolic_array_4x4:sa_inst|pe:pe_2_1|lpm_mult:Mult0|mult_73t:auto_generated|mac_out2     ; Simple Multiplier (9-bit) ; DSPOUT_X20_Y13_N2  ;                     ; No                             ;                       ;                       ;                   ; no              ;
;    wb_tpu_accel:wb_tpu_inst|tpu_accel:u_tpu|systolic_array_4x4:sa_inst|pe:pe_2_1|lpm_mult:Mult0|mult_73t:auto_generated|mac_mult1 ;                           ; DSPMULT_X20_Y13_N0 ; Signed              ;                                ; yes                   ; no                    ; no                ;                 ;
; wb_tpu_accel:wb_tpu_inst|tpu_accel:u_tpu|systolic_array_4x4:sa_inst|pe:pe_0_1|lpm_mult:Mult0|mult_73t:auto_generated|mac_out2     ; Simple Multiplier (9-bit) ; DSPOUT_X20_Y15_N2  ;                     ; No                             ;                       ;                       ;                   ; no              ;
;    wb_tpu_accel:wb_tpu_inst|tpu_accel:u_tpu|systolic_array_4x4:sa_inst|pe:pe_0_1|lpm_mult:Mult0|mult_73t:auto_generated|mac_mult1 ;                           ; DSPMULT_X20_Y15_N0 ; Signed              ;                                ; yes                   ; no                    ; no                ;                 ;
; wb_tpu_accel:wb_tpu_inst|tpu_accel:u_tpu|systolic_array_4x4:sa_inst|pe:pe_3_1|lpm_mult:Mult0|mult_73t:auto_generated|mac_out2     ; Simple Multiplier (9-bit) ; DSPOUT_X20_Y9_N2   ;                     ; No                             ;                       ;                       ;                   ; no              ;
;    wb_tpu_accel:wb_tpu_inst|tpu_accel:u_tpu|systolic_array_4x4:sa_inst|pe:pe_3_1|lpm_mult:Mult0|mult_73t:auto_generated|mac_mult1 ;                           ; DSPMULT_X20_Y9_N0  ; Signed              ;                                ; yes                   ; no                    ; no                ;                 ;
; wb_tpu_accel:wb_tpu_inst|tpu_accel:u_tpu|systolic_array_4x4:sa_inst|pe:pe_1_0|lpm_mult:Mult0|mult_73t:auto_generated|mac_out2     ; Simple Multiplier (9-bit) ; DSPOUT_X20_Y2_N2   ;                     ; No                             ;                       ;                       ;                   ; no              ;
;    wb_tpu_accel:wb_tpu_inst|tpu_accel:u_tpu|systolic_array_4x4:sa_inst|pe:pe_1_0|lpm_mult:Mult0|mult_73t:auto_generated|mac_mult1 ;                           ; DSPMULT_X20_Y2_N0  ; Signed              ;                                ; yes                   ; no                    ; no                ;                 ;
; wb_tpu_accel:wb_tpu_inst|tpu_accel:u_tpu|systolic_array_4x4:sa_inst|pe:pe_2_0|lpm_mult:Mult0|mult_73t:auto_generated|mac_out2     ; Simple Multiplier (9-bit) ; DSPOUT_X20_Y14_N2  ;                     ; No                             ;                       ;                       ;                   ; no              ;
;    wb_tpu_accel:wb_tpu_inst|tpu_accel:u_tpu|systolic_array_4x4:sa_inst|pe:pe_2_0|lpm_mult:Mult0|mult_73t:auto_generated|mac_mult1 ;                           ; DSPMULT_X20_Y14_N0 ; Signed              ;                                ; yes                   ; no                    ; no                ;                 ;
; wb_tpu_accel:wb_tpu_inst|tpu_accel:u_tpu|systolic_array_4x4:sa_inst|pe:pe_0_0|lpm_mult:Mult0|mult_73t:auto_generated|mac_out2     ; Simple Multiplier (9-bit) ; DSPOUT_X20_Y12_N2  ;                     ; No                             ;                       ;                       ;                   ; no              ;
;    wb_tpu_accel:wb_tpu_inst|tpu_accel:u_tpu|systolic_array_4x4:sa_inst|pe:pe_0_0|lpm_mult:Mult0|mult_73t:auto_generated|mac_mult1 ;                           ; DSPMULT_X20_Y12_N0 ; Signed              ;                                ; yes                   ; no                    ; no                ;                 ;
; wb_tpu_accel:wb_tpu_inst|tpu_accel:u_tpu|systolic_array_4x4:sa_inst|pe:pe_3_0|lpm_mult:Mult0|mult_73t:auto_generated|mac_out2     ; Simple Multiplier (9-bit) ; DSPOUT_X20_Y8_N2   ;                     ; No                             ;                       ;                       ;                   ; no              ;
;    wb_tpu_accel:wb_tpu_inst|tpu_accel:u_tpu|systolic_array_4x4:sa_inst|pe:pe_3_0|lpm_mult:Mult0|mult_73t:auto_generated|mac_mult1 ;                           ; DSPMULT_X20_Y8_N0  ; Signed              ;                                ; yes                   ; no                    ; no                ;                 ;
+-----------------------------------------------------------------------------------------------------------------------------------+---------------------------+--------------------+---------------------+--------------------------------+-----------------------+-----------------------+-------------------+-----------------+


+-------------------------------------------------+
; Routing Usage Summary                           ;
+-----------------------+-------------------------+
; Routing Resource Type ; Usage                   ;
+-----------------------+-------------------------+
; Block interconnects   ; 8,840 / 32,401 ( 27 % ) ;
; C16 interconnects     ; 38 / 1,326 ( 3 % )      ;
; C4 interconnects      ; 4,159 / 21,816 ( 19 % ) ;
; Direct links          ; 1,509 / 32,401 ( 5 % )  ;
; Global clocks         ; 3 / 10 ( 30 % )         ;
; Local interconnects   ; 2,350 / 10,320 ( 23 % ) ;
; R24 interconnects     ; 90 / 1,289 ( 7 % )      ;
; R4 interconnects      ; 5,316 / 28,186 ( 19 % ) ;
+-----------------------+-------------------------+


+-----------------------------------------------------------------------------+
; LAB Logic Elements                                                          ;
+---------------------------------------------+-------------------------------+
; Number of Logic Elements  (Average = 13.18) ; Number of LABs  (Total = 412) ;
+---------------------------------------------+-------------------------------+
; 1                                           ; 15                            ;
; 2                                           ; 17                            ;
; 3                                           ; 5                             ;
; 4                                           ; 7                             ;
; 5                                           ; 8                             ;
; 6                                           ; 5                             ;
; 7                                           ; 6                             ;
; 8                                           ; 8                             ;
; 9                                           ; 12                            ;
; 10                                          ; 10                            ;
; 11                                          ; 4                             ;
; 12                                          ; 11                            ;
; 13                                          ; 12                            ;
; 14                                          ; 11                            ;
; 15                                          ; 27                            ;
; 16                                          ; 254                           ;
+---------------------------------------------+-------------------------------+


+--------------------------------------------------------------------+
; LAB-wide Signals                                                   ;
+------------------------------------+-------------------------------+
; LAB-wide Signals  (Average = 2.55) ; Number of LABs  (Total = 412) ;
+------------------------------------+-------------------------------+
; 1 Async. clear                     ; 331                           ;
; 1 Clock                            ; 353                           ;
; 1 Clock enable                     ; 197                           ;
; 1 Sync. clear                      ; 42                            ;
; 1 Sync. load                       ; 50                            ;
; 2 Async. clears                    ; 5                             ;
; 2 Clock enables                    ; 72                            ;
+------------------------------------+-------------------------------+


+------------------------------------------------------------------------------+
; LAB Signals Sourced                                                          ;
+----------------------------------------------+-------------------------------+
; Number of Signals Sourced  (Average = 19.87) ; Number of LABs  (Total = 412) ;
+----------------------------------------------+-------------------------------+
; 0                                            ; 1                             ;
; 1                                            ; 9                             ;
; 2                                            ; 12                            ;
; 3                                            ; 6                             ;
; 4                                            ; 15                            ;
; 5                                            ; 6                             ;
; 6                                            ; 6                             ;
; 7                                            ; 3                             ;
; 8                                            ; 7                             ;
; 9                                            ; 7                             ;
; 10                                           ; 4                             ;
; 11                                           ; 2                             ;
; 12                                           ; 5                             ;
; 13                                           ; 3                             ;
; 14                                           ; 9                             ;
; 15                                           ; 15                            ;
; 16                                           ; 24                            ;
; 17                                           ; 11                            ;
; 18                                           ; 16                            ;
; 19                                           ; 16                            ;
; 20                                           ; 26                            ;
; 21                                           ; 13                            ;
; 22                                           ; 17                            ;
; 23                                           ; 23                            ;
; 24                                           ; 21                            ;
; 25                                           ; 15                            ;
; 26                                           ; 13                            ;
; 27                                           ; 9                             ;
; 28                                           ; 13                            ;
; 29                                           ; 5                             ;
; 30                                           ; 11                            ;
; 31                                           ; 8                             ;
; 32                                           ; 61                            ;
+----------------------------------------------+-------------------------------+


+----------------------------------------------------------------------------------+
; LAB Signals Sourced Out                                                          ;
+--------------------------------------------------+-------------------------------+
; Number of Signals Sourced Out  (Average = 10.08) ; Number of LABs  (Total = 412) ;
+--------------------------------------------------+-------------------------------+
; 0                                                ; 1                             ;
; 1                                                ; 28                            ;
; 2                                                ; 19                            ;
; 3                                                ; 14                            ;
; 4                                                ; 18                            ;
; 5                                                ; 14                            ;
; 6                                                ; 12                            ;
; 7                                                ; 21                            ;
; 8                                                ; 32                            ;
; 9                                                ; 32                            ;
; 10                                               ; 28                            ;
; 11                                               ; 28                            ;
; 12                                               ; 23                            ;
; 13                                               ; 17                            ;
; 14                                               ; 11                            ;
; 15                                               ; 21                            ;
; 16                                               ; 73                            ;
; 17                                               ; 4                             ;
; 18                                               ; 3                             ;
; 19                                               ; 3                             ;
; 20                                               ; 2                             ;
; 21                                               ; 1                             ;
; 22                                               ; 2                             ;
; 23                                               ; 1                             ;
; 24                                               ; 2                             ;
; 25                                               ; 0                             ;
; 26                                               ; 0                             ;
; 27                                               ; 0                             ;
; 28                                               ; 0                             ;
; 29                                               ; 0                             ;
; 30                                               ; 1                             ;
; 31                                               ; 0                             ;
; 32                                               ; 1                             ;
+--------------------------------------------------+-------------------------------+


+------------------------------------------------------------------------------+
; LAB Distinct Inputs                                                          ;
+----------------------------------------------+-------------------------------+
; Number of Distinct Inputs  (Average = 20.06) ; Number of LABs  (Total = 412) ;
+----------------------------------------------+-------------------------------+
; 0                                            ; 0                             ;
; 1                                            ; 0                             ;
; 2                                            ; 3                             ;
; 3                                            ; 3                             ;
; 4                                            ; 17                            ;
; 5                                            ; 11                            ;
; 6                                            ; 7                             ;
; 7                                            ; 7                             ;
; 8                                            ; 8                             ;
; 9                                            ; 5                             ;
; 10                                           ; 8                             ;
; 11                                           ; 7                             ;
; 12                                           ; 17                            ;
; 13                                           ; 8                             ;
; 14                                           ; 11                            ;
; 15                                           ; 13                            ;
; 16                                           ; 13                            ;
; 17                                           ; 19                            ;
; 18                                           ; 19                            ;
; 19                                           ; 16                            ;
; 20                                           ; 17                            ;
; 21                                           ; 37                            ;
; 22                                           ; 14                            ;
; 23                                           ; 8                             ;
; 24                                           ; 16                            ;
; 25                                           ; 8                             ;
; 26                                           ; 16                            ;
; 27                                           ; 14                            ;
; 28                                           ; 8                             ;
; 29                                           ; 10                            ;
; 30                                           ; 3                             ;
; 31                                           ; 13                            ;
; 32                                           ; 7                             ;
; 33                                           ; 12                            ;
; 34                                           ; 6                             ;
; 35                                           ; 15                            ;
; 36                                           ; 7                             ;
; 37                                           ; 5                             ;
; 38                                           ; 2                             ;
; 39                                           ; 2                             ;
+----------------------------------------------+-------------------------------+


+------------------------------------------+
; I/O Rules Summary                        ;
+----------------------------------+-------+
; I/O Rules Statistic              ; Total ;
+----------------------------------+-------+
; Total I/O Rules                  ; 30    ;
; Number of I/O Rules Passed       ; 12    ;
; Number of I/O Rules Failed       ; 0     ;
; Number of I/O Rules Unchecked    ; 0     ;
; Number of I/O Rules Inapplicable ; 18    ;
+----------------------------------+-------+


+--------------------------------------------------------------------------------------------------------------------------------------------------------------------------------------------------------------------------------------------------------------------------------------+
; I/O Rules Details                                                                                                                                                                                                                                                                    ;
+--------------+-----------+-----------------------------------+------------------------------------------------------------------------------------------------------+----------+--------------------------------------------------------------------------+------+-------------------+
; Status       ; ID        ; Category                          ; Rule Description                                                                                     ; Severity ; Information                                                              ; Area ; Extra Information ;
+--------------+-----------+-----------------------------------+------------------------------------------------------------------------------------------------------+----------+--------------------------------------------------------------------------+------+-------------------+
; Pass         ; IO_000002 ; Capacity Checks                   ; Number of clocks in an I/O bank should not exceed the number of clocks available.                    ; Critical ; 0 such failures found.                                                   ; I/O  ;                   ;
; Pass         ; IO_000001 ; Capacity Checks                   ; Number of pins in an I/O bank should not exceed the number of locations available.                   ; Critical ; 0 such failures found.                                                   ; I/O  ;                   ;
; Pass         ; IO_000003 ; Capacity Checks                   ; Number of pins in a Vrefgroup should not exceed the number of locations available.                   ; Critical ; 0 such failures found.                                                   ; I/O  ;                   ;
; Inapplicable ; IO_000004 ; Voltage Compatibility Checks      ; The I/O bank should support the requested VCCIO.                                                     ; Critical ; No IOBANK_VCCIO assignments found.                                       ; I/O  ;                   ;
; Inapplicable ; IO_000005 ; Voltage Compatibility Checks      ; The I/O bank should not have competing VREF values.                                                  ; Critical ; No VREF I/O Standard assignments found.                                  ; I/O  ;                   ;
; Pass         ; IO_000006 ; Voltage Compatibility Checks      ; The I/O bank should not have competing VCCIO values.                                                 ; Critical ; 0 such failures found.                                                   ; I/O  ;                   ;
; Pass         ; IO_000007 ; Valid Location Checks             ; Checks for unavailable locations.                                                                    ; Critical ; 0 such failures found.                                                   ; I/O  ;                   ;
; Inapplicable ; IO_000008 ; Valid Location Checks             ; Checks for reserved locations.                                                                       ; Critical ; No reserved LogicLock region found.                                      ; I/O  ;                   ;
; Inapplicable ; IO_000047 ; I/O Properties Checks for One I/O ; On Chip Termination and Slew Rate should not be used at the same time.                               ; Critical ; No Slew Rate assignments found.                                          ; I/O  ;                   ;
; Inapplicable ; IO_000046 ; I/O Properties Checks for One I/O ; The location should support the requested Slew Rate value.                                           ; Critical ; No Slew Rate assignments found.                                          ; I/O  ;                   ;
; Inapplicable ; IO_000045 ; I/O Properties Checks for One I/O ; The I/O standard should support the requested Slew Rate value.                                       ; Critical ; No Slew Rate assignments found.                                          ; I/O  ;                   ;
; Inapplicable ; IO_000027 ; I/O Properties Checks for One I/O ; Weak Pull Up and Bus Hold should not be used at the same time.                                       ; Critical ; No Enable Bus-Hold Circuitry or Weak Pull-Up Resistor assignments found. ; I/O  ;                   ;
; Inapplicable ; IO_000026 ; I/O Properties Checks for One I/O ; On Chip Termination and Current Strength should not be used at the same time.                        ; Critical ; No Termination assignments found.                                        ; I/O  ;                   ;
; Inapplicable ; IO_000024 ; I/O Properties Checks for One I/O ; The I/O direction should support the On Chip Termination value.                                      ; Critical ; No Termination assignments found.                                        ; I/O  ;                   ;
; Inapplicable ; IO_000023 ; I/O Properties Checks for One I/O ; The I/O standard should support the Open Drain value.                                                ; Critical ; No open drain assignments found.                                         ; I/O  ;                   ;
; Inapplicable ; IO_000022 ; I/O Properties Checks for One I/O ; The I/O standard should support the requested Bus Hold value.                                        ; Critical ; No Enable Bus-Hold Circuitry assignments found.                          ; I/O  ;                   ;
; Inapplicable ; IO_000021 ; I/O Properties Checks for One I/O ; The I/O standard should support the requested Weak Pull Up value.                                    ; Critical ; No Weak Pull-Up Resistor assignments found.                              ; I/O  ;                   ;
; Pass         ; IO_000020 ; I/O Properties Checks for One I/O ; The I/O standard should support the requested PCI Clamp Diode.                                       ; Critical ; 0 such failures found.                                                   ; I/O  ;                   ;
; Inapplicable ; IO_000019 ; I/O Properties Checks for One I/O ; The I/O standard should support the requested On Chip Termination value.                             ; Critical ; No Termination assignments found.                                        ; I/O  ;                   ;
; Pass         ; IO_000018 ; I/O Properties Checks for One I/O ; The I/O standard should support the requested Current Strength.                                      ; Critical ; 0 such failures found.                                                   ; I/O  ;                   ;
; Pass         ; IO_000015 ; I/O Properties Checks for One I/O ; The location should support the requested PCI Clamp Diode.                                           ; Critical ; 0 such failures found.                                                   ; I/O  ;                   ;
; Inapplicable ; IO_000014 ; I/O Properties Checks for One I/O ; The location should support the requested Weak Pull Up value.                                        ; Critical ; No Weak Pull-Up Resistor assignments found.                              ; I/O  ;                   ;
; Inapplicable ; IO_000013 ; I/O Properties Checks for One I/O ; The location should support the requested Bus Hold value.                                            ; Critical ; No Enable Bus-Hold Circuitry assignments found.                          ; I/O  ;                   ;
; Inapplicable ; IO_000012 ; I/O Properties Checks for One I/O ; The location should support the requested On Chip Termination value.                                 ; Critical ; No Termination assignments found.                                        ; I/O  ;                   ;
; Pass         ; IO_000011 ; I/O Properties Checks for One I/O ; The location should support the requested Current Strength.                                          ; Critical ; 0 such failures found.                                                   ; I/O  ;                   ;
; Pass         ; IO_000010 ; I/O Properties Checks for One I/O ; The location should support the requested I/O direction.                                             ; Critical ; 0 such failures found.                                                   ; I/O  ;                   ;
; Pass         ; IO_000009 ; I/O Properties Checks for One I/O ; The location should support the requested I/O standard.                                              ; Critical ; 0 such failures found.                                                   ; I/O  ;                   ;
; Pass         ; IO_000033 ; Electromigration Checks           ; Current density for consecutive I/Os should not exceed 240mA for row I/Os and 240mA for column I/Os. ; Critical ; 0 such failures found.                                                   ; I/O  ;                   ;
; Inapplicable ; IO_000034 ; SI Related Distance Checks        ; Single-ended outputs should be 5 LAB row(s) away from a differential I/O.                            ; High     ; No Differential I/O Standard assignments found.                          ; I/O  ;                   ;
; Inapplicable ; IO_000042 ; SI Related SSO Limit Checks       ; No more than 20 outputs are allowed in a VREF group when VREF is being read from.                    ; High     ; No VREF I/O Standard assignments found.                                  ; I/O  ;                   ;
+--------------+-----------+-----------------------------------+------------------------------------------------------------------------------------------------------+----------+--------------------------------------------------------------------------+------+-------------------+


+-----------------------------------------------------------------------------------------------------------------------------------------------------------------------------------------------------------------------------------------------------------------------------------------------------------------------------------------------------------------------------------------------------------------------------------------------------------------+
; I/O Rules Matrix                                                                                                                                                                                                                                                                                                                                                                                                                                                ;
+--------------------+--------------+-----------+-----------+--------------+--------------+-----------+-----------+--------------+--------------+--------------+--------------+--------------+--------------+--------------+--------------+--------------+--------------+--------------+--------------+--------------+--------------+--------------+--------------+--------------+--------------+-----------+-----------+-----------+--------------+--------------+
; Pin/Rules          ; IO_000002    ; IO_000001 ; IO_000003 ; IO_000004    ; IO_000005    ; IO_000006 ; IO_000007 ; IO_000008    ; IO_000047    ; IO_000046    ; IO_000045    ; IO_000027    ; IO_000026    ; IO_000024    ; IO_000023    ; IO_000022    ; IO_000021    ; IO_000020    ; IO_000019    ; IO_000018    ; IO_000015    ; IO_000014    ; IO_000013    ; IO_000012    ; IO_000011    ; IO_000010 ; IO_000009 ; IO_000033 ; IO_000034    ; IO_000042    ;
+--------------------+--------------+-----------+-----------+--------------+--------------+-----------+-----------+--------------+--------------+--------------+--------------+--------------+--------------+--------------+--------------+--------------+--------------+--------------+--------------+--------------+--------------+--------------+--------------+--------------+--------------+-----------+-----------+-----------+--------------+--------------+
; Total Pass         ; 37           ; 51        ; 51        ; 0            ; 0            ; 51        ; 51        ; 0            ; 0            ; 0            ; 0            ; 0            ; 0            ; 0            ; 0            ; 0            ; 0            ; 20           ; 0            ; 39           ; 20           ; 0            ; 0            ; 0            ; 39           ; 51        ; 51        ; 51        ; 0            ; 0            ;
; Total Unchecked    ; 0            ; 0         ; 0         ; 0            ; 0            ; 0         ; 0         ; 0            ; 0            ; 0            ; 0            ; 0            ; 0            ; 0            ; 0            ; 0            ; 0            ; 0            ; 0            ; 0            ; 0            ; 0            ; 0            ; 0            ; 0            ; 0         ; 0         ; 0         ; 0            ; 0            ;
; Total Inapplicable ; 14           ; 0         ; 0         ; 51           ; 51           ; 0         ; 0         ; 51           ; 51           ; 51           ; 51           ; 51           ; 51           ; 51           ; 51           ; 51           ; 51           ; 31           ; 51           ; 12           ; 31           ; 51           ; 51           ; 51           ; 12           ; 0         ; 0         ; 0         ; 51           ; 51           ;
; Total Fail         ; 0            ; 0         ; 0         ; 0            ; 0            ; 0         ; 0         ; 0            ; 0            ; 0            ; 0            ; 0            ; 0            ; 0            ; 0            ; 0            ; 0            ; 0            ; 0            ; 0            ; 0            ; 0            ; 0            ; 0            ; 0            ; 0         ; 0         ; 0         ; 0            ; 0            ;
; TXD                ; Inapplicable ; Pass      ; Pass      ; Inapplicable ; Inapplicable ; Pass      ; Pass      ; Inapplicable ; Inapplicable ; Inapplicable ; Inapplicable ; Inapplicable ; Inapplicable ; Inapplicable ; Inapplicable ; Inapplicable ; Inapplicable ; Inapplicable ; Inapplicable ; Inapplicable ; Inapplicable ; Inapplicable ; Inapplicable ; Inapplicable ; Inapplicable ; Pass      ; Pass      ; Pass      ; Inapplicable ; Inapplicable ;
; LED[0]             ; Inapplicable ; Pass      ; Pass      ; Inapplicable ; Inapplicable ; Pass      ; Pass      ; Inapplicable ; Inapplicable ; Inapplicable ; Inapplicable ; Inapplicable ; Inapplicable ; Inapplicable ; Inapplicable ; Inapplicable ; Inapplicable ; Inapplicable ; Inapplicable ; Inapplicable ; Inapplicable ; Inapplicable ; Inapplicable ; Inapplicable ; Inapplicable ; Pass      ; Pass      ; Pass      ; Inapplicable ; Inapplicable ;
; LED[1]             ; Inapplicable ; Pass      ; Pass      ; Inapplicable ; Inapplicable ; Pass      ; Pass      ; Inapplicable ; Inapplicable ; Inapplicable ; Inapplicable ; Inapplicable ; Inapplicable ; Inapplicable ; Inapplicable ; Inapplicable ; Inapplicable ; Inapplicable ; Inapplicable ; Inapplicable ; Inapplicable ; Inapplicable ; Inapplicable ; Inapplicable ; Inapplicable ; Pass      ; Pass      ; Pass      ; Inapplicable ; Inapplicable ;
; LED[2]             ; Inapplicable ; Pass      ; Pass      ; Inapplicable ; Inapplicable ; Pass      ; Pass      ; Inapplicable ; Inapplicable ; Inapplicable ; Inapplicable ; Inapplicable ; Inapplicable ; Inapplicable ; Inapplicable ; Inapplicable ; Inapplicable ; Inapplicable ; Inapplicable ; Inapplicable ; Inapplicable ; Inapplicable ; Inapplicable ; Inapplicable ; Inapplicable ; Pass      ; Pass      ; Pass      ; Inapplicable ; Inapplicable ;
; LED[3]             ; Inapplicable ; Pass      ; Pass      ; Inapplicable ; Inapplicable ; Pass      ; Pass      ; Inapplicable ; Inapplicable ; Inapplicable ; Inapplicable ; Inapplicable ; Inapplicable ; Inapplicable ; Inapplicable ; Inapplicable ; Inapplicable ; Inapplicable ; Inapplicable ; Inapplicable ; Inapplicable ; Inapplicable ; Inapplicable ; Inapplicable ; Inapplicable ; Pass      ; Pass      ; Pass      ; Inapplicable ; Inapplicable ;
; S_CLK              ; Inapplicable ; Pass      ; Pass      ; Inapplicable ; Inapplicable ; Pass      ; Pass      ; Inapplicable ; Inapplicable ; Inapplicable ; Inapplicable ; Inapplicable ; Inapplicable ; Inapplicable ; Inapplicable ; Inapplicable ; Inapplicable ; Inapplicable ; Inapplicable ; Pass         ; Inapplicable ; Inapplicable ; Inapplicable ; Inapplicable ; Pass         ; Pass      ; Pass      ; Pass      ; Inapplicable ; Inapplicable ;
; S_CKE              ; Inapplicable ; Pass      ; Pass      ; Inapplicable ; Inapplicable ; Pass      ; Pass      ; Inapplicable ; Inapplicable ; Inapplicable ; Inapplicable ; Inapplicable ; Inapplicable ; Inapplicable ; Inapplicable ; Inapplicable ; Inapplicable ; Inapplicable ; Inapplicable ; Pass         ; Inapplicable ; Inapplicable ; Inapplicable ; Inapplicable ; Pass         ; Pass      ; Pass      ; Pass      ; Inapplicable ; Inapplicable ;
; S_NCS              ; Pass         ; Pass      ; Pass      ; Inapplicable ; Inapplicable ; Pass      ; Pass      ; Inapplicable ; Inapplicable ; Inapplicable ; Inapplicable ; Inapplicable ; Inapplicable ; Inapplicable ; Inapplicable ; Inapplicable ; Inapplicable ; Inapplicable ; Inapplicable ; Pass         ; Inapplicable ; Inapplicable ; Inapplicable ; Inapplicable ; Pass         ; Pass      ; Pass      ; Pass      ; Inapplicable ; Inapplicable ;
; S_NRAS             ; Pass         ; Pass      ; Pass      ; Inapplicable ; Inapplicable ; Pass      ; Pass      ; Inapplicable ; Inapplicable ; Inapplicable ; Inapplicable ; Inapplicable ; Inapplicable ; Inapplicable ; Inapplicable ; Inapplicable ; Inapplicable ; Inapplicable ; Inapplicable ; Pass         ; Inapplicable ; Inapplicable ; Inapplicable ; Inapplicable ; Pass         ; Pass      ; Pass      ; Pass      ; Inapplicable ; Inapplicable ;
; S_NCAS             ; Pass         ; Pass      ; Pass      ; Inapplicable ; Inapplicable ; Pass      ; Pass      ; Inapplicable ; Inapplicable ; Inapplicable ; Inapplicable ; Inapplicable ; Inapplicable ; Inapplicable ; Inapplicable ; Inapplicable ; Inapplicable ; Inapplicable ; Inapplicable ; Pass         ; Inapplicable ; Inapplicable ; Inapplicable ; Inapplicable ; Pass         ; Pass      ; Pass      ; Pass      ; Inapplicable ; Inapplicable ;
; S_NWE              ; Pass         ; Pass      ; Pass      ; Inapplicable ; Inapplicable ; Pass      ; Pass      ; Inapplicable ; Inapplicable ; Inapplicable ; Inapplicable ; Inapplicable ; Inapplicable ; Inapplicable ; Inapplicable ; Inapplicable ; Inapplicable ; Inapplicable ; Inapplicable ; Pass         ; Inapplicable ; Inapplicable ; Inapplicable ; Inapplicable ; Pass         ; Pass      ; Pass      ; Pass      ; Inapplicable ; Inapplicable ;
; S_BA[0]            ; Pass         ; Pass      ; Pass      ; Inapplicable ; Inapplicable ; Pass      ; Pass      ; Inapplicable ; Inapplicable ; Inapplicable ; Inapplicable ; Inapplicable ; Inapplicable ; Inapplicable ; Inapplicable ; Inapplicable ; Inapplicable ; Inapplicable ; Inapplicable ; Pass         ; Inapplicable ; Inapplicable ; Inapplicable ; Inapplicable ; Pass         ; Pass      ; Pass      ; Pass      ; Inapplicable ; Inapplicable ;
; S_BA[1]            ; Pass         ; Pass      ; Pass      ; Inapplicable ; Inapplicable ; Pass      ; Pass      ; Inapplicable ; Inapplicable ; Inapplicable ; Inapplicable ; Inapplicable ; Inapplicable ; Inapplicable ; Inapplicable ; Inapplicable ; Inapplicable ; Inapplicable ; Inapplicable ; Pass         ; Inapplicable ; Inapplicable ; Inapplicable ; Inapplicable ; Pass         ; Pass      ; Pass      ; Pass      ; Inapplicable ; Inapplicable ;
; S_A[0]             ; Pass         ; Pass      ; Pass      ; Inapplicable ; Inapplicable ; Pass      ; Pass      ; Inapplicable ; Inapplicable ; Inapplicable ; Inapplicable ; Inapplicable ; Inapplicable ; Inapplicable ; Inapplicable ; Inapplicable ; Inapplicable ; Inapplicable ; Inapplicable ; Pass         ; Inapplicable ; Inapplicable ; Inapplicable ; Inapplicable ; Pass         ; Pass      ; Pass      ; Pass      ; Inapplicable ; Inapplicable ;
; S_A[1]             ; Pass         ; Pass      ; Pass      ; Inapplicable ; Inapplicable ; Pass      ; Pass      ; Inapplicable ; Inapplicable ; Inapplicable ; Inapplicable ; Inapplicable ; Inapplicable ; Inapplicable ; Inapplicable ; Inapplicable ; Inapplicable ; Inapplicable ; Inapplicable ; Pass         ; Inapplicable ; Inapplicable ; Inapplicable ; Inapplicable ; Pass         ; Pass      ; Pass      ; Pass      ; Inapplicable ; Inapplicable ;
; S_A[2]             ; Pass         ; Pass      ; Pass      ; Inapplicable ; Inapplicable ; Pass      ; Pass      ; Inapplicable ; Inapplicable ; Inapplicable ; Inapplicable ; Inapplicable ; Inapplicable ; Inapplicable ; Inapplicable ; Inapplicable ; Inapplicable ; Inapplicable ; Inapplicable ; Pass         ; Inapplicable ; Inapplicable ; Inapplicable ; Inapplicable ; Pass         ; Pass      ; Pass      ; Pass      ; Inapplicable ; Inapplicable ;
; S_A[3]             ; Pass         ; Pass      ; Pass      ; Inapplicable ; Inapplicable ; Pass      ; Pass      ; Inapplicable ; Inapplicable ; Inapplicable ; Inapplicable ; Inapplicable ; Inapplicable ; Inapplicable ; Inapplicable ; Inapplicable ; Inapplicable ; Inapplicable ; Inapplicable ; Pass         ; Inapplicable ; Inapplicable ; Inapplicable ; Inapplicable ; Pass         ; Pass      ; Pass      ; Pass      ; Inapplicable ; Inapplicable ;
; S_A[4]             ; Pass         ; Pass      ; Pass      ; Inapplicable ; Inapplicable ; Pass      ; Pass      ; Inapplicable ; Inapplicable ; Inapplicable ; Inapplicable ; Inapplicable ; Inapplicable ; Inapplicable ; Inapplicable ; Inapplicable ; Inapplicable ; Inapplicable ; Inapplicable ; Pass         ; Inapplicable ; Inapplicable ; Inapplicable ; Inapplicable ; Pass         ; Pass      ; Pass      ; Pass      ; Inapplicable ; Inapplicable ;
; S_A[5]             ; Pass         ; Pass      ; Pass      ; Inapplicable ; Inapplicable ; Pass      ; Pass      ; Inapplicable ; Inapplicable ; Inapplicable ; Inapplicable ; Inapplicable ; Inapplicable ; Inapplicable ; Inapplicable ; Inapplicable ; Inapplicable ; Inapplicable ; Inapplicable ; Pass         ; Inapplicable ; Inapplicable ; Inapplicable ; Inapplicable ; Pass         ; Pass      ; Pass      ; Pass      ; Inapplicable ; Inapplicable ;
; S_A[6]             ; Pass         ; Pass      ; Pass      ; Inapplicable ; Inapplicable ; Pass      ; Pass      ; Inapplicable ; Inapplicable ; Inapplicable ; Inapplicable ; Inapplicable ; Inapplicable ; Inapplicable ; Inapplicable ; Inapplicable ; Inapplicable ; Inapplicable ; Inapplicable ; Pass         ; Inapplicable ; Inapplicable ; Inapplicable ; Inapplicable ; Pass         ; Pass      ; Pass      ; Pass      ; Inapplicable ; Inapplicable ;
; S_A[7]             ; Pass         ; Pass      ; Pass      ; Inapplicable ; Inapplicable ; Pass      ; Pass      ; Inapplicable ; Inapplicable ; Inapplicable ; Inapplicable ; Inapplicable ; Inapplicable ; Inapplicable ; Inapplicable ; Inapplicable ; Inapplicable ; Inapplicable ; Inapplicable ; Pass         ; Inapplicable ; Inapplicable ; Inapplicable ; Inapplicable ; Pass         ; Pass      ; Pass      ; Pass      ; Inapplicable ; Inapplicable ;
; S_A[8]             ; Pass         ; Pass      ; Pass      ; Inapplicable ; Inapplicable ; Pass      ; Pass      ; Inapplicable ; Inapplicable ; Inapplicable ; Inapplicable ; Inapplicable ; Inapplicable ; Inapplicable ; Inapplicable ; Inapplicable ; Inapplicable ; Inapplicable ; Inapplicable ; Pass         ; Inapplicable ; Inapplicable ; Inapplicable ; Inapplicable ; Pass         ; Pass      ; Pass      ; Pass      ; Inapplicable ; Inapplicable ;
; S_A[9]             ; Pass         ; Pass      ; Pass      ; Inapplicable ; Inapplicable ; Pass      ; Pass      ; Inapplicable ; Inapplicable ; Inapplicable ; Inapplicable ; Inapplicable ; Inapplicable ; Inapplicable ; Inapplicable ; Inapplicable ; Inapplicable ; Inapplicable ; Inapplicable ; Pass         ; Inapplicable ; Inapplicable ; Inapplicable ; Inapplicable ; Pass         ; Pass      ; Pass      ; Pass      ; Inapplicable ; Inapplicable ;
; S_A[10]            ; Pass         ; Pass      ; Pass      ; Inapplicable ; Inapplicable ; Pass      ; Pass      ; Inapplicable ; Inapplicable ; Inapplicable ; Inapplicable ; Inapplicable ; Inapplicable ; Inapplicable ; Inapplicable ; Inapplicable ; Inapplicable ; Inapplicable ; Inapplicable ; Pass         ; Inapplicable ; Inapplicable ; Inapplicable ; Inapplicable ; Pass         ; Pass      ; Pass      ; Pass      ; Inapplicable ; Inapplicable ;
; S_A[11]            ; Pass         ; Pass      ; Pass      ; Inapplicable ; Inapplicable ; Pass      ; Pass      ; Inapplicable ; Inapplicable ; Inapplicable ; Inapplicable ; Inapplicable ; Inapplicable ; Inapplicable ; Inapplicable ; Inapplicable ; Inapplicable ; Inapplicable ; Inapplicable ; Pass         ; Inapplicable ; Inapplicable ; Inapplicable ; Inapplicable ; Pass         ; Pass      ; Pass      ; Pass      ; Inapplicable ; Inapplicable ;
; S_A[12]            ; Pass         ; Pass      ; Pass      ; Inapplicable ; Inapplicable ; Pass      ; Pass      ; Inapplicable ; Inapplicable ; Inapplicable ; Inapplicable ; Inapplicable ; Inapplicable ; Inapplicable ; Inapplicable ; Inapplicable ; Inapplicable ; Inapplicable ; Inapplicable ; Pass         ; Inapplicable ; Inapplicable ; Inapplicable ; Inapplicable ; Pass         ; Pass      ; Pass      ; Pass      ; Inapplicable ; Inapplicable ;
; S_DQM[0]           ; Pass         ; Pass      ; Pass      ; Inapplicable ; Inapplicable ; Pass      ; Pass      ; Inapplicable ; Inapplicable ; Inapplicable ; Inapplicable ; Inapplicable ; Inapplicable ; Inapplicable ; Inapplicable ; Inapplicable ; Inapplicable ; Inapplicable ; Inapplicable ; Pass         ; Inapplicable ; Inapplicable ; Inapplicable ; Inapplicable ; Pass         ; Pass      ; Pass      ; Pass      ; Inapplicable ; Inapplicable ;
; S_DQM[1]           ; Pass         ; Pass      ; Pass      ; Inapplicable ; Inapplicable ; Pass      ; Pass      ; Inapplicable ; Inapplicable ; Inapplicable ; Inapplicable ; Inapplicable ; Inapplicable ; Inapplicable ; Inapplicable ; Inapplicable ; Inapplicable ; Inapplicable ; Inapplicable ; Pass         ; Inapplicable ; Inapplicable ; Inapplicable ; Inapplicable ; Pass         ; Pass      ; Pass      ; Pass      ; Inapplicable ; Inapplicable ;
; SD_CLK             ; Inapplicable ; Pass      ; Pass      ; Inapplicable ; Inapplicable ; Pass      ; Pass      ; Inapplicable ; Inapplicable ; Inapplicable ; Inapplicable ; Inapplicable ; Inapplicable ; Inapplicable ; Inapplicable ; Inapplicable ; Inapplicable ; Inapplicable ; Inapplicable ; Inapplicable ; Inapplicable ; Inapplicable ; Inapplicable ; Inapplicable ; Inapplicable ; Pass      ; Pass      ; Pass      ; Inapplicable ; Inapplicable ;
; SD_DI              ; Inapplicable ; Pass      ; Pass      ; Inapplicable ; Inapplicable ; Pass      ; Pass      ; Inapplicable ; Inapplicable ; Inapplicable ; Inapplicable ; Inapplicable ; Inapplicable ; Inapplicable ; Inapplicable ; Inapplicable ; Inapplicable ; Inapplicable ; Inapplicable ; Inapplicable ; Inapplicable ; Inapplicable ; Inapplicable ; Inapplicable ; Inapplicable ; Pass      ; Pass      ; Pass      ; Inapplicable ; Inapplicable ;
; SD_NCS             ; Inapplicable ; Pass      ; Pass      ; Inapplicable ; Inapplicable ; Pass      ; Pass      ; Inapplicable ; Inapplicable ; Inapplicable ; Inapplicable ; Inapplicable ; Inapplicable ; Inapplicable ; Inapplicable ; Inapplicable ; Inapplicable ; Inapplicable ; Inapplicable ; Inapplicable ; Inapplicable ; Inapplicable ; Inapplicable ; Inapplicable ; Inapplicable ; Pass      ; Pass      ; Pass      ; Inapplicable ; Inapplicable ;
; S_DB[0]            ; Pass         ; Pass      ; Pass      ; Inapplicable ; Inapplicable ; Pass      ; Pass      ; Inapplicable ; Inapplicable ; Inapplicable ; Inapplicable ; Inapplicable ; Inapplicable ; Inapplicable ; Inapplicable ; Inapplicable ; Inapplicable ; Pass         ; Inapplicable ; Pass         ; Pass         ; Inapplicable ; Inapplicable ; Inapplicable ; Pass         ; Pass      ; Pass      ; Pass      ; Inapplicable ; Inapplicable ;
; S_DB[1]            ; Pass         ; Pass      ; Pass      ; Inapplicable ; Inapplicable ; Pass      ; Pass      ; Inapplicable ; Inapplicable ; Inapplicable ; Inapplicable ; Inapplicable ; Inapplicable ; Inapplicable ; Inapplicable ; Inapplicable ; Inapplicable ; Pass         ; Inapplicable ; Pass         ; Pass         ; Inapplicable ; Inapplicable ; Inapplicable ; Pass         ; Pass      ; Pass      ; Pass      ; Inapplicable ; Inapplicable ;
; S_DB[2]            ; Pass         ; Pass      ; Pass      ; Inapplicable ; Inapplicable ; Pass      ; Pass      ; Inapplicable ; Inapplicable ; Inapplicable ; Inapplicable ; Inapplicable ; Inapplicable ; Inapplicable ; Inapplicable ; Inapplicable ; Inapplicable ; Pass         ; Inapplicable ; Pass         ; Pass         ; Inapplicable ; Inapplicable ; Inapplicable ; Pass         ; Pass      ; Pass      ; Pass      ; Inapplicable ; Inapplicable ;
; S_DB[3]            ; Pass         ; Pass      ; Pass      ; Inapplicable ; Inapplicable ; Pass      ; Pass      ; Inapplicable ; Inapplicable ; Inapplicable ; Inapplicable ; Inapplicable ; Inapplicable ; Inapplicable ; Inapplicable ; Inapplicable ; Inapplicable ; Pass         ; Inapplicable ; Pass         ; Pass         ; Inapplicable ; Inapplicable ; Inapplicable ; Pass         ; Pass      ; Pass      ; Pass      ; Inapplicable ; Inapplicable ;
; S_DB[4]            ; Pass         ; Pass      ; Pass      ; Inapplicable ; Inapplicable ; Pass      ; Pass      ; Inapplicable ; Inapplicable ; Inapplicable ; Inapplicable ; Inapplicable ; Inapplicable ; Inapplicable ; Inapplicable ; Inapplicable ; Inapplicable ; Pass         ; Inapplicable ; Pass         ; Pass         ; Inapplicable ; Inapplicable ; Inapplicable ; Pass         ; Pass      ; Pass      ; Pass      ; Inapplicable ; Inapplicable ;
; S_DB[5]            ; Pass         ; Pass      ; Pass      ; Inapplicable ; Inapplicable ; Pass      ; Pass      ; Inapplicable ; Inapplicable ; Inapplicable ; Inapplicable ; Inapplicable ; Inapplicable ; Inapplicable ; Inapplicable ; Inapplicable ; Inapplicable ; Pass         ; Inapplicable ; Pass         ; Pass         ; Inapplicable ; Inapplicable ; Inapplicable ; Pass         ; Pass      ; Pass      ; Pass      ; Inapplicable ; Inapplicable ;
; S_DB[6]            ; Pass         ; Pass      ; Pass      ; Inapplicable ; Inapplicable ; Pass      ; Pass      ; Inapplicable ; Inapplicable ; Inapplicable ; Inapplicable ; Inapplicable ; Inapplicable ; Inapplicable ; Inapplicable ; Inapplicable ; Inapplicable ; Pass         ; Inapplicable ; Pass         ; Pass         ; Inapplicable ; Inapplicable ; Inapplicable ; Pass         ; Pass      ; Pass      ; Pass      ; Inapplicable ; Inapplicable ;
; S_DB[7]            ; Pass         ; Pass      ; Pass      ; Inapplicable ; Inapplicable ; Pass      ; Pass      ; Inapplicable ; Inapplicable ; Inapplicable ; Inapplicable ; Inapplicable ; Inapplicable ; Inapplicable ; Inapplicable ; Inapplicable ; Inapplicable ; Pass         ; Inapplicable ; Pass         ; Pass         ; Inapplicable ; Inapplicable ; Inapplicable ; Pass         ; Pass      ; Pass      ; Pass      ; Inapplicable ; Inapplicable ;
; S_DB[8]            ; Pass         ; Pass      ; Pass      ; Inapplicable ; Inapplicable ; Pass      ; Pass      ; Inapplicable ; Inapplicable ; Inapplicable ; Inapplicable ; Inapplicable ; Inapplicable ; Inapplicable ; Inapplicable ; Inapplicable ; Inapplicable ; Pass         ; Inapplicable ; Pass         ; Pass         ; Inapplicable ; Inapplicable ; Inapplicable ; Pass         ; Pass      ; Pass      ; Pass      ; Inapplicable ; Inapplicable ;
; S_DB[9]            ; Pass         ; Pass      ; Pass      ; Inapplicable ; Inapplicable ; Pass      ; Pass      ; Inapplicable ; Inapplicable ; Inapplicable ; Inapplicable ; Inapplicable ; Inapplicable ; Inapplicable ; Inapplicable ; Inapplicable ; Inapplicable ; Pass         ; Inapplicable ; Pass         ; Pass         ; Inapplicable ; Inapplicable ; Inapplicable ; Pass         ; Pass      ; Pass      ; Pass      ; Inapplicable ; Inapplicable ;
; S_DB[10]           ; Pass         ; Pass      ; Pass      ; Inapplicable ; Inapplicable ; Pass      ; Pass      ; Inapplicable ; Inapplicable ; Inapplicable ; Inapplicable ; Inapplicable ; Inapplicable ; Inapplicable ; Inapplicable ; Inapplicable ; Inapplicable ; Pass         ; Inapplicable ; Pass         ; Pass         ; Inapplicable ; Inapplicable ; Inapplicable ; Pass         ; Pass      ; Pass      ; Pass      ; Inapplicable ; Inapplicable ;
; S_DB[11]           ; Pass         ; Pass      ; Pass      ; Inapplicable ; Inapplicable ; Pass      ; Pass      ; Inapplicable ; Inapplicable ; Inapplicable ; Inapplicable ; Inapplicable ; Inapplicable ; Inapplicable ; Inapplicable ; Inapplicable ; Inapplicable ; Pass         ; Inapplicable ; Pass         ; Pass         ; Inapplicable ; Inapplicable ; Inapplicable ; Pass         ; Pass      ; Pass      ; Pass      ; Inapplicable ; Inapplicable ;
; S_DB[12]           ; Pass         ; Pass      ; Pass      ; Inapplicable ; Inapplicable ; Pass      ; Pass      ; Inapplicable ; Inapplicable ; Inapplicable ; Inapplicable ; Inapplicable ; Inapplicable ; Inapplicable ; Inapplicable ; Inapplicable ; Inapplicable ; Pass         ; Inapplicable ; Pass         ; Pass         ; Inapplicable ; Inapplicable ; Inapplicable ; Pass         ; Pass      ; Pass      ; Pass      ; Inapplicable ; Inapplicable ;
; S_DB[13]           ; Pass         ; Pass      ; Pass      ; Inapplicable ; Inapplicable ; Pass      ; Pass      ; Inapplicable ; Inapplicable ; Inapplicable ; Inapplicable ; Inapplicable ; Inapplicable ; Inapplicable ; Inapplicable ; Inapplicable ; Inapplicable ; Pass         ; Inapplicable ; Pass         ; Pass         ; Inapplicable ; Inapplicable ; Inapplicable ; Pass         ; Pass      ; Pass      ; Pass      ; Inapplicable ; Inapplicable ;
; S_DB[14]           ; Pass         ; Pass      ; Pass      ; Inapplicable ; Inapplicable ; Pass      ; Pass      ; Inapplicable ; Inapplicable ; Inapplicable ; Inapplicable ; Inapplicable ; Inapplicable ; Inapplicable ; Inapplicable ; Inapplicable ; Inapplicable ; Pass         ; Inapplicable ; Pass         ; Pass         ; Inapplicable ; Inapplicable ; Inapplicable ; Pass         ; Pass      ; Pass      ; Pass      ; Inapplicable ; Inapplicable ;
; S_DB[15]           ; Pass         ; Pass      ; Pass      ; Inapplicable ; Inapplicable ; Pass      ; Pass      ; Inapplicable ; Inapplicable ; Inapplicable ; Inapplicable ; Inapplicable ; Inapplicable ; Inapplicable ; Inapplicable ; Inapplicable ; Inapplicable ; Pass         ; Inapplicable ; Pass         ; Pass         ; Inapplicable ; Inapplicable ; Inapplicable ; Pass         ; Pass      ; Pass      ; Pass      ; Inapplicable ; Inapplicable ;
; CLOCK              ; Inapplicable ; Pass      ; Pass      ; Inapplicable ; Inapplicable ; Pass      ; Pass      ; Inapplicable ; Inapplicable ; Inapplicable ; Inapplicable ; Inapplicable ; Inapplicable ; Inapplicable ; Inapplicable ; Inapplicable ; Inapplicable ; Pass         ; Inapplicable ; Inapplicable ; Pass         ; Inapplicable ; Inapplicable ; Inapplicable ; Inapplicable ; Pass      ; Pass      ; Pass      ; Inapplicable ; Inapplicable ;
; KEY2               ; Inapplicable ; Pass      ; Pass      ; Inapplicable ; Inapplicable ; Pass      ; Pass      ; Inapplicable ; Inapplicable ; Inapplicable ; Inapplicable ; Inapplicable ; Inapplicable ; Inapplicable ; Inapplicable ; Inapplicable ; Inapplicable ; Pass         ; Inapplicable ; Inapplicable ; Pass         ; Inapplicable ; Inapplicable ; Inapplicable ; Inapplicable ; Pass      ; Pass      ; Pass      ; Inapplicable ; Inapplicable ;
; SD_DO              ; Inapplicable ; Pass      ; Pass      ; Inapplicable ; Inapplicable ; Pass      ; Pass      ; Inapplicable ; Inapplicable ; Inapplicable ; Inapplicable ; Inapplicable ; Inapplicable ; Inapplicable ; Inapplicable ; Inapplicable ; Inapplicable ; Pass         ; Inapplicable ; Inapplicable ; Pass         ; Inapplicable ; Inapplicable ; Inapplicable ; Inapplicable ; Pass      ; Pass      ; Pass      ; Inapplicable ; Inapplicable ;
; RXD                ; Inapplicable ; Pass      ; Pass      ; Inapplicable ; Inapplicable ; Pass      ; Pass      ; Inapplicable ; Inapplicable ; Inapplicable ; Inapplicable ; Inapplicable ; Inapplicable ; Inapplicable ; Inapplicable ; Inapplicable ; Inapplicable ; Pass         ; Inapplicable ; Inapplicable ; Pass         ; Inapplicable ; Inapplicable ; Inapplicable ; Inapplicable ; Pass      ; Pass      ; Pass      ; Inapplicable ; Inapplicable ;
+--------------------+--------------+-----------+-----------+--------------+--------------+-----------+-----------+--------------+--------------+--------------+--------------+--------------+--------------+--------------+--------------+--------------+--------------+--------------+--------------+--------------+--------------+--------------+--------------+--------------+--------------+-----------+-----------+-----------+--------------+--------------+


+---------------------------------------------------------------------------------------------+
; Fitter Device Options                                                                       ;
+------------------------------------------------------------------+--------------------------+
; Option                                                           ; Setting                  ;
+------------------------------------------------------------------+--------------------------+
; Enable user-supplied start-up clock (CLKUSR)                     ; Off                      ;
; Enable device-wide reset (DEV_CLRn)                              ; Off                      ;
; Enable device-wide output enable (DEV_OE)                        ; Off                      ;
; Enable INIT_DONE output                                          ; Off                      ;
; Configuration scheme                                             ; Active Serial            ;
; Error detection CRC                                              ; Off                      ;
; Enable open drain on CRC_ERROR pin                               ; Off                      ;
; Enable input tri-state on active configuration pins in user mode ; Off                      ;
; Configuration Voltage Level                                      ; Auto                     ;
; Force Configuration Voltage Level                                ; Off                      ;
; nCEO                                                             ; Unreserved               ;
; Data[0]                                                          ; As input tri-stated      ;
; Data[1]/ASDO                                                     ; As input tri-stated      ;
; Data[7..2]                                                       ; Unreserved               ;
; FLASH_nCE/nCSO                                                   ; As input tri-stated      ;
; Other Active Parallel pins                                       ; Unreserved               ;
; DCLK                                                             ; As output driving ground ;
+------------------------------------------------------------------+--------------------------+


+------------------------------------+
; Operating Settings and Conditions  ;
+---------------------------+--------+
; Setting                   ; Value  ;
+---------------------------+--------+
; Nominal Core Voltage      ; 1.20 V ;
; Low Junction Temperature  ; 0 °C   ;
; High Junction Temperature ; 85 °C  ;
+---------------------------+--------+


+------------------------------------------------------------+
; Estimated Delay Added for Hold Timing Summary              ;
+-----------------+----------------------+-------------------+
; Source Clock(s) ; Destination Clock(s) ; Delay Added in ns ;
+-----------------+----------------------+-------------------+
; CLOCK           ; CLOCK                ; 6.8               ;
+-----------------+----------------------+-------------------+
Note: For more information on problematic transfers, consider running the Fitter again with the Optimize hold timing option (Settings Menu) turned off.
This will disable optimization of problematic paths and expose them for further analysis using the Timing Analyzer.


+---------------------------------------------------------------------------------------------------------------------------------------------------------------------------------------------------------------------------------------------------------------------------------------------------------------------------------------------------------------------------------------------------------------------------------------------------------------------------+
; Estimated Delay Added for Hold Timing Details                                                                                                                                                                                                                                                                                                                                                                                                                             ;
+-------------------------------------------------------------------------------------------------------------------------------------------------------------------------------------------------------------------+-----------------------------------------------------------------------------------------------------------------------------------------------------------------------------------------------------------------------------------+-------------------+
; Source Register                                                                                                                                                                                                   ; Destination Register                                                                                                                                                                                                              ; Delay Added in ns ;
+-------------------------------------------------------------------------------------------------------------------------------------------------------------------------------------------------------------------+-----------------------------------------------------------------------------------------------------------------------------------------------------------------------------------------------------------------------------------+-------------------+
; neorv32_top:neorv32_top_inst|neorv32_bus_io_switch:\io_system:neorv32_bus_io_switch_inst|neorv32_bus_reg:neorv32_bus_reg_inst|device_req_o.addr[3]                                                                ; neorv32_top:neorv32_top_inst|neorv32_bootrom:\io_system:neorv32_bootrom_enabled:neorv32_boot_rom_inst|neorv32_bootrom_rom:bootrom_rom_inst|altsyncram:Mux26_rtl_0|altsyncram_ct01:auto_generated|ram_block1a31~porta_address_reg0 ; 0.336             ;
; wb_sdram_ctrl:wb_sdram_inst|sdram_ctrl:u_sdram|addr_lat[21]                                                                                                                                                       ; wb_sdram_ctrl:wb_sdram_inst|sdram_ctrl:u_sdram|sdram_addr[11]                                                                                                                                                                     ; 0.118             ;
; wb_sdram_ctrl:wb_sdram_inst|sdram_ctrl:u_sdram|addr_lat[23]                                                                                                                                                       ; wb_sdram_ctrl:wb_sdram_inst|sdram_ctrl:u_sdram|sdram_ba[0]                                                                                                                                                                        ; 0.118             ;
; wb_tpu_accel:wb_tpu_inst|tpu_accel:u_tpu|x_in_reg[18]                                                                                                                                                             ; wb_tpu_accel:wb_tpu_inst|tpu_accel:u_tpu|systolic_array_4x4:sa_inst|pe:pe_0_2|psum_out[31]                                                                                                                                        ; 0.118             ;
; wb_tpu_accel:wb_tpu_inst|tpu_accel:u_tpu|x_in_reg[19]                                                                                                                                                             ; wb_tpu_accel:wb_tpu_inst|tpu_accel:u_tpu|systolic_array_4x4:sa_inst|pe:pe_0_2|psum_out[31]                                                                                                                                        ; 0.118             ;
; wb_tpu_accel:wb_tpu_inst|tpu_accel:u_tpu|x_in_reg[21]                                                                                                                                                             ; wb_tpu_accel:wb_tpu_inst|tpu_accel:u_tpu|systolic_array_4x4:sa_inst|pe:pe_0_2|psum_out[31]                                                                                                                                        ; 0.118             ;
; wb_tpu_accel:wb_tpu_inst|tpu_accel:u_tpu|x_in_reg[22]                                                                                                                                                             ; wb_tpu_accel:wb_tpu_inst|tpu_accel:u_tpu|systolic_array_4x4:sa_inst|pe:pe_0_2|psum_out[31]                                                                                                                                        ; 0.118             ;
; wb_tpu_accel:wb_tpu_inst|tpu_accel:u_tpu|x_in_reg[1]                                                                                                                                                              ; wb_tpu_accel:wb_tpu_inst|tpu_accel:u_tpu|systolic_array_4x4:sa_inst|pe:pe_0_0|psum_out[31]                                                                                                                                        ; 0.118             ;
; wb_tpu_accel:wb_tpu_inst|tpu_accel:u_tpu|x_in_reg[2]                                                                                                                                                              ; wb_tpu_accel:wb_tpu_inst|tpu_accel:u_tpu|systolic_array_4x4:sa_inst|pe:pe_0_0|psum_out[31]                                                                                                                                        ; 0.118             ;
; wb_tpu_accel:wb_tpu_inst|tpu_accel:u_tpu|x_in_reg[4]                                                                                                                                                              ; wb_tpu_accel:wb_tpu_inst|tpu_accel:u_tpu|systolic_array_4x4:sa_inst|pe:pe_0_0|psum_out[31]                                                                                                                                        ; 0.118             ;
; wb_tpu_accel:wb_tpu_inst|tpu_accel:u_tpu|x_in_reg[5]                                                                                                                                                              ; wb_tpu_accel:wb_tpu_inst|tpu_accel:u_tpu|systolic_array_4x4:sa_inst|pe:pe_0_0|psum_out[31]                                                                                                                                        ; 0.118             ;
; wb_tpu_accel:wb_tpu_inst|tpu_accel:u_tpu|x_in_reg[7]                                                                                                                                                              ; wb_tpu_accel:wb_tpu_inst|tpu_accel:u_tpu|systolic_array_4x4:sa_inst|pe:pe_0_0|psum_out[31]                                                                                                                                        ; 0.118             ;
; neorv32_top:neorv32_top_inst|neorv32_cpu:\core_complex_gen:0:neorv32_cpu_inst|neorv32_cpu_alu:neorv32_cpu_alu_inst|neorv32_cpu_alu_muldiv:\neorv32_cpu_alu_muldiv_enabled:neorv32_cpu_alu_muldiv_inst|div.rema[9] ; neorv32_top:neorv32_top_inst|neorv32_cpu:\core_complex_gen:0:neorv32_cpu_inst|neorv32_cpu_alu:neorv32_cpu_alu_inst|neorv32_cpu_alu_muldiv:\neorv32_cpu_alu_muldiv_enabled:neorv32_cpu_alu_muldiv_inst|div.rema[10]                ; 0.118             ;
; wb_tpu_accel:wb_tpu_inst|tpu_accel:u_tpu|x_in_reg[17]                                                                                                                                                             ; wb_tpu_accel:wb_tpu_inst|tpu_accel:u_tpu|systolic_array_4x4:sa_inst|pe:pe_0_2|psum_out[31]                                                                                                                                        ; 0.117             ;
; wb_tpu_accel:wb_tpu_inst|tpu_accel:u_tpu|x_in_reg[20]                                                                                                                                                             ; wb_tpu_accel:wb_tpu_inst|tpu_accel:u_tpu|systolic_array_4x4:sa_inst|pe:pe_0_2|psum_out[31]                                                                                                                                        ; 0.117             ;
; wb_tpu_accel:wb_tpu_inst|tpu_accel:u_tpu|x_in_reg[23]                                                                                                                                                             ; wb_tpu_accel:wb_tpu_inst|tpu_accel:u_tpu|systolic_array_4x4:sa_inst|pe:pe_0_2|psum_out[31]                                                                                                                                        ; 0.117             ;
; wb_sdram_ctrl:wb_sdram_inst|sdram_ctrl:u_sdram|state.S_INIT_PRE_W                                                                                                                                                 ; wb_sdram_ctrl:wb_sdram_inst|sdram_ctrl:u_sdram|cnt[6]                                                                                                                                                                             ; 0.116             ;
; wb_tpu_accel:wb_tpu_inst|tpu_accel:u_tpu|x_in_reg[3]                                                                                                                                                              ; wb_tpu_accel:wb_tpu_inst|tpu_accel:u_tpu|systolic_array_4x4:sa_inst|pe:pe_0_0|psum_out[31]                                                                                                                                        ; 0.116             ;
; wb_tpu_accel:wb_tpu_inst|tpu_accel:u_tpu|x_in_reg[6]                                                                                                                                                              ; wb_tpu_accel:wb_tpu_inst|tpu_accel:u_tpu|systolic_array_4x4:sa_inst|pe:pe_0_0|psum_out[31]                                                                                                                                        ; 0.116             ;
; wb_tpu_accel:wb_tpu_inst|tpu_accel:u_tpu|x_in_reg[0]                                                                                                                                                              ; wb_tpu_accel:wb_tpu_inst|tpu_accel:u_tpu|systolic_array_4x4:sa_inst|pe:pe_0_0|psum_out[31]                                                                                                                                        ; 0.115             ;
; neorv32_top:neorv32_top_inst|neorv32_cpu:\core_complex_gen:0:neorv32_cpu_inst|neorv32_cpu_alu:neorv32_cpu_alu_inst|neorv32_cpu_alu_muldiv:\neorv32_cpu_alu_muldiv_enabled:neorv32_cpu_alu_muldiv_inst|div.rema[0] ; neorv32_top:neorv32_top_inst|neorv32_cpu:\core_complex_gen:0:neorv32_cpu_inst|neorv32_cpu_alu:neorv32_cpu_alu_inst|neorv32_cpu_alu_muldiv:\neorv32_cpu_alu_muldiv_enabled:neorv32_cpu_alu_muldiv_inst|div.rema[1]                 ; 0.115             ;
; neorv32_top:neorv32_top_inst|neorv32_cache:\core_complex_gen:0:neorv32_icache_enabled:neorv32_icache_inst|neorv32_cache_ram:neorv32_cache_ram_inst|neorv32_prim_spram:tag_ram_inst|spram~77                       ; neorv32_top:neorv32_top_inst|neorv32_cache:\core_complex_gen:0:neorv32_icache_enabled:neorv32_icache_inst|neorv32_cache_ram:neorv32_cache_ram_inst|neorv32_prim_spram:tag_ram_inst|rdata[2]                                       ; 0.114             ;
; neorv32_top:neorv32_top_inst|neorv32_cache:\core_complex_gen:0:neorv32_icache_enabled:neorv32_icache_inst|neorv32_cache_ram:neorv32_cache_ram_inst|neorv32_prim_spram:tag_ram_inst|spram~79                       ; neorv32_top:neorv32_top_inst|neorv32_cache:\core_complex_gen:0:neorv32_icache_enabled:neorv32_icache_inst|neorv32_cache_ram:neorv32_cache_ram_inst|neorv32_prim_spram:tag_ram_inst|rdata[4]                                       ; 0.114             ;
; neorv32_top:neorv32_top_inst|neorv32_cache:\core_complex_gen:0:neorv32_icache_enabled:neorv32_icache_inst|neorv32_cache_ram:neorv32_cache_ram_inst|neorv32_prim_spram:tag_ram_inst|spram~81                       ; neorv32_top:neorv32_top_inst|neorv32_cache:\core_complex_gen:0:neorv32_icache_enabled:neorv32_icache_inst|neorv32_cache_ram:neorv32_cache_ram_inst|neorv32_prim_spram:tag_ram_inst|rdata[6]                                       ; 0.114             ;
; neorv32_top:neorv32_top_inst|neorv32_cache:\core_complex_gen:0:neorv32_icache_enabled:neorv32_icache_inst|neorv32_cache_ram:neorv32_cache_ram_inst|neorv32_prim_spram:tag_ram_inst|spram~70                       ; neorv32_top:neorv32_top_inst|neorv32_cache:\core_complex_gen:0:neorv32_icache_enabled:neorv32_icache_inst|neorv32_cache_ram:neorv32_cache_ram_inst|neorv32_prim_spram:tag_ram_inst|rdata[19]                                      ; 0.114             ;
; neorv32_top:neorv32_top_inst|neorv32_cache:\core_complex_gen:0:neorv32_icache_enabled:neorv32_icache_inst|neorv32_cache_ram:neorv32_cache_ram_inst|neorv32_prim_spram:tag_ram_inst|spram~72                       ; neorv32_top:neorv32_top_inst|neorv32_cache:\core_complex_gen:0:neorv32_icache_enabled:neorv32_icache_inst|neorv32_cache_ram:neorv32_cache_ram_inst|neorv32_prim_spram:tag_ram_inst|rdata[21]                                      ; 0.114             ;
; neorv32_top:neorv32_top_inst|neorv32_cache:\core_complex_gen:0:neorv32_icache_enabled:neorv32_icache_inst|neorv32_cache_ram:neorv32_cache_ram_inst|neorv32_prim_spram:tag_ram_inst|spram~97                       ; neorv32_top:neorv32_top_inst|neorv32_cache:\core_complex_gen:0:neorv32_icache_enabled:neorv32_icache_inst|neorv32_cache_ram:neorv32_cache_ram_inst|neorv32_prim_spram:tag_ram_inst|rdata[22]                                      ; 0.114             ;
; wb_tpu_accel:wb_tpu_inst|tpu_accel:u_tpu|x_in_reg[16]                                                                                                                                                             ; wb_tpu_accel:wb_tpu_inst|tpu_accel:u_tpu|systolic_array_4x4:sa_inst|pe:pe_0_2|psum_out[31]                                                                                                                                        ; 0.114             ;
; neorv32_top:neorv32_top_inst|neorv32_sys_reset:\soc_generators:neorv32_sys_reset_inst|sreg_sys[2]                                                                                                                 ; neorv32_top:neorv32_top_inst|neorv32_sys_reset:\soc_generators:neorv32_sys_reset_inst|rstn_sys_o                                                                                                                                  ; 0.113             ;
; neorv32_top:neorv32_top_inst|neorv32_cpu:\core_complex_gen:0:neorv32_cpu_inst|neorv32_cpu_alu:neorv32_cpu_alu_inst|neorv32_cpu_alu_muldiv:\neorv32_cpu_alu_muldiv_enabled:neorv32_cpu_alu_muldiv_inst|mul.res[6]  ; neorv32_top:neorv32_top_inst|neorv32_cpu:\core_complex_gen:0:neorv32_cpu_inst|neorv32_cpu_alu:neorv32_cpu_alu_inst|neorv32_cpu_alu_muldiv:\neorv32_cpu_alu_muldiv_enabled:neorv32_cpu_alu_muldiv_inst|mul.res[5]                  ; 0.112             ;
; neorv32_top:neorv32_top_inst|neorv32_cpu:\core_complex_gen:0:neorv32_cpu_inst|neorv32_cpu_alu:neorv32_cpu_alu_inst|neorv32_cpu_alu_muldiv:\neorv32_cpu_alu_muldiv_enabled:neorv32_cpu_alu_muldiv_inst|mul.res[2]  ; neorv32_top:neorv32_top_inst|neorv32_cpu:\core_complex_gen:0:neorv32_cpu_inst|neorv32_cpu_alu:neorv32_cpu_alu_inst|neorv32_cpu_alu_muldiv:\neorv32_cpu_alu_muldiv_enabled:neorv32_cpu_alu_muldiv_inst|mul.res[1]                  ; 0.112             ;
; neorv32_top:neorv32_top_inst|neorv32_gpio:\io_system:neorv32_gpio_enabled:neorv32_gpio_inst|irq_en[0]                                                                                                             ; neorv32_top:neorv32_top_inst|neorv32_gpio:\io_system:neorv32_gpio_enabled:neorv32_gpio_inst|irq_pend[0]                                                                                                                           ; 0.112             ;
; neorv32_top:neorv32_top_inst|neorv32_gpio:\io_system:neorv32_gpio_enabled:neorv32_gpio_inst|irq_en[3]                                                                                                             ; neorv32_top:neorv32_top_inst|neorv32_gpio:\io_system:neorv32_gpio_enabled:neorv32_gpio_inst|irq_pend[3]                                                                                                                           ; 0.112             ;
; neorv32_top:neorv32_top_inst|neorv32_gpio:\io_system:neorv32_gpio_enabled:neorv32_gpio_inst|irq_en[2]                                                                                                             ; neorv32_top:neorv32_top_inst|neorv32_gpio:\io_system:neorv32_gpio_enabled:neorv32_gpio_inst|irq_pend[2]                                                                                                                           ; 0.112             ;
; neorv32_top:neorv32_top_inst|neorv32_gpio:\io_system:neorv32_gpio_enabled:neorv32_gpio_inst|irq_en[1]                                                                                                             ; neorv32_top:neorv32_top_inst|neorv32_gpio:\io_system:neorv32_gpio_enabled:neorv32_gpio_inst|irq_pend[1]                                                                                                                           ; 0.112             ;
; neorv32_top:neorv32_top_inst|neorv32_sys_reset:\soc_generators:neorv32_sys_reset_inst|sreg_sys[3]                                                                                                                 ; neorv32_top:neorv32_top_inst|neorv32_sys_reset:\soc_generators:neorv32_sys_reset_inst|rstn_sys_o                                                                                                                                  ; 0.109             ;
; neorv32_top:neorv32_top_inst|neorv32_sysinfo:\io_system:neorv32_sysinfo_inst|bus_rsp_o.data[13]                                                                                                                   ; neorv32_top:neorv32_top_inst|neorv32_bus_io_switch:\io_system:neorv32_bus_io_switch_inst|neorv32_bus_reg:neorv32_bus_reg_inst|host_rsp_o.data[13]                                                                                 ; 0.093             ;
; neorv32_top:neorv32_top_inst|neorv32_uart:\io_system:neorv32_uart0_enabled:neorv32_uart0_inst|tx_engine.sreg[0]                                                                                                   ; neorv32_top:neorv32_top_inst|neorv32_uart:\io_system:neorv32_uart0_enabled:neorv32_uart0_inst|uart_txd_o                                                                                                                          ; 0.086             ;
; neorv32_top:neorv32_top_inst|neorv32_spi:\io_system:neorv32_spi_enabled:neorv32_spi_inst|rtx_engine.cs_ctrl[1]                                                                                                    ; neorv32_top:neorv32_top_inst|neorv32_spi:\io_system:neorv32_spi_enabled:neorv32_spi_inst|spi_csn_o[0]                                                                                                                             ; 0.083             ;
; neorv32_top:neorv32_top_inst|neorv32_spi:\io_system:neorv32_spi_enabled:neorv32_spi_inst|rtx_engine.cs_ctrl[2]                                                                                                    ; neorv32_top:neorv32_top_inst|neorv32_spi:\io_system:neorv32_spi_enabled:neorv32_spi_inst|spi_csn_o[0]                                                                                                                             ; 0.080             ;
; wb_tpu_accel:wb_tpu_inst|tpu_accel:u_tpu|x_in_reg[24]                                                                                                                                                             ; wb_tpu_accel:wb_tpu_inst|tpu_accel:u_tpu|systolic_array_4x4:sa_inst|pe:pe_0_3|psum_out[31]                                                                                                                                        ; 0.063             ;
; wb_tpu_accel:wb_tpu_inst|tpu_accel:u_tpu|x_in_reg[27]                                                                                                                                                             ; wb_tpu_accel:wb_tpu_inst|tpu_accel:u_tpu|systolic_array_4x4:sa_inst|pe:pe_0_3|psum_out[31]                                                                                                                                        ; 0.063             ;
; wb_tpu_accel:wb_tpu_inst|tpu_accel:u_tpu|x_in_reg[30]                                                                                                                                                             ; wb_tpu_accel:wb_tpu_inst|tpu_accel:u_tpu|systolic_array_4x4:sa_inst|pe:pe_0_3|psum_out[31]                                                                                                                                        ; 0.063             ;
; wb_tpu_accel:wb_tpu_inst|tpu_accel:u_tpu|x_in_reg[26]                                                                                                                                                             ; wb_tpu_accel:wb_tpu_inst|tpu_accel:u_tpu|systolic_array_4x4:sa_inst|pe:pe_0_3|psum_out[31]                                                                                                                                        ; 0.061             ;
; wb_tpu_accel:wb_tpu_inst|tpu_accel:u_tpu|x_in_reg[28]                                                                                                                                                             ; wb_tpu_accel:wb_tpu_inst|tpu_accel:u_tpu|systolic_array_4x4:sa_inst|pe:pe_0_3|psum_out[31]                                                                                                                                        ; 0.061             ;
; wb_tpu_accel:wb_tpu_inst|tpu_accel:u_tpu|x_in_reg[29]                                                                                                                                                             ; wb_tpu_accel:wb_tpu_inst|tpu_accel:u_tpu|systolic_array_4x4:sa_inst|pe:pe_0_3|psum_out[31]                                                                                                                                        ; 0.061             ;
; wb_tpu_accel:wb_tpu_inst|tpu_accel:u_tpu|x_in_reg[31]                                                                                                                                                             ; wb_tpu_accel:wb_tpu_inst|tpu_accel:u_tpu|systolic_array_4x4:sa_inst|pe:pe_0_3|psum_out[31]                                                                                                                                        ; 0.061             ;
; wb_tpu_accel:wb_tpu_inst|tpu_accel:u_tpu|x_in_reg[9]                                                                                                                                                              ; wb_tpu_accel:wb_tpu_inst|tpu_accel:u_tpu|systolic_array_4x4:sa_inst|pe:pe_0_1|psum_out[31]                                                                                                                                        ; 0.060             ;
; wb_tpu_accel:wb_tpu_inst|tpu_accel:u_tpu|x_in_reg[10]                                                                                                                                                             ; wb_tpu_accel:wb_tpu_inst|tpu_accel:u_tpu|systolic_array_4x4:sa_inst|pe:pe_0_1|psum_out[31]                                                                                                                                        ; 0.060             ;
; wb_tpu_accel:wb_tpu_inst|tpu_accel:u_tpu|x_in_reg[12]                                                                                                                                                             ; wb_tpu_accel:wb_tpu_inst|tpu_accel:u_tpu|systolic_array_4x4:sa_inst|pe:pe_0_1|psum_out[31]                                                                                                                                        ; 0.060             ;
; wb_tpu_accel:wb_tpu_inst|tpu_accel:u_tpu|x_in_reg[13]                                                                                                                                                             ; wb_tpu_accel:wb_tpu_inst|tpu_accel:u_tpu|systolic_array_4x4:sa_inst|pe:pe_0_1|psum_out[31]                                                                                                                                        ; 0.060             ;
; wb_tpu_accel:wb_tpu_inst|tpu_accel:u_tpu|x_in_reg[15]                                                                                                                                                             ; wb_tpu_accel:wb_tpu_inst|tpu_accel:u_tpu|systolic_array_4x4:sa_inst|pe:pe_0_1|psum_out[31]                                                                                                                                        ; 0.060             ;
; wb_tpu_accel:wb_tpu_inst|tpu_accel:u_tpu|x_in_reg[25]                                                                                                                                                             ; wb_tpu_accel:wb_tpu_inst|tpu_accel:u_tpu|systolic_array_4x4:sa_inst|pe:pe_0_3|psum_out[31]                                                                                                                                        ; 0.060             ;
; wb_tpu_accel:wb_tpu_inst|tpu_accel:u_tpu|x_in_reg[11]                                                                                                                                                             ; wb_tpu_accel:wb_tpu_inst|tpu_accel:u_tpu|systolic_array_4x4:sa_inst|pe:pe_0_1|psum_out[31]                                                                                                                                        ; 0.059             ;
; wb_tpu_accel:wb_tpu_inst|tpu_accel:u_tpu|x_in_reg[14]                                                                                                                                                             ; wb_tpu_accel:wb_tpu_inst|tpu_accel:u_tpu|systolic_array_4x4:sa_inst|pe:pe_0_1|psum_out[31]                                                                                                                                        ; 0.059             ;
; wb_tpu_accel:wb_tpu_inst|tpu_accel:u_tpu|bulk_data[16]                                                                                                                                                            ; wb_tpu_accel:wb_tpu_inst|tpu_accel:u_tpu|sa_w_data[0]                                                                                                                                                                             ; 0.059             ;
; wb_tpu_accel:wb_tpu_inst|tpu_accel:u_tpu|bulk_data[18]                                                                                                                                                            ; wb_tpu_accel:wb_tpu_inst|tpu_accel:u_tpu|sa_w_data[2]                                                                                                                                                                             ; 0.059             ;
; wb_tpu_accel:wb_tpu_inst|tpu_accel:u_tpu|bulk_data[20]                                                                                                                                                            ; wb_tpu_accel:wb_tpu_inst|tpu_accel:u_tpu|sa_w_data[4]                                                                                                                                                                             ; 0.059             ;
; wb_tpu_accel:wb_tpu_inst|tpu_accel:u_tpu|bulk_data[29]                                                                                                                                                            ; wb_tpu_accel:wb_tpu_inst|tpu_accel:u_tpu|sa_w_data[5]                                                                                                                                                                             ; 0.059             ;
; wb_tpu_accel:wb_tpu_inst|tpu_accel:u_tpu|bulk_data[22]                                                                                                                                                            ; wb_tpu_accel:wb_tpu_inst|tpu_accel:u_tpu|sa_w_data[6]                                                                                                                                                                             ; 0.059             ;
; wb_sdram_ctrl:wb_sdram_inst|sdram_ctrl:u_sdram|addr_lat[19]                                                                                                                                                       ; wb_sdram_ctrl:wb_sdram_inst|sdram_ctrl:u_sdram|sdram_addr[9]                                                                                                                                                                      ; 0.058             ;
; neorv32_top:neorv32_top_inst|neorv32_uart:\io_system:neorv32_uart0_enabled:neorv32_uart0_inst|neorv32_prim_fifo:rx_engine_fifo_inst|r_pnt[1]                                                                      ; neorv32_top:neorv32_top_inst|neorv32_uart:\io_system:neorv32_uart0_enabled:neorv32_uart0_inst|neorv32_prim_fifo:rx_engine_fifo_inst|rdata[7]                                                                                      ; 0.057             ;
; wb_tpu_accel:wb_tpu_inst|tpu_accel:u_tpu|x_in_reg[8]                                                                                                                                                              ; wb_tpu_accel:wb_tpu_inst|tpu_accel:u_tpu|systolic_array_4x4:sa_inst|pe:pe_0_1|psum_out[31]                                                                                                                                        ; 0.057             ;
; neorv32_top:neorv32_top_inst|neorv32_cache:\core_complex_gen:0:neorv32_icache_enabled:neorv32_icache_inst|neorv32_cache_ram:neorv32_cache_ram_inst|neorv32_prim_spram:tag_ram_inst|spram~85                       ; neorv32_top:neorv32_top_inst|neorv32_cache:\core_complex_gen:0:neorv32_icache_enabled:neorv32_icache_inst|neorv32_cache_ram:neorv32_cache_ram_inst|neorv32_prim_spram:tag_ram_inst|rdata[10]                                      ; 0.056             ;
; neorv32_top:neorv32_top_inst|neorv32_cache:\core_complex_gen:0:neorv32_icache_enabled:neorv32_icache_inst|neorv32_cache_ram:neorv32_cache_ram_inst|neorv32_prim_spram:tag_ram_inst|spram~87                       ; neorv32_top:neorv32_top_inst|neorv32_cache:\core_complex_gen:0:neorv32_icache_enabled:neorv32_icache_inst|neorv32_cache_ram:neorv32_cache_ram_inst|neorv32_prim_spram:tag_ram_inst|rdata[12]                                      ; 0.056             ;
; neorv32_top:neorv32_top_inst|neorv32_cache:\core_complex_gen:0:neorv32_icache_enabled:neorv32_icache_inst|neorv32_cache_ram:neorv32_cache_ram_inst|neorv32_prim_spram:tag_ram_inst|spram~89                       ; neorv32_top:neorv32_top_inst|neorv32_cache:\core_complex_gen:0:neorv32_icache_enabled:neorv32_icache_inst|neorv32_cache_ram:neorv32_cache_ram_inst|neorv32_prim_spram:tag_ram_inst|rdata[14]                                      ; 0.056             ;
; neorv32_top:neorv32_top_inst|neorv32_cache:\core_complex_gen:0:neorv32_icache_enabled:neorv32_icache_inst|ctrl.idx[1]                                                                                             ; neorv32_top:neorv32_top_inst|neorv32_cache:\core_complex_gen:0:neorv32_icache_enabled:neorv32_icache_inst|ctrl.state.S_IDLE                                                                                                       ; 0.051             ;
; wb_tpu_accel:wb_tpu_inst|tpu_accel:u_tpu|w_addr_col[0]                                                                                                                                                            ; wb_tpu_accel:wb_tpu_inst|tpu_accel:u_tpu|sa_w_col_sel[0]                                                                                                                                                                          ; 0.040             ;
; neorv32_top:neorv32_top_inst|neorv32_cpu:\core_complex_gen:0:neorv32_cpu_inst|neorv32_cpu_alu:neorv32_cpu_alu_inst|neorv32_cpu_alu_muldiv:\neorv32_cpu_alu_muldiv_enabled:neorv32_cpu_alu_muldiv_inst|mul.res[34] ; neorv32_top:neorv32_top_inst|neorv32_cpu:\core_complex_gen:0:neorv32_cpu_inst|neorv32_cpu_alu:neorv32_cpu_alu_inst|neorv32_cpu_alu_muldiv:\neorv32_cpu_alu_muldiv_enabled:neorv32_cpu_alu_muldiv_inst|mul.res[33]                 ; 0.040             ;
; neorv32_top:neorv32_top_inst|neorv32_gpio:\io_system:neorv32_gpio_enabled:neorv32_gpio_inst|port_out[2]                                                                                                           ; neorv32_top:neorv32_top_inst|neorv32_gpio:\io_system:neorv32_gpio_enabled:neorv32_gpio_inst|bus_rsp_o.data[2]                                                                                                                     ; 0.039             ;
; neorv32_top:neorv32_top_inst|neorv32_sysinfo:\io_system:neorv32_sysinfo_inst|sysinfo[0][4]                                                                                                                        ; neorv32_top:neorv32_top_inst|neorv32_sysinfo:\io_system:neorv32_sysinfo_inst|bus_rsp_o.data[4]                                                                                                                                    ; 0.039             ;
; neorv32_top:neorv32_top_inst|neorv32_gpio:\io_system:neorv32_gpio_enabled:neorv32_gpio_inst|port_out[1]                                                                                                           ; neorv32_top:neorv32_top_inst|neorv32_gpio:\io_system:neorv32_gpio_enabled:neorv32_gpio_inst|bus_rsp_o.data[1]                                                                                                                     ; 0.039             ;
; neorv32_top:neorv32_top_inst|neorv32_uart:\io_system:neorv32_uart0_enabled:neorv32_uart0_inst|ctrl.irq_tx_empty                                                                                                   ; neorv32_top:neorv32_top_inst|neorv32_uart:\io_system:neorv32_uart0_enabled:neorv32_uart0_inst|bus_rsp_o.data[22]                                                                                                                  ; 0.039             ;
; neorv32_top:neorv32_top_inst|neorv32_cpu:\core_complex_gen:0:neorv32_cpu_inst|neorv32_cpu_alu:neorv32_cpu_alu_inst|neorv32_cpu_alu_muldiv:\neorv32_cpu_alu_muldiv_enabled:neorv32_cpu_alu_muldiv_inst|mul.res[60] ; neorv32_top:neorv32_top_inst|neorv32_cpu:\core_complex_gen:0:neorv32_cpu_inst|neorv32_cpu_alu:neorv32_cpu_alu_inst|neorv32_cpu_alu_muldiv:\neorv32_cpu_alu_muldiv_enabled:neorv32_cpu_alu_muldiv_inst|mul.res[59]                 ; 0.039             ;
; neorv32_top:neorv32_top_inst|neorv32_cpu:\core_complex_gen:0:neorv32_cpu_inst|neorv32_cpu_alu:neorv32_cpu_alu_inst|neorv32_cpu_alu_muldiv:\neorv32_cpu_alu_muldiv_enabled:neorv32_cpu_alu_muldiv_inst|mul.res[43] ; neorv32_top:neorv32_top_inst|neorv32_cpu:\core_complex_gen:0:neorv32_cpu_inst|neorv32_cpu_alu:neorv32_cpu_alu_inst|neorv32_cpu_alu_muldiv:\neorv32_cpu_alu_muldiv_enabled:neorv32_cpu_alu_muldiv_inst|mul.res[42]                 ; 0.039             ;
; neorv32_top:neorv32_top_inst|neorv32_sysinfo:\io_system:neorv32_sysinfo_inst|sysinfo[0][6]                                                                                                                        ; neorv32_top:neorv32_top_inst|neorv32_sysinfo:\io_system:neorv32_sysinfo_inst|bus_rsp_o.data[6]                                                                                                                                    ; 0.039             ;
; neorv32_top:neorv32_top_inst|neorv32_uart:\io_system:neorv32_uart0_enabled:neorv32_uart0_inst|ctrl.irq_rx_nempty                                                                                                  ; neorv32_top:neorv32_top_inst|neorv32_uart:\io_system:neorv32_uart0_enabled:neorv32_uart0_inst|bus_rsp_o.data[20]                                                                                                                  ; 0.039             ;
; neorv32_top:neorv32_top_inst|neorv32_cpu:\core_complex_gen:0:neorv32_cpu_inst|neorv32_cpu_control:neorv32_cpu_control_inst|csr.mtvec[31]                                                                          ; neorv32_top:neorv32_top_inst|neorv32_cpu:\core_complex_gen:0:neorv32_cpu_inst|neorv32_cpu_control:neorv32_cpu_control_inst|exec.pc2[31]                                                                                           ; 0.033             ;
+-------------------------------------------------------------------------------------------------------------------------------------------------------------------------------------------------------------------+-----------------------------------------------------------------------------------------------------------------------------------------------------------------------------------------------------------------------------------+-------------------+
Note: This table only shows the top 78 path(s) that have the largest delay added for hold.


+-----------------+
; Fitter Messages ;
+-----------------+
Info (16303): High Performance Effort optimization mode selected -- timing performance will be prioritized at the potential cost of increased compilation time
    Info (16304): Mode behavior is affected by advanced setting Physical Synthesis Effort Level (default for this mode is Normal)
Info (20030): Parallel compilation is enabled and will use 10 of the 10 processors detected
Info (119006): Selected device EP4CE10F17C8 for design "neorv32_tpu"
Info (21077): Low junction temperature is 0 degrees C
Info (21077): High junction temperature is 85 degrees C
Info (171004): Fitter is performing a Standard Fit compilation using maximum Fitter effort to optimize design performance
Warning (292013): Feature LogicLock is only available with a valid subscription license. You can purchase a software subscription to gain full access to this feature.
Info (176444): Device migration not selected. If you intend to use device migration later, you may need to change the pin assignments as they may be incompatible with other devices
    Info (176445): Device EP4CE6F17C8 is compatible
    Info (176445): Device EP4CE15F17C8 is compatible
    Info (176445): Device EP4CE22F17C8 is compatible
Info (169124): Fitter converted 4 user pins into dedicated programming pins
    Info (169125): Pin ~ALTERA_ASDO_DATA1~ is reserved at location C1
    Info (169125): Pin ~ALTERA_FLASH_nCE_nCSO~ is reserved at location D2
    Info (169125): Pin ~ALTERA_DCLK~ is reserved at location H1
    Info (169125): Pin ~ALTERA_DATA0~ is reserved at location H2
Warning (15714): Some pins have incomplete I/O assignments. Refer to the I/O Assignment Warnings report for details
Info (176045): Design uses memory blocks. Violating setup or hold times of memory block address registers for either read or write operations could cause memory contents to be corrupted. Make sure that all memory block address registers meet the setup and hold time requirements.
Info (332104): Reading SDC File: 'neorv32_tpu.sdc'
Critical Warning (332168): The following clock transfers have no clock uncertainty assignment. For more accurate results, apply clock uncertainty assignments or use the derive_clock_uncertainty command.
    Critical Warning (332169): From CLOCK (Rise) to CLOCK (Rise) (setup and hold)
    Critical Warning (332169): From S_CLK (Rise) to CLOCK (Rise) (setup and hold)
    Critical Warning (332169): From CLOCK (Rise) to S_CLK (Rise) (setup and hold)
    Critical Warning (332169): From CLOCK (Fall) to S_CLK (Rise) (setup and hold)
Info (332129): Detected timing requirements -- optimizing circuit to achieve only the specified requirements
Info (332111): Found 2 clocks
    Info (332111):   Period   Clock Name
    Info (332111): ======== ============
    Info (332111):   20.000        CLOCK
    Info (332111):   20.000        S_CLK
Info (176353): Automatically promoted node CLOCK~input (placed in PIN E1 (CLK1, DIFFCLK_0n)) File: /home/test/neorv32_tpu/rtl/ax301_top.vhd Line: 28
    Info (176355): Automatically promoted destinations to use location or clock signal Global Clock CLKCTRL_G2
    Info (176356): Following destination nodes may be non-global or may not use global or regional clocks
        Info (176357): Destination node S_CLK~output File: /home/test/neorv32_tpu/rtl/ax301_top.vhd Line: 36
Info (176353): Automatically promoted node neorv32_top:neorv32_top_inst|neorv32_sys_reset:\soc_generators:neorv32_sys_reset_inst|rstn_sys_o  File: /home/test/neorv32_tpu/neorv32/rtl/core/neorv32_sys.vhd Line: 27
    Info (176355): Automatically promoted destinations to use location or clock signal Global Clock
Info (176353): Automatically promoted node rstn_int  File: /home/test/neorv32_tpu/rtl/ax301_top.vhd Line: 57
    Info (176355): Automatically promoted destinations to use location or clock signal Global Clock
    Info (176356): Following destination nodes may be non-global or may not use global or regional clocks
        Info (176357): Destination node por_cnt[2] File: /home/test/neorv32_tpu/rtl/ax301_top.vhd Line: 143
        Info (176357): Destination node por_cnt[1] File: /home/test/neorv32_tpu/rtl/ax301_top.vhd Line: 143
        Info (176357): Destination node por_cnt[0] File: /home/test/neorv32_tpu/rtl/ax301_top.vhd Line: 143
        Info (176357): Destination node wb_tpu_accel:wb_tpu_inst|tpu_accel:u_tpu|sa_w_col_sel[1]~3 File: /home/test/neorv32_tpu/rtl/tpu_accel.v Line: 121
        Info (176357): Destination node wb_tpu_accel:wb_tpu_inst|tpu_accel:u_tpu|sa_w_row_sel[1]~1 File: /home/test/neorv32_tpu/rtl/tpu_accel.v Line: 121
Info (176233): Starting register packing
Warning (176251): Ignoring some wildcard destinations of fast I/O register assignments
    Info (176252): Wildcard assignment "Fast Output Register=ON" to "S_*" matches multiple destination nodes -- some destinations are not valid targets for this assignment
Info (176235): Finished register packing
    Extra Info (176218): Packed 120 registers into blocks of type Embedded multiplier block
    Extra Info (176218): Packed 16 registers into blocks of type I/O Input Buffer
    Extra Info (176218): Packed 37 registers into blocks of type I/O Output Buffer
    Extra Info (176220): Created 23 register duplicates
Info (128000): Starting physical synthesis optimizations for speed
Info (128001): Physical synthesis optimizations for speed complete: elapsed time is 00:00:01
Info (171121): Fitter preparation operations ending: elapsed time is 00:00:04
Info (14896): Fitter has disabled Advanced Physical Optimization because it is not supported for the current family.
Info (170189): Fitter placement preparation operations beginning
Info (170190): Fitter placement preparation operations ending: elapsed time is 00:00:01
Info (170191): Fitter placement operations beginning
Info (170137): Fitter placement was successful
Info (170192): Fitter placement operations ending: elapsed time is 00:00:15
Info (170193): Fitter routing operations beginning
Info (170195): Router estimated average interconnect usage is 16% of the available device resources
    Info (170196): Router estimated peak interconnect usage is 26% of the available device resources in the region that extends from location X11_Y0 to location X22_Y11
Info (170194): Fitter routing operations ending: elapsed time is 00:00:06
Info (11888): Total time spent on timing analysis during the Fitter is 3.54 seconds.
Info (334003): Started post-fitting delay annotation
Info (334004): Delay annotation completed successfully
Info (334003): Started post-fitting delay annotation
Info (334004): Delay annotation completed successfully
Info (11218): Fitter post-fit operations ending: elapsed time is 00:00:03
Warning (169177): 20 pins must meet Intel FPGA requirements for 3.3-, 3.0-, and 2.5-V interfaces. For more information, refer to AN 447: Interfacing Cyclone IV E Devices with 3.3/3.0/2.5-V LVTTL/LVCMOS I/O Systems.
    Info (169178): Pin S_DB[0] uses I/O standard 3.3-V LVTTL at R5 File: /home/test/neorv32_tpu/rtl/ax301_top.vhd Line: 45
    Info (169178): Pin S_DB[1] uses I/O standard 3.3-V LVTTL at T4 File: /home/test/neorv32_tpu/rtl/ax301_top.vhd Line: 45
    Info (169178): Pin S_DB[2] uses I/O standard 3.3-V LVTTL at T3 File: /home/test/neorv32_tpu/rtl/ax301_top.vhd Line: 45
    Info (169178): Pin S_DB[3] uses I/O standard 3.3-V LVTTL at R3 File: /home/test/neorv32_tpu/rtl/ax301_top.vhd Line: 45
    Info (169178): Pin S_DB[4] uses I/O standard 3.3-V LVTTL at T2 File: /home/test/neorv32_tpu/rtl/ax301_top.vhd Line: 45
    Info (169178): Pin S_DB[5] uses I/O standard 3.3-V LVTTL at R1 File: /home/test/neorv32_tpu/rtl/ax301_top.vhd Line: 45
    Info (169178): Pin S_DB[6] uses I/O standard 3.3-V LVTTL at P2 File: /home/test/neorv32_tpu/rtl/ax301_top.vhd Line: 45
    Info (169178): Pin S_DB[7] uses I/O standard 3.3-V LVTTL at P1 File: /home/test/neorv32_tpu/rtl/ax301_top.vhd Line: 45
    Info (169178): Pin S_DB[8] uses I/O standard 3.3-V LVTTL at R13 File: /home/test/neorv32_tpu/rtl/ax301_top.vhd Line: 45
    Info (169178): Pin S_DB[9] uses I/O standard 3.3-V LVTTL at T13 File: /home/test/neorv32_tpu/rtl/ax301_top.vhd Line: 45
    Info (169178): Pin S_DB[10] uses I/O standard 3.3-V LVTTL at R12 File: /home/test/neorv32_tpu/rtl/ax301_top.vhd Line: 45
    Info (169178): Pin S_DB[11] uses I/O standard 3.3-V LVTTL at T12 File: /home/test/neorv32_tpu/rtl/ax301_top.vhd Line: 45
    Info (169178): Pin S_DB[12] uses I/O standard 3.3-V LVTTL at T10 File: /home/test/neorv32_tpu/rtl/ax301_top.vhd Line: 45
    Info (169178): Pin S_DB[13] uses I/O standard 3.3-V LVTTL at R10 File: /home/test/neorv32_tpu/rtl/ax301_top.vhd Line: 45
    Info (169178): Pin S_DB[14] uses I/O standard 3.3-V LVTTL at T11 File: /home/test/neorv32_tpu/rtl/ax301_top.vhd Line: 45
    Info (169178): Pin S_DB[15] uses I/O standard 3.3-V LVTTL at R11 File: /home/test/neorv32_tpu/rtl/ax301_top.vhd Line: 45
    Info (169178): Pin CLOCK uses I/O standard 3.3-V LVTTL at E1 File: /home/test/neorv32_tpu/rtl/ax301_top.vhd Line: 28
    Info (169178): Pin KEY2 uses I/O standard 3.3-V LVTTL at E16 File: /home/test/neorv32_tpu/rtl/ax301_top.vhd Line: 29
    Info (169178): Pin SD_DO uses I/O standard 3.3-V LVTTL at J16 File: /home/test/neorv32_tpu/rtl/ax301_top.vhd Line: 49
    Info (169178): Pin RXD uses I/O standard 3.3-V LVTTL at M2 File: /home/test/neorv32_tpu/rtl/ax301_top.vhd Line: 31
Info (144001): Generated suppressed messages file /home/test/neorv32_tpu/quartus/neorv32_tpu.fit.smsg
Info: Quartus Prime Fitter was successful. 0 errors, 9 warnings
    Info: Peak virtual memory: 1577 megabytes
    Info: Processing ended: Wed May 20 19:36:19 2026
    Info: Elapsed time: 00:00:32
    Info: Total CPU time (on all processors): 00:01:11


+----------------------------+
; Fitter Suppressed Messages ;
+----------------------------+
The suppressed messages can be found in /home/test/neorv32_tpu/quartus/neorv32_tpu.fit.smsg.


